merchant_match,amount_ratio,recurring_mismatch,action_count,decision_change_count,has_redirect,has_alternative,has_reassessment,service_addition_count,authorization_without_confirmation,unusual_action_count,label,attack_type
1,0.8353,0,7,0,0,0,0,0,0,0,0,legitimate
1,0.938,0,9,1,0,0,0,2,0,2,0,legitimate
0,1.5,1,7,1,1,0,0,1,1,3,1,merchant_substitution
0,1.5,1,7,1,1,0,0,1,1,3,1,merchant_substitution
0,1.5,1,7,1,1,0,0,1,1,3,1,merchant_substitution
0,1.5,1,7,1,1,0,0,1,1,3,1,merchant_substitution
1,0.9435,0,7,0,0,0,0,0,0,0,0,legitimate
1,0.6658,0,7,0,0,0,0,0,0,0,0,legitimate
0,1.5,1,7,1,1,0,0,1,1,3,1,merchant_substitution
0,1.5,1,7,1,1,0,0,1,1,3,1,merchant_substitution
0,1.5,1,7,1,1,0,0,1,1,3,1,merchant_substitution
1,0.8036,0,7,0,0,0,0,0,0,0,0,legitimate
1,0.999,0,7,2,0,1,1,0,1,3,1,subtle_intent_drift
1,0.6,0,7,0,0,0,0,0,0,0,0,legitimate
1,0.728,0,7,0,0,0,0,0,0,0,0,legitimate
0,1.5,1,7,1,1,0,0,1,1,3,1,merchant_substitution
0,1.5,1,7,1,1,0,0,1,1,3,1,merchant_substitution
1,0.7811,0,7,0,0,0,0,0,0,0,0,legitimate
1,0.7314,0,7,0,0,0,0,0,0,0,0,legitimate
0,1.5,1,7,1,1,0,0,1,1,3,1,merchant_substitution
1,0.9671,0,7,0,0,0,0,0,0,0,0,legitimate
1,0.999,0,7,2,0,1,1,0,1,3,1,subtle_intent_drift
1,0.5798,0,7,0,0,0,0,0,0,0,0,legitimate
1,0.999,0,7,2,0,1,1,0,1,3,1,subtle_intent_drift
1,0.999,0,7,2,0,1,1,0,1,3,1,subtle_intent_drift
0,1.5,1,7,1,1,0,0,1,1,3,1,merchant_substitution
1,0.8768,0,7,0,0,0,0,0,0,0,0,legitimate
1,0.999,0,7,2,0,1,1,0,1,3,1,subtle_intent_drift
0,1.5,1,7,1,1,0,0,1,1,3,1,merchant_substitution
1,0.5123,0,9,1,0,0,0,2,0,2,0,legitimate
1,0.9402,0,7,0,0,0,0,0,0,0,0,legitimate
1,0.8919,0,7,0,0,0,0,0,0,0,0,legitimate
1,0.5951,0,9,1,0,0,0,2,0,2,0,legitimate
1,0.999,0,7,2,0,1,1,0,1,3,1,subtle_intent_drift
1,0.604,0,7,0,0,0,0,0,0,0,0,legitimate
1,0.999,0,7,2,0,1,1,0,1,3,1,subtle_intent_drift
1,0.714,0,7,0,0,0,0,0,0,0,0,legitimate
1,0.9385,0,7,0,0,0,0,0,0,0,0,legitimate
0,1.5,1,7,1,1,0,0,1,1,3,1,merchant_substitution
0,1.5,1,7,1,1,0,0,1,1,3,1,merchant_substitution
0,1.5,1,7,1,1,0,0,1,1,3,1,merchant_substitution
1,0.887,0,9,1,0,0,0,2,0,2,0,legitimate
1,0.7411,0,7,0,0,0,0,0,0,0,0,legitimate
1,0.999,0,7,2,0,1,1,0,1,3,1,subtle_intent_drift
1,0.9705,0,9,1,0,0,0,2,0,2,0,legitimate
1,0.6446,0,9,1,0,0,0,2,0,2,0,legitimate
0,1.5,1,7,1,1,0,0,1,1,3,1,merchant_substitution
1,0.7378,0,7,0,0,0,0,0,0,0,0,legitimate
1,0.7419,0,7,0,0,0,0,0,0,0,0,legitimate
1,0.999,0,7,2,0,1,1,0,1,3,1,subtle_intent_drift
1,0.7963,0,7,0,0,0,0,0,0,0,0,legitimate
1,0.5554,0,9,1,0,0,0,2,0,2,0,legitimate
0,1.5,1,7,1,1,0,0,1,1,3,1,merchant_substitution
0,1.5,1,7,1,1,0,0,1,1,3,1,merchant_substitution
1,0.8379,0,7,0,0,0,0,0,0,0,0,legitimate
0,1.5,1,7,1,1,0,0,1,1,3,1,merchant_substitution
1,0.6653,0,7,0,0,0,0,0,0,0,0,legitimate
1,0.5736,0,7,0,0,0,0,0,0,0,0,legitimate
1,0.5708,0,7,0,0,0,0,0,0,0,0,legitimate
1,0.999,0,7,2,0,1,1,0,1,3,1,subtle_intent_drift
1,0.8951,0,9,1,0,0,0,2,0,2,0,legitimate
0,1.5,1,7,1,1,0,0,1,1,3,1,merchant_substitution
1,0.9778,0,7,0,0,0,0,0,0,0,0,legitimate
0,1.5,1,7,1,1,0,0,1,1,3,1,merchant_substitution
1,0.9104,0,7,0,0,0,0,0,0,0,0,legitimate
0,1.5,1,7,1,1,0,0,1,1,3,1,merchant_substitution
0,1.5,1,7,1,1,0,0,1,1,3,1,merchant_substitution
1,0.6898,0,9,1,0,0,0,2,0,2,0,legitimate
0,1.5,1,7,1,1,0,0,1,1,3,1,merchant_substitution
1,0.999,0,7,2,0,1,1,0,1,3,1,subtle_intent_drift
0,1.5,1,7,1,1,0,0,1,1,3,1,merchant_substitution
1,0.999,0,7,2,0,1,1,0,1,3,1,subtle_intent_drift
1,0.9676,0,9,1,0,0,0,2,0,2,0,legitimate
0,1.5,1,7,1,1,0,0,1,1,3,1,merchant_substitution
1,0.999,0,7,2,0,1,1,0,1,3,1,subtle_intent_drift
1,0.999,0,7,2,0,1,1,0,1,3,1,subtle_intent_drift
1,0.7041,0,9,1,0,0,0,2,0,2,0,legitimate
1,0.9255,0,7,0,0,0,0,0,0,0,0,legitimate
1,0.8568,0,9,1,0,0,0,2,0,2,0,legitimate
0,1.5,1,7,1,1,0,0,1,1,3,1,merchant_substitution
1,0.8256,0,7,0,0,0,0,0,0,0,0,legitimate
0,1.5,1,7,1,1,0,0,1,1,3,1,merchant_substitution
1,0.5347,0,9,1,0,0,0,2,0,2,0,legitimate
1,0.5816,0,7,0,0,0,0,0,0,0,0,legitimate
1,0.7486,0,9,1,0,0,0,2,0,2,0,legitimate
1,0.999,0,7,2,0,1,1,0,1,3,1,subtle_intent_drift
1,0.9442,0,9,1,0,0,0,2,0,2,0,legitimate
1,0.7369,0,9,1,0,0,0,2,0,2,0,legitimate
1,0.5218,0,9,1,0,0,0,2,0,2,0,legitimate
0,1.5,1,7,1,1,0,0,1,1,3,1,merchant_substitution
1,0.812,0,7,0,0,0,0,0,0,0,0,legitimate
1,0.5618,0,7,0,0,0,0,0,0,0,0,legitimate
1,0.8867,0,9,1,0,0,0,2,0,2,0,legitimate
1,0.9369,0,7,0,0,0,0,0,0,0,0,legitimate
1,0.918,0,7,0,0,0,0,0,0,0,0,legitimate
1,0.541,0,9,1,0,0,0,2,0,2,0,legitimate
1,0.999,0,7,2,0,1,1,0,1,3,1,subtle_intent_drift
1,0.671,0,9,1,0,0,0,2,0,2,0,legitimate
1,0.999,0,7,2,0,1,1,0,1,3,1,subtle_intent_drift
1,0.6994,0,7,0,0,0,0,0,0,0,0,legitimate
1,0.7247,0,7,0,0,0,0,0,0,0,0,legitimate
1,0.9554,0,7,0,0,0,0,0,0,0,0,legitimate
1,0.999,0,7,2,0,1,1,0,1,3,1,subtle_intent_drift
1,0.999,0,7,2,0,1,1,0,1,3,1,subtle_intent_drift
1,0.5267,0,7,0,0,0,0,0,0,0,0,legitimate
1,0.866,0,7,0,0,0,0,0,0,0,0,legitimate
0,1.5,1,7,1,1,0,0,1,1,3,1,merchant_substitution
0,1.5,1,7,1,1,0,0,1,1,3,1,merchant_substitution
1,0.5317,0,9,1,0,0,0,2,0,2,0,legitimate
1,0.999,0,7,2,0,1,1,0,1,3,1,subtle_intent_drift
1,0.999,0,7,2,0,1,1,0,1,3,1,subtle_intent_drift
1,0.9485,0,7,0,0,0,0,0,0,0,0,legitimate
1,0.9209,0,7,0,0,0,0,0,0,0,0,legitimate
1,0.5259,0,9,1,0,0,0,2,0,2,0,legitimate
0,1.5,1,7,1,1,0,0,1,1,3,1,merchant_substitution
1,0.999,0,7,2,0,1,1,0,1,3,1,subtle_intent_drift
1,0.999,0,7,2,0,1,1,0,1,3,1,subtle_intent_drift
1,0.8969,0,7,0,0,0,0,0,0,0,0,legitimate
1,0.999,0,7,2,0,1,1,0,1,3,1,subtle_intent_drift
1,0.999,0,7,2,0,1,1,0,1,3,1,subtle_intent_drift
1,0.8487,0,9,1,0,0,0,2,0,2,0,legitimate
1,0.999,0,7,2,0,1,1,0,1,3,1,subtle_intent_drift
1,0.6297,0,7,0,0,0,0,0,0,0,0,legitimate
1,0.999,0,7,2,0,1,1,0,1,3,1,subtle_intent_drift
1,0.8675,0,7,0,0,0,0,0,0,0,0,legitimate
0,1.5,1,7,1,1,0,0,1,1,3,1,merchant_substitution
1,0.9316,0,9,1,0,0,0,2,0,2,0,legitimate
0,1.5,1,7,1,1,0,0,1,1,3,1,merchant_substitution
0,1.5,1,7,1,1,0,0,1,1,3,1,merchant_substitution
0,1.5,1,7,1,1,0,0,1,1,3,1,merchant_substitution
0,1.5,1,7,1,1,0,0,1,1,3,1,merchant_substitution
1,0.999,0,7,2,0,1,1,0,1,3,1,subtle_intent_drift
1,0.6857,0,7,0,0,0,0,0,0,0,0,legitimate
1,0.7646,0,9,1,0,0,0,2,0,2,0,legitimate
0,1.5,1,7,1,1,0,0,1,1,3,1,merchant_substitution
1,0.999,0,7,2,0,1,1,0,1,3,1,subtle_intent_drift
1,0.999,0,7,2,0,1,1,0,1,3,1,subtle_intent_drift
1,0.9744,0,7,0,0,0,0,0,0,0,0,legitimate
1,0.5843,0,7,0,0,0,0,0,0,0,0,legitimate
1,0.999,0,7,2,0,1,1,0,1,3,1,subtle_intent_drift
1,0.7714,0,7,0,0,0,0,0,0,0,0,legitimate
1,0.999,0,7,2,0,1,1,0,1,3,1,subtle_intent_drift
0,1.5,1,7,1,1,0,0,1,1,3,1,merchant_substitution
1,0.7799,0,9,1,0,0,0,2,0,2,0,legitimate
1,0.999,0,7,2,0,1,1,0,1,3,1,subtle_intent_drift
1,0.999,0,7,2,0,1,1,0,1,3,1,subtle_intent_drift
1,0.999,0,7,2,0,1,1,0,1,3,1,subtle_intent_drift
1,0.7323,0,7,0,0,0,0,0,0,0,0,legitimate
1,0.9342,0,7,0,0,0,0,0,0,0,0,legitimate
1,0.5685,0,7,0,0,0,0,0,0,0,0,legitimate
1,0.999,0,7,2,0,1,1,0,1,3,1,subtle_intent_drift
1,0.999,0,7,2,0,1,1,0,1,3,1,subtle_intent_drift
1,0.7758,0,7,0,0,0,0,0,0,0,0,legitimate
1,0.999,0,7,2,0,1,1,0,1,3,1,subtle_intent_drift
0,1.5,1,7,1,1,0,0,1,1,3,1,merchant_substitution
0,1.5,1,7,1,1,0,0,1,1,3,1,merchant_substitution
0,1.5,1,7,1,1,0,0,1,1,3,1,merchant_substitution
1,0.9636,0,7,0,0,0,0,0,0,0,0,legitimate
0,1.5,1,7,1,1,0,0,1,1,3,1,merchant_substitution
0,1.5,1,7,1,1,0,0,1,1,3,1,merchant_substitution
1,0.7088,0,7,0,0,0,0,0,0,0,0,legitimate
1,0.5524,0,7,0,0,0,0,0,0,0,0,legitimate
1,0.8433,0,7,0,0,0,0,0,0,0,0,legitimate
0,1.5,1,7,1,1,0,0,1,1,3,1,merchant_substitution
1,0.999,0,7,2,0,1,1,0,1,3,1,subtle_intent_drift
1,0.9383,0,7,0,0,0,0,0,0,0,0,legitimate
0,1.5,1,7,1,1,0,0,1,1,3,1,merchant_substitution
1,0.999,0,7,2,0,1,1,0,1,3,1,subtle_intent_drift
1,0.9131,0,7,0,0,0,0,0,0,0,0,legitimate
0,1.5,1,7,1,1,0,0,1,1,3,1,merchant_substitution
0,1.5,1,7,1,1,0,0,1,1,3,1,merchant_substitution
1,0.999,0,7,2,0,1,1,0,1,3,1,subtle_intent_drift
0,1.5,1,7,1,1,0,0,1,1,3,1,merchant_substitution
0,1.5,1,7,1,1,0,0,1,1,3,1,merchant_substitution
1,0.999,0,7,2,0,1,1,0,1,3,1,subtle_intent_drift
1,0.7738,0,9,1,0,0,0,2,0,2,0,legitimate
1,0.859,0,7,0,0,0,0,0,0,0,0,legitimate
1,0.999,0,7,2,0,1,1,0,1,3,1,subtle_intent_drift
0,1.5,1,7,1,1,0,0,1,1,3,1,merchant_substitution
1,0.9178,0,9,1,0,0,0,2,0,2,0,legitimate
1,0.5793,0,7,0,0,0,0,0,0,0,0,legitimate
1,0.999,0,7,2,0,1,1,0,1,3,1,subtle_intent_drift
1,0.999,0,7,2,0,1,1,0,1,3,1,subtle_intent_drift
1,0.8598,0,9,1,0,0,0,2,0,2,0,legitimate
1,0.999,0,7,2,0,1,1,0,1,3,1,subtle_intent_drift
1,0.999,0,7,2,0,1,1,0,1,3,1,subtle_intent_drift
0,1.5,1,7,1,1,0,0,1,1,3,1,merchant_substitution
1,0.7748,0,9,1,0,0,0,2,0,2,0,legitimate
1,0.999,0,7,2,0,1,1,0,1,3,1,subtle_intent_drift
1,0.999,0,7,2,0,1,1,0,1,3,1,subtle_intent_drift
1,0.5412,0,9,1,0,0,0,2,0,2,0,legitimate
1,0.999,0,7,2,0,1,1,0,1,3,1,subtle_intent_drift
0,1.5,1,7,1,1,0,0,1,1,3,1,merchant_substitution
1,0.9269,0,7,0,0,0,0,0,0,0,0,legitimate
1,0.999,0,7,2,0,1,1,0,1,3,1,subtle_intent_drift
0,1.5,1,7,1,1,0,0,1,1,3,1,merchant_substitution
0,1.5,1,7,1,1,0,0,1,1,3,1,merchant_substitution
1,0.999,0,7,2,0,1,1,0,1,3,1,subtle_intent_drift
1,0.9384,0,7,0,0,0,0,0,0,0,0,legitimate
1,0.6485,0,9,1,0,0,0,2,0,2,0,legitimate
1,0.8908,0,7,0,0,0,0,0,0,0,0,legitimate
1,0.999,0,7,2,0,1,1,0,1,3,1,subtle_intent_drift
0,1.5,1,7,1,1,0,0,1,1,3,1,merchant_substitution
0,1.5,1,7,1,1,0,0,1,1,3,1,merchant_substitution
1,0.8856,0,7,0,0,0,0,0,0,0,0,legitimate
1,0.5841,0,7,0,0,0,0,0,0,0,0,legitimate
0,1.5,1,7,1,1,0,0,1,1,3,1,merchant_substitution
1,0.8706,0,7,0,0,0,0,0,0,0,0,legitimate
1,0.5496,0,7,0,0,0,0,0,0,0,0,legitimate
1,0.6931,0,7,0,0,0,0,0,0,0,0,legitimate
1,0.5141,0,9,1,0,0,0,2,0,2,0,legitimate
0,1.5,1,7,1,1,0,0,1,1,3,1,merchant_substitution
1,0.999,0,7,2,0,1,1,0,1,3,1,subtle_intent_drift
1,0.999,0,7,2,0,1,1,0,1,3,1,subtle_intent_drift
1,0.8958,0,7,0,0,0,0,0,0,0,0,legitimate
1,0.6253,0,9,1,0,0,0,2,0,2,0,legitimate
1,0.999,0,7,2,0,1,1,0,1,3,1,subtle_intent_drift
1,0.8493,0,9,1,0,0,0,2,0,2,0,legitimate
1,0.999,0,7,2,0,1,1,0,1,3,1,subtle_intent_drift
0,1.5,1,7,1,1,0,0,1,1,3,1,merchant_substitution
1,0.5029,0,7,0,0,0,0,0,0,0,0,legitimate
0,1.5,1,7,1,1,0,0,1,1,3,1,merchant_substitution
1,0.7899,0,7,0,0,0,0,0,0,0,0,legitimate
1,0.8478,0,7,0,0,0,0,0,0,0,0,legitimate
1,0.5133,0,7,0,0,0,0,0,0,0,0,legitimate
1,0.999,0,7,2,0,1,1,0,1,3,1,subtle_intent_drift
0,1.5,1,7,1,1,0,0,1,1,3,1,merchant_substitution
1,0.999,0,7,2,0,1,1,0,1,3,1,subtle_intent_drift
1,0.8235,0,7,0,0,0,0,0,0,0,0,legitimate
1,0.999,0,7,2,0,1,1,0,1,3,1,subtle_intent_drift
1,0.999,0,7,2,0,1,1,0,1,3,1,subtle_intent_drift
1,0.999,0,7,2,0,1,1,0,1,3,1,subtle_intent_drift
1,0.5305,0,7,0,0,0,0,0,0,0,0,legitimate
1,0.9423,0,7,0,0,0,0,0,0,0,0,legitimate
1,0.999,0,7,2,0,1,1,0,1,3,1,subtle_intent_drift
1,0.9482,0,7,0,0,0,0,0,0,0,0,legitimate
1,0.6207,0,7,0,0,0,0,0,0,0,0,legitimate
1,0.865,0,7,0,0,0,0,0,0,0,0,legitimate
1,0.9656,0,7,0,0,0,0,0,0,0,0,legitimate
1,0.9029,0,9,1,0,0,0,2,0,2,0,legitimate
1,0.999,0,7,2,0,1,1,0,1,3,1,subtle_intent_drift
1,0.999,0,7,2,0,1,1,0,1,3,1,subtle_intent_drift
1,0.5465,0,9,1,0,0,0,2,0,2,0,legitimate
1,0.7242,0,7,0,0,0,0,0,0,0,0,legitimate
1,0.6749,0,7,0,0,0,0,0,0,0,0,legitimate
0,1.5,1,7,1,1,0,0,1,1,3,1,merchant_substitution
1,0.6693,0,7,0,0,0,0,0,0,0,0,legitimate
1,0.6812,0,9,1,0,0,0,2,0,2,0,legitimate
1,0.7893,0,7,0,0,0,0,0,0,0,0,legitimate
1,0.999,0,7,2,0,1,1,0,1,3,1,subtle_intent_drift
1,0.5843,0,7,0,0,0,0,0,0,0,0,legitimate
1,0.5656,0,9,1,0,0,0,2,0,2,0,legitimate
1,0.6802,0,9,1,0,0,0,2,0,2,0,legitimate
1,0.7538,0,9,1,0,0,0,2,0,2,0,legitimate
1,0.999,0,7,2,0,1,1,0,1,3,1,subtle_intent_drift
0,1.5,1,7,1,1,0,0,1,1,3,1,merchant_substitution
1,0.999,0,7,2,0,1,1,0,1,3,1,subtle_intent_drift
1,0.8881,0,7,0,0,0,0,0,0,0,0,legitimate
1,0.866,0,9,1,0,0,0,2,0,2,0,legitimate
1,0.999,0,7,2,0,1,1,0,1,3,1,subtle_intent_drift
0,1.5,1,7,1,1,0,0,1,1,3,1,merchant_substitution
0,1.5,1,7,1,1,0,0,1,1,3,1,merchant_substitution
1,0.8124,0,7,0,0,0,0,0,0,0,0,legitimate
1,0.7968,0,7,0,0,0,0,0,0,0,0,legitimate
1,0.7461,0,7,0,0,0,0,0,0,0,0,legitimate
1,0.6099,0,9,1,0,0,0,2,0,2,0,legitimate
0,1.5,1,7,1,1,0,0,1,1,3,1,merchant_substitution
0,1.5,1,7,1,1,0,0,1,1,3,1,merchant_substitution
0,1.5,1,7,1,1,0,0,1,1,3,1,merchant_substitution
1,0.999,0,7,2,0,1,1,0,1,3,1,subtle_intent_drift
0,1.5,1,7,1,1,0,0,1,1,3,1,merchant_substitution
1,0.5427,0,7,0,0,0,0,0,0,0,0,legitimate
1,0.999,0,7,2,0,1,1,0,1,3,1,subtle_intent_drift
1,0.8355,0,9,1,0,0,0,2,0,2,0,legitimate
1,0.9509,0,9,1,0,0,0,2,0,2,0,legitimate
0,1.5,1,7,1,1,0,0,1,1,3,1,merchant_substitution
0,1.5,1,7,1,1,0,0,1,1,3,1,merchant_substitution
0,1.5,1,7,1,1,0,0,1,1,3,1,merchant_substitution
1,0.6228,0,9,1,0,0,0,2,0,2,0,legitimate
0,1.5,1,7,1,1,0,0,1,1,3,1,merchant_substitution
0,1.5,1,7,1,1,0,0,1,1,3,1,merchant_substitution
1,0.5864,0,7,0,0,0,0,0,0,0,0,legitimate
1,0.7631,0,7,0,0,0,0,0,0,0,0,legitimate
0,1.5,1,7,1,1,0,0,1,1,3,1,merchant_substitution
1,0.5134,0,7,0,0,0,0,0,0,0,0,legitimate
1,0.7966,0,7,0,0,0,0,0,0,0,0,legitimate
1,0.9694,0,9,1,0,0,0,2,0,2,0,legitimate
1,0.6422,0,9,1,0,0,0,2,0,2,0,legitimate
1,0.6676,0,7,0,0,0,0,0,0,0,0,legitimate
1,0.999,0,7,2,0,1,1,0,1,3,1,subtle_intent_drift
1,0.999,0,7,2,0,1,1,0,1,3,1,subtle_intent_drift
1,0.6286,0,7,0,0,0,0,0,0,0,0,legitimate
1,0.8002,0,7,0,0,0,0,0,0,0,0,legitimate
1,0.999,0,7,2,0,1,1,0,1,3,1,subtle_intent_drift
0,1.5,1,7,1,1,0,0,1,1,3,1,merchant_substitution
1,0.6531,0,7,0,0,0,0,0,0,0,0,legitimate
1,0.6278,0,9,1,0,0,0,2,0,2,0,legitimate
0,1.5,1,7,1,1,0,0,1,1,3,1,merchant_substitution
1,0.8982,0,9,1,0,0,0,2,0,2,0,legitimate
1,0.999,0,7,2,0,1,1,0,1,3,1,subtle_intent_drift
1,0.999,0,7,2,0,1,1,0,1,3,1,subtle_intent_drift
1,0.8287,0,9,1,0,0,0,2,0,2,0,legitimate
1,0.999,0,7,2,0,1,1,0,1,3,1,subtle_intent_drift
1,0.7821,0,7,0,0,0,0,0,0,0,0,legitimate
1,0.999,0,7,2,0,1,1,0,1,3,1,subtle_intent_drift
1,0.7894,0,7,0,0,0,0,0,0,0,0,legitimate
1,0.999,0,7,2,0,1,1,0,1,3,1,subtle_intent_drift
1,0.5714,0,7,0,0,0,0,0,0,0,0,legitimate
1,0.6025,0,7,0,0,0,0,0,0,0,0,legitimate
1,0.8902,0,7,0,0,0,0,0,0,0,0,legitimate
0,1.5,1,7,1,1,0,0,1,1,3,1,merchant_substitution
0,1.5,1,7,1,1,0,0,1,1,3,1,merchant_substitution
0,1.5,1,7,1,1,0,0,1,1,3,1,merchant_substitution
1,0.999,0,7,2,0,1,1,0,1,3,1,subtle_intent_drift
1,0.5102,0,7,0,0,0,0,0,0,0,0,legitimate
1,0.6416,0,7,0,0,0,0,0,0,0,0,legitimate
1,0.5997,0,7,0,0,0,0,0,0,0,0,legitimate
1,0.8557,0,7,0,0,0,0,0,0,0,0,legitimate
1,0.7985,0,9,1,0,0,0,2,0,2,0,legitimate
1,0.5281,0,7,0,0,0,0,0,0,0,0,legitimate
1,0.7424,0,7,0,0,0,0,0,0,0,0,legitimate
1,0.9375,0,9,1,0,0,0,2,0,2,0,legitimate
1,0.999,0,7,2,0,1,1,0,1,3,1,subtle_intent_drift
1,0.999,0,7,2,0,1,1,0,1,3,1,subtle_intent_drift
1,0.5592,0,7,0,0,0,0,0,0,0,0,legitimate
1,0.999,0,7,2,0,1,1,0,1,3,1,subtle_intent_drift
1,0.5705,0,9,1,0,0,0,2,0,2,0,legitimate
1,0.9398,0,7,0,0,0,0,0,0,0,0,legitimate
0,1.5,1,7,1,1,0,0,1,1,3,1,merchant_substitution
1,0.999,0,7,2,0,1,1,0,1,3,1,subtle_intent_drift
1,0.999,0,7,2,0,1,1,0,1,3,1,subtle_intent_drift
1,0.5926,0,7,0,0,0,0,0,0,0,0,legitimate
1,0.7344,0,9,1,0,0,0,2,0,2,0,legitimate
0,1.5,1,7,1,1,0,0,1,1,3,1,merchant_substitution
0,1.5,1,7,1,1,0,0,1,1,3,1,merchant_substitution
1,0.6411,0,9,1,0,0,0,2,0,2,0,legitimate
1,0.7533,0,7,0,0,0,0,0,0,0,0,legitimate
1,0.9559,0,7,0,0,0,0,0,0,0,0,legitimate
0,1.5,1,7,1,1,0,0,1,1,3,1,merchant_substitution
1,0.702,0,9,1,0,0,0,2,0,2,0,legitimate
0,1.5,1,7,1,1,0,0,1,1,3,1,merchant_substitution
1,0.999,0,7,2,0,1,1,0,1,3,1,subtle_intent_drift
0,1.5,1,7,1,1,0,0,1,1,3,1,merchant_substitution
1,0.8279,0,9,1,0,0,0,2,0,2,0,legitimate
1,0.7658,0,7,0,0,0,0,0,0,0,0,legitimate
0,1.5,1,7,1,1,0,0,1,1,3,1,merchant_substitution
1,0.6853,0,7,0,0,0,0,0,0,0,0,legitimate
0,1.5,1,7,1,1,0,0,1,1,3,1,merchant_substitution
1,0.8508,0,7,0,0,0,0,0,0,0,0,legitimate
1,0.999,0,7,2,0,1,1,0,1,3,1,subtle_intent_drift
1,0.999,0,7,2,0,1,1,0,1,3,1,subtle_intent_drift
1,0.5925,0,7,0,0,0,0,0,0,0,0,legitimate
1,0.999,0,7,2,0,1,1,0,1,3,1,subtle_intent_drift
1,0.679,0,7,0,0,0,0,0,0,0,0,legitimate
1,0.8378,0,7,0,0,0,0,0,0,0,0,legitimate
1,0.6752,0,7,0,0,0,0,0,0,0,0,legitimate
1,0.584,0,9,1,0,0,0,2,0,2,0,legitimate
1,0.999,0,7,2,0,1,1,0,1,3,1,subtle_intent_drift
1,0.8364,0,7,0,0,0,0,0,0,0,0,legitimate
0,1.5,1,7,1,1,0,0,1,1,3,1,merchant_substitution
1,0.7183,0,7,0,0,0,0,0,0,0,0,legitimate
0,1.5,1,7,1,1,0,0,1,1,3,1,merchant_substitution
1,0.5668,0,7,0,0,0,0,0,0,0,0,legitimate
1,0.7219,0,9,1,0,0,0,2,0,2,0,legitimate
1,0.8364,0,7,0,0,0,0,0,0,0,0,legitimate
1,0.5171,0,9,1,0,0,0,2,0,2,0,legitimate
0,1.5,1,7,1,1,0,0,1,1,3,1,merchant_substitution
0,1.5,1,7,1,1,0,0,1,1,3,1,merchant_substitution
1,0.9509,0,7,0,0,0,0,0,0,0,0,legitimate
1,0.8468,0,7,0,0,0,0,0,0,0,0,legitimate
1,0.999,0,7,2,0,1,1,0,1,3,1,subtle_intent_drift
1,0.7052,0,9,1,0,0,0,2,0,2,0,legitimate
1,0.5309,0,7,0,0,0,0,0,0,0,0,legitimate
1,0.999,0,7,2,0,1,1,0,1,3,1,subtle_intent_drift
1,0.5757,0,9,1,0,0,0,2,0,2,0,legitimate
1,0.8617,0,7,0,0,0,0,0,0,0,0,legitimate
1,0.9606,0,9,1,0,0,0,2,0,2,0,legitimate
1,0.5349,0,9,1,0,0,0,2,0,2,0,legitimate
1,0.9157,0,7,0,0,0,0,0,0,0,0,legitimate
0,1.5,1,7,1,1,0,0,1,1,3,1,merchant_substitution
1,0.999,0,7,2,0,1,1,0,1,3,1,subtle_intent_drift
1,0.7952,0,7,0,0,0,0,0,0,0,0,legitimate
1,0.9076,0,7,0,0,0,0,0,0,0,0,legitimate
1,0.9353,0,7,0,0,0,0,0,0,0,0,legitimate
0,1.5,1,7,1,1,0,0,1,1,3,1,merchant_substitution
1,0.7278,0,7,0,0,0,0,0,0,0,0,legitimate
1,0.706,0,7,0,0,0,0,0,0,0,0,legitimate
0,1.5,1,7,1,1,0,0,1,1,3,1,merchant_substitution
1,0.5199,0,7,0,0,0,0,0,0,0,0,legitimate
1,0.999,0,7,2,0,1,1,0,1,3,1,subtle_intent_drift
1,0.5983,0,7,0,0,0,0,0,0,0,0,legitimate
0,1.5,1,7,1,1,0,0,1,1,3,1,merchant_substitution
1,0.6419,0,7,0,0,0,0,0,0,0,0,legitimate
0,1.5,1,7,1,1,0,0,1,1,3,1,merchant_substitution
0,1.5,1,7,1,1,0,0,1,1,3,1,merchant_substitution
1,0.6386,0,7,0,0,0,0,0,0,0,0,legitimate
1,0.9104,0,7,0,0,0,0,0,0,0,0,legitimate
1,0.685,0,7,0,0,0,0,0,0,0,0,legitimate
0,1.5,1,7,1,1,0,0,1,1,3,1,merchant_substitution
1,0.999,0,7,2,0,1,1,0,1,3,1,subtle_intent_drift
0,1.5,1,7,1,1,0,0,1,1,3,1,merchant_substitution
1,0.999,0,7,2,0,1,1,0,1,3,1,subtle_intent_drift
1,0.9781,0,9,1,0,0,0,2,0,2,0,legitimate
1,0.7704,0,7,0,0,0,0,0,0,0,0,legitimate
1,0.5155,0,9,1,0,0,0,2,0,2,0,legitimate
1,0.999,0,7,2,0,1,1,0,1,3,1,subtle_intent_drift
1,0.7121,0,7,0,0,0,0,0,0,0,0,legitimate
0,1.5,1,7,1,1,0,0,1,1,3,1,merchant_substitution
1,0.7424,0,7,0,0,0,0,0,0,0,0,legitimate
1,0.9377,0,7,0,0,0,0,0,0,0,0,legitimate
1,0.5247,0,7,0,0,0,0,0,0,0,0,legitimate
1,0.999,0,7,2,0,1,1,0,1,3,1,subtle_intent_drift
1,0.6613,0,9,1,0,0,0,2,0,2,0,legitimate
1,0.8106,0,7,0,0,0,0,0,0,0,0,legitimate
1,0.999,0,7,2,0,1,1,0,1,3,1,subtle_intent_drift
1,0.999,0,7,2,0,1,1,0,1,3,1,subtle_intent_drift
1,0.999,0,7,2,0,1,1,0,1,3,1,subtle_intent_drift
0,1.5,1,7,1,1,0,0,1,1,3,1,merchant_substitution
1,0.7475,0,9,1,0,0,0,2,0,2,0,legitimate
1,0.999,0,7,2,0,1,1,0,1,3,1,subtle_intent_drift
1,0.8954,0,9,1,0,0,0,2,0,2,0,legitimate
1,0.5079,0,7,0,0,0,0,0,0,0,0,legitimate
1,0.9049,0,7,0,0,0,0,0,0,0,0,legitimate
1,0.999,0,7,2,0,1,1,0,1,3,1,subtle_intent_drift
0,1.5,1,7,1,1,0,0,1,1,3,1,merchant_substitution
1,0.9134,0,7,0,0,0,0,0,0,0,0,legitimate
1,0.6447,0,7,0,0,0,0,0,0,0,0,legitimate
1,0.999,0,7,2,0,1,1,0,1,3,1,subtle_intent_drift
1,0.999,0,7,2,0,1,1,0,1,3,1,subtle_intent_drift
1,0.5673,0,9,1,0,0,0,2,0,2,0,legitimate
1,0.8918,0,9,1,0,0,0,2,0,2,0,legitimate
1,0.5445,0,9,1,0,0,0,2,0,2,0,legitimate
1,0.8564,0,7,0,0,0,0,0,0,0,0,legitimate
1,0.999,0,7,2,0,1,1,0,1,3,1,subtle_intent_drift
1,0.999,0,7,2,0,1,1,0,1,3,1,subtle_intent_drift
1,0.7112,0,9,1,0,0,0,2,0,2,0,legitimate
1,0.999,0,7,2,0,1,1,0,1,3,1,subtle_intent_drift
1,0.7923,0,7,0,0,0,0,0,0,0,0,legitimate
1,0.999,0,7,2,0,1,1,0,1,3,1,subtle_intent_drift
0,1.5,1,7,1,1,0,0,1,1,3,1,merchant_substitution
1,0.6551,0,9,1,0,0,0,2,0,2,0,legitimate
1,0.999,0,7,2,0,1,1,0,1,3,1,subtle_intent_drift
1,0.5611,0,9,1,0,0,0,2,0,2,0,legitimate
1,0.5291,0,7,0,0,0,0,0,0,0,0,legitimate
1,0.999,0,7,2,0,1,1,0,1,3,1,subtle_intent_drift
1,0.6939,0,7,0,0,0,0,0,0,0,0,legitimate
1,0.999,0,7,2,0,1,1,0,1,3,1,subtle_intent_drift
1,0.6854,0,7,0,0,0,0,0,0,0,0,legitimate
1,0.999,0,7,2,0,1,1,0,1,3,1,subtle_intent_drift
1,0.7542,0,9,1,0,0,0,2,0,2,0,legitimate
0,1.5,1,7,1,1,0,0,1,1,3,1,merchant_substitution
1,0.999,0,7,2,0,1,1,0,1,3,1,subtle_intent_drift
1,0.999,0,7,2,0,1,1,0,1,3,1,subtle_intent_drift
1,0.999,0,7,2,0,1,1,0,1,3,1,subtle_intent_drift
1,0.7619,0,9,1,0,0,0,2,0,2,0,legitimate
1,0.7113,0,7,0,0,0,0,0,0,0,0,legitimate
1,0.999,0,7,2,0,1,1,0,1,3,1,subtle_intent_drift
0,1.5,1,7,1,1,0,0,1,1,3,1,merchant_substitution
1,0.999,0,7,2,0,1,1,0,1,3,1,subtle_intent_drift
0,1.5,1,7,1,1,0,0,1,1,3,1,merchant_substitution
0,1.5,1,7,1,1,0,0,1,1,3,1,merchant_substitution
0,1.5,1,7,1,1,0,0,1,1,3,1,merchant_substitution
1,0.999,0,7,2,0,1,1,0,1,3,1,subtle_intent_drift
1,0.581,0,7,0,0,0,0,0,0,0,0,legitimate
0,1.5,1,7,1,1,0,0,1,1,3,1,merchant_substitution
1,0.999,0,7,2,0,1,1,0,1,3,1,subtle_intent_drift
1,0.999,0,7,2,0,1,1,0,1,3,1,subtle_intent_drift
1,0.999,0,7,2,0,1,1,0,1,3,1,subtle_intent_drift
0,1.5,1,7,1,1,0,0,1,1,3,1,merchant_substitution
1,0.8943,0,7,0,0,0,0,0,0,0,0,legitimate
1,0.9302,0,9,1,0,0,0,2,0,2,0,legitimate
1,0.5423,0,9,1,0,0,0,2,0,2,0,legitimate
0,1.5,1,7,1,1,0,0,1,1,3,1,merchant_substitution
0,1.5,1,7,1,1,0,0,1,1,3,1,merchant_substitution
1,0.6639,0,7,0,0,0,0,0,0,0,0,legitimate
1,0.5849,0,9,1,0,0,0,2,0,2,0,legitimate
1,0.8085,0,9,1,0,0,0,2,0,2,0,legitimate
1,0.999,0,7,2,0,1,1,0,1,3,1,subtle_intent_drift
1,0.6222,0,9,1,0,0,0,2,0,2,0,legitimate
1,0.6504,0,7,0,0,0,0,0,0,0,0,legitimate
1,0.999,0,7,2,0,1,1,0,1,3,1,subtle_intent_drift
1,0.7995,0,9,1,0,0,0,2,0,2,0,legitimate
1,0.6128,0,7,0,0,0,0,0,0,0,0,legitimate
1,0.8447,0,9,1,0,0,0,2,0,2,0,legitimate
1,0.7438,0,9,1,0,0,0,2,0,2,0,legitimate
1,0.6464,0,7,0,0,0,0,0,0,0,0,legitimate
1,0.999,0,7,2,0,1,1,0,1,3,1,subtle_intent_drift
1,0.6814,0,9,1,0,0,0,2,0,2,0,legitimate
1,0.999,0,7,2,0,1,1,0,1,3,1,subtle_intent_drift
1,0.524,0,7,0,0,0,0,0,0,0,0,legitimate
0,1.5,1,7,1,1,0,0,1,1,3,1,merchant_substitution
1,0.7313,0,9,1,0,0,0,2,0,2,0,legitimate
0,1.5,1,7,1,1,0,0,1,1,3,1,merchant_substitution
1,0.6429,0,7,0,0,0,0,0,0,0,0,legitimate
0,1.5,1,7,1,1,0,0,1,1,3,1,merchant_substitution
1,0.999,0,7,2,0,1,1,0,1,3,1,subtle_intent_drift
1,0.832,0,9,1,0,0,0,2,0,2,0,legitimate
1,0.999,0,7,2,0,1,1,0,1,3,1,subtle_intent_drift
1,0.999,0,7,2,0,1,1,0,1,3,1,subtle_intent_drift
0,1.5,1,7,1,1,0,0,1,1,3,1,merchant_substitution
1,0.8184,0,7,0,0,0,0,0,0,0,0,legitimate
0,1.5,1,7,1,1,0,0,1,1,3,1,merchant_substitution
1,0.8049,0,7,0,0,0,0,0,0,0,0,legitimate
0,1.5,1,7,1,1,0,0,1,1,3,1,merchant_substitution
0,1.5,1,7,1,1,0,0,1,1,3,1,merchant_substitution
0,1.5,1,7,1,1,0,0,1,1,3,1,merchant_substitution
1,0.999,0,7,2,0,1,1,0,1,3,1,subtle_intent_drift
1,0.7229,0,9,1,0,0,0,2,0,2,0,legitimate
1,0.999,0,7,2,0,1,1,0,1,3,1,subtle_intent_drift
1,0.91,0,7,0,0,0,0,0,0,0,0,legitimate
1,0.5251,0,7,0,0,0,0,0,0,0,0,legitimate
0,1.5,1,7,1,1,0,0,1,1,3,1,merchant_substitution
1,0.999,0,7,2,0,1,1,0,1,3,1,subtle_intent_drift
1,0.999,0,7,2,0,1,1,0,1,3,1,subtle_intent_drift
1,0.999,0,7,2,0,1,1,0,1,3,1,subtle_intent_drift
0,1.5,1,7,1,1,0,0,1,1,3,1,merchant_substitution
1,0.6475,0,7,0,0,0,0,0,0,0,0,legitimate
1,0.9387,0,7,0,0,0,0,0,0,0,0,legitimate
1,0.7538,0,7,0,0,0,0,0,0,0,0,legitimate
1,0.5093,0,7,0,0,0,0,0,0,0,0,legitimate
1,0.7975,0,9,1,0,0,0,2,0,2,0,legitimate
0,1.5,1,7,1,1,0,0,1,1,3,1,merchant_substitution
1,0.999,0,7,2,0,1,1,0,1,3,1,subtle_intent_drift
1,0.9343,0,9,1,0,0,0,2,0,2,0,legitimate
0,1.5,1,7,1,1,0,0,1,1,3,1,merchant_substitution
1,0.999,0,7,2,0,1,1,0,1,3,1,subtle_intent_drift
1,0.999,0,7,2,0,1,1,0,1,3,1,subtle_intent_drift
1,0.8901,0,7,0,0,0,0,0,0,0,0,legitimate
1,0.8728,0,7,0,0,0,0,0,0,0,0,legitimate
1,0.999,0,7,2,0,1,1,0,1,3,1,subtle_intent_drift
1,0.999,0,7,2,0,1,1,0,1,3,1,subtle_intent_drift
1,0.999,0,7,2,0,1,1,0,1,3,1,subtle_intent_drift
1,0.999,0,7,2,0,1,1,0,1,3,1,subtle_intent_drift
1,0.5843,0,7,0,0,0,0,0,0,0,0,legitimate
1,0.7695,0,7,0,0,0,0,0,0,0,0,legitimate
1,0.999,0,7,2,0,1,1,0,1,3,1,subtle_intent_drift
0,1.5,1,7,1,1,0,0,1,1,3,1,merchant_substitution
1,0.7905,0,7,0,0,0,0,0,0,0,0,legitimate
1,0.5912,0,7,0,0,0,0,0,0,0,0,legitimate
1,0.8601,0,7,0,0,0,0,0,0,0,0,legitimate
1,0.8633,0,7,0,0,0,0,0,0,0,0,legitimate
0,1.5,1,7,1,1,0,0,1,1,3,1,merchant_substitution
1,0.6034,0,7,0,0,0,0,0,0,0,0,legitimate
1,0.999,0,7,2,0,1,1,0,1,3,1,subtle_intent_drift
0,1.5,1,7,1,1,0,0,1,1,3,1,merchant_substitution
1,0.7612,0,7,0,0,0,0,0,0,0,0,legitimate
1,0.6658,0,7,0,0,0,0,0,0,0,0,legitimate
0,1.5,1,7,1,1,0,0,1,1,3,1,merchant_substitution
1,0.8519,0,7,0,0,0,0,0,0,0,0,legitimate
0,1.5,1,7,1,1,0,0,1,1,3,1,merchant_substitution
0,1.5,1,7,1,1,0,0,1,1,3,1,merchant_substitution
1,0.6332,0,7,0,0,0,0,0,0,0,0,legitimate
1,0.7827,0,7,0,0,0,0,0,0,0,0,legitimate
1,0.6063,0,7,0,0,0,0,0,0,0,0,legitimate
1,0.999,0,7,2,0,1,1,0,1,3,1,subtle_intent_drift
0,1.5,1,7,1,1,0,0,1,1,3,1,merchant_substitution
1,0.6742,0,9,1,0,0,0,2,0,2,0,legitimate
1,0.7438,0,7,0,0,0,0,0,0,0,0,legitimate
1,0.732,0,7,0,0,0,0,0,0,0,0,legitimate
0,1.5,1,7,1,1,0,0,1,1,3,1,merchant_substitution
1,0.999,0,7,2,0,1,1,0,1,3,1,subtle_intent_drift
0,1.5,1,7,1,1,0,0,1,1,3,1,merchant_substitution
0,1.5,1,7,1,1,0,0,1,1,3,1,merchant_substitution
1,0.8286,0,7,0,0,0,0,0,0,0,0,legitimate
1,0.999,0,7,2,0,1,1,0,1,3,1,subtle_intent_drift
0,1.5,1,7,1,1,0,0,1,1,3,1,merchant_substitution
1,0.7294,0,7,0,0,0,0,0,0,0,0,legitimate
1,0.6261,0,7,0,0,0,0,0,0,0,0,legitimate
1,0.999,0,7,2,0,1,1,0,1,3,1,subtle_intent_drift
0,1.5,1,7,1,1,0,0,1,1,3,1,merchant_substitution
1,0.6501,0,7,0,0,0,0,0,0,0,0,legitimate
1,0.8321,0,7,0,0,0,0,0,0,0,0,legitimate
0,1.5,1,7,1,1,0,0,1,1,3,1,merchant_substitution
0,1.5,1,7,1,1,0,0,1,1,3,1,merchant_substitution
1,0.9104,0,9,1,0,0,0,2,0,2,0,legitimate
1,0.8943,0,7,0,0,0,0,0,0,0,0,legitimate
1,0.7633,0,7,0,0,0,0,0,0,0,0,legitimate
1,0.999,0,7,2,0,1,1,0,1,3,1,subtle_intent_drift
1,0.7251,0,9,1,0,0,0,2,0,2,0,legitimate
1,0.623,0,7,0,0,0,0,0,0,0,0,legitimate
1,0.5808,0,7,0,0,0,0,0,0,0,0,legitimate
1,0.7832,0,7,0,0,0,0,0,0,0,0,legitimate
1,0.999,0,7,2,0,1,1,0,1,3,1,subtle_intent_drift
1,0.999,0,7,2,0,1,1,0,1,3,1,subtle_intent_drift
1,0.7809,0,7,0,0,0,0,0,0,0,0,legitimate
0,1.5,1,7,1,1,0,0,1,1,3,1,merchant_substitution
0,1.5,1,7,1,1,0,0,1,1,3,1,merchant_substitution
1,0.786,0,7,0,0,0,0,0,0,0,0,legitimate
0,1.5,1,7,1,1,0,0,1,1,3,1,merchant_substitution
1,0.8468,0,7,0,0,0,0,0,0,0,0,legitimate
1,0.8164,0,7,0,0,0,0,0,0,0,0,legitimate
1,0.639,0,7,0,0,0,0,0,0,0,0,legitimate
1,0.8424,0,9,1,0,0,0,2,0,2,0,legitimate
1,0.8569,0,7,0,0,0,0,0,0,0,0,legitimate
1,0.999,0,7,2,0,1,1,0,1,3,1,subtle_intent_drift
1,0.9518,0,7,0,0,0,0,0,0,0,0,legitimate
1,0.999,0,7,2,0,1,1,0,1,3,1,subtle_intent_drift
0,1.5,1,7,1,1,0,0,1,1,3,1,merchant_substitution
1,0.999,0,7,2,0,1,1,0,1,3,1,subtle_intent_drift
1,0.999,0,7,2,0,1,1,0,1,3,1,subtle_intent_drift
1,0.813,0,9,1,0,0,0,2,0,2,0,legitimate
1,0.5125,0,7,0,0,0,0,0,0,0,0,legitimate
1,0.999,0,7,2,0,1,1,0,1,3,1,subtle_intent_drift
1,0.5625,0,9,1,0,0,0,2,0,2,0,legitimate
1,0.5942,0,7,0,0,0,0,0,0,0,0,legitimate
1,0.8014,0,7,0,0,0,0,0,0,0,0,legitimate
1,0.8704,0,7,0,0,0,0,0,0,0,0,legitimate
1,0.576,0,9,1,0,0,0,2,0,2,0,legitimate
1,0.999,0,7,2,0,1,1,0,1,3,1,subtle_intent_drift
1,0.8126,0,7,0,0,0,0,0,0,0,0,legitimate
1,0.7886,0,7,0,0,0,0,0,0,0,0,legitimate
1,0.6031,0,7,0,0,0,0,0,0,0,0,legitimate
1,0.7723,0,9,1,0,0,0,2,0,2,0,legitimate
1,0.8787,0,7,0,0,0,0,0,0,0,0,legitimate
0,1.5,1,7,1,1,0,0,1,1,3,1,merchant_substitution
1,0.6856,0,7,0,0,0,0,0,0,0,0,legitimate
1,0.999,0,7,2,0,1,1,0,1,3,1,subtle_intent_drift
1,0.8579,0,7,0,0,0,0,0,0,0,0,legitimate
1,0.8075,0,7,0,0,0,0,0,0,0,0,legitimate
0,1.5,1,7,1,1,0,0,1,1,3,1,merchant_substitution
1,0.7186,0,9,1,0,0,0,2,0,2,0,legitimate
1,0.6361,0,7,0,0,0,0,0,0,0,0,legitimate
0,1.5,1,7,1,1,0,0,1,1,3,1,merchant_substitution
1,0.8312,0,9,1,0,0,0,2,0,2,0,legitimate
1,0.6491,0,7,0,0,0,0,0,0,0,0,legitimate
0,1.5,1,7,1,1,0,0,1,1,3,1,merchant_substitution
0,1.5,1,7,1,1,0,0,1,1,3,1,merchant_substitution
0,1.5,1,7,1,1,0,0,1,1,3,1,merchant_substitution
1,0.7589,0,7,0,0,0,0,0,0,0,0,legitimate
1,0.5575,0,9,1,0,0,0,2,0,2,0,legitimate
1,0.999,0,7,2,0,1,1,0,1,3,1,subtle_intent_drift
1,0.7686,0,9,1,0,0,0,2,0,2,0,legitimate
1,0.5912,0,9,1,0,0,0,2,0,2,0,legitimate
1,0.8213,0,7,0,0,0,0,0,0,0,0,legitimate
1,0.8007,0,7,0,0,0,0,0,0,0,0,legitimate
1,0.8969,0,7,0,0,0,0,0,0,0,0,legitimate
1,0.6631,0,7,0,0,0,0,0,0,0,0,legitimate
1,0.69,0,7,0,0,0,0,0,0,0,0,legitimate
1,0.8746,0,7,0,0,0,0,0,0,0,0,legitimate
0,1.5,1,7,1,1,0,0,1,1,3,1,merchant_substitution
1,0.5443,0,7,0,0,0,0,0,0,0,0,legitimate
1,0.5693,0,7,0,0,0,0,0,0,0,0,legitimate
1,0.999,0,7,2,0,1,1,0,1,3,1,subtle_intent_drift
1,0.7426,0,9,1,0,0,0,2,0,2,0,legitimate
1,0.8641,0,7,0,0,0,0,0,0,0,0,legitimate
1,0.6884,0,7,0,0,0,0,0,0,0,0,legitimate
1,0.5109,0,9,1,0,0,0,2,0,2,0,legitimate
1,0.5942,0,9,1,0,0,0,2,0,2,0,legitimate
0,1.5,1,7,1,1,0,0,1,1,3,1,merchant_substitution
1,0.999,0,7,2,0,1,1,0,1,3,1,subtle_intent_drift
1,0.803,0,7,0,0,0,0,0,0,0,0,legitimate
1,0.5608,0,7,0,0,0,0,0,0,0,0,legitimate
0,1.5,1,7,1,1,0,0,1,1,3,1,merchant_substitution
1,0.8,0,9,1,0,0,0,2,0,2,0,legitimate
1,0.6978,0,7,0,0,0,0,0,0,0,0,legitimate
1,0.999,0,7,2,0,1,1,0,1,3,1,subtle_intent_drift
1,0.999,0,7,2,0,1,1,0,1,3,1,subtle_intent_drift
0,1.5,1,7,1,1,0,0,1,1,3,1,merchant_substitution
1,0.5691,0,7,0,0,0,0,0,0,0,0,legitimate
0,1.5,1,7,1,1,0,0,1,1,3,1,merchant_substitution
1,0.663,0,7,0,0,0,0,0,0,0,0,legitimate
1,0.9655,0,9,1,0,0,0,2,0,2,0,legitimate
1,0.999,0,7,2,0,1,1,0,1,3,1,subtle_intent_drift
0,1.5,1,7,1,1,0,0,1,1,3,1,merchant_substitution
1,0.8656,0,7,0,0,0,0,0,0,0,0,legitimate
1,0.6123,0,7,0,0,0,0,0,0,0,0,legitimate
1,0.948,0,9,1,0,0,0,2,0,2,0,legitimate
0,1.5,1,7,1,1,0,0,1,1,3,1,merchant_substitution
0,1.5,1,7,1,1,0,0,1,1,3,1,merchant_substitution
1,0.5537,0,7,0,0,0,0,0,0,0,0,legitimate
0,1.5,1,7,1,1,0,0,1,1,3,1,merchant_substitution
0,1.5,1,7,1,1,0,0,1,1,3,1,merchant_substitution
0,1.5,1,7,1,1,0,0,1,1,3,1,merchant_substitution
1,0.999,0,7,2,0,1,1,0,1,3,1,subtle_intent_drift
1,0.6743,0,7,0,0,0,0,0,0,0,0,legitimate
1,0.9777,0,7,0,0,0,0,0,0,0,0,legitimate
1,0.5195,0,7,0,0,0,0,0,0,0,0,legitimate
1,0.999,0,7,2,0,1,1,0,1,3,1,subtle_intent_drift
1,0.999,0,7,2,0,1,1,0,1,3,1,subtle_intent_drift
1,0.5553,0,9,1,0,0,0,2,0,2,0,legitimate
1,0.8487,0,9,1,0,0,0,2,0,2,0,legitimate
1,0.8883,0,7,0,0,0,0,0,0,0,0,legitimate
1,0.7888,0,7,0,0,0,0,0,0,0,0,legitimate
1,0.999,0,7,2,0,1,1,0,1,3,1,subtle_intent_drift
1,0.999,0,7,2,0,1,1,0,1,3,1,subtle_intent_drift
1,0.6011,0,7,0,0,0,0,0,0,0,0,legitimate
1,0.999,0,7,2,0,1,1,0,1,3,1,subtle_intent_drift
1,0.999,0,7,2,0,1,1,0,1,3,1,subtle_intent_drift
0,1.5,1,7,1,1,0,0,1,1,3,1,merchant_substitution
0,1.5,1,7,1,1,0,0,1,1,3,1,merchant_substitution
0,1.5,1,7,1,1,0,0,1,1,3,1,merchant_substitution
1,0.531,0,7,0,0,0,0,0,0,0,0,legitimate
1,0.9312,0,9,1,0,0,0,2,0,2,0,legitimate
1,0.999,0,7,2,0,1,1,0,1,3,1,subtle_intent_drift
1,0.999,0,7,2,0,1,1,0,1,3,1,subtle_intent_drift
1,0.7781,0,9,1,0,0,0,2,0,2,0,legitimate
1,0.999,0,7,2,0,1,1,0,1,3,1,subtle_intent_drift
1,0.999,0,7,2,0,1,1,0,1,3,1,subtle_intent_drift
1,0.999,0,7,2,0,1,1,0,1,3,1,subtle_intent_drift
0,1.5,1,7,1,1,0,0,1,1,3,1,merchant_substitution
0,1.5,1,7,1,1,0,0,1,1,3,1,merchant_substitution
1,0.6281,0,9,1,0,0,0,2,0,2,0,legitimate
1,0.9304,0,7,0,0,0,0,0,0,0,0,legitimate
1,0.9061,0,7,0,0,0,0,0,0,0,0,legitimate
1,0.7385,0,9,1,0,0,0,2,0,2,0,legitimate
1,0.8205,0,7,0,0,0,0,0,0,0,0,legitimate
1,0.999,0,7,2,0,1,1,0,1,3,1,subtle_intent_drift
1,0.9458,0,7,0,0,0,0,0,0,0,0,legitimate
1,0.5904,0,9,1,0,0,0,2,0,2,0,legitimate
1,0.6395,0,7,0,0,0,0,0,0,0,0,legitimate
1,0.8325,0,9,1,0,0,0,2,0,2,0,legitimate
1,0.8664,0,9,1,0,0,0,2,0,2,0,legitimate
0,1.5,1,7,1,1,0,0,1,1,3,1,merchant_substitution
1,0.999,0,7,2,0,1,1,0,1,3,1,subtle_intent_drift
1,0.8663,0,7,0,0,0,0,0,0,0,0,legitimate
1,0.61,0,7,0,0,0,0,0,0,0,0,legitimate
1,0.5091,0,7,0,0,0,0,0,0,0,0,legitimate
1,0.8763,0,7,0,0,0,0,0,0,0,0,legitimate
1,0.7077,0,7,0,0,0,0,0,0,0,0,legitimate
1,0.999,0,7,2,0,1,1,0,1,3,1,subtle_intent_drift
1,0.8002,0,7,0,0,0,0,0,0,0,0,legitimate
1,0.8788,0,7,0,0,0,0,0,0,0,0,legitimate
1,0.8105,0,7,0,0,0,0,0,0,0,0,legitimate
1,0.999,0,7,2,0,1,1,0,1,3,1,subtle_intent_drift
1,0.9383,0,7,0,0,0,0,0,0,0,0,legitimate
0,1.5,1,7,1,1,0,0,1,1,3,1,merchant_substitution
1,0.5017,0,7,0,0,0,0,0,0,0,0,legitimate
0,1.5,1,7,1,1,0,0,1,1,3,1,merchant_substitution
0,1.5,1,7,1,1,0,0,1,1,3,1,merchant_substitution
1,0.5834,0,9,1,0,0,0,2,0,2,0,legitimate
1,0.7063,0,7,0,0,0,0,0,0,0,0,legitimate
0,1.5,1,7,1,1,0,0,1,1,3,1,merchant_substitution
1,0.5468,0,7,0,0,0,0,0,0,0,0,legitimate
1,0.9014,0,7,0,0,0,0,0,0,0,0,legitimate
1,0.999,0,7,2,0,1,1,0,1,3,1,subtle_intent_drift
1,0.8477,0,7,0,0,0,0,0,0,0,0,legitimate
1,0.5486,0,7,0,0,0,0,0,0,0,0,legitimate
1,0.7774,0,7,0,0,0,0,0,0,0,0,legitimate
1,0.6996,0,7,0,0,0,0,0,0,0,0,legitimate
1,0.999,0,7,2,0,1,1,0,1,3,1,subtle_intent_drift
1,0.999,0,7,2,0,1,1,0,1,3,1,subtle_intent_drift
1,0.999,0,7,2,0,1,1,0,1,3,1,subtle_intent_drift
0,1.5,1,7,1,1,0,0,1,1,3,1,merchant_substitution
1,0.999,0,7,2,0,1,1,0,1,3,1,subtle_intent_drift
1,0.6516,0,7,0,0,0,0,0,0,0,0,legitimate
1,0.999,0,7,2,0,1,1,0,1,3,1,subtle_intent_drift
1,0.9495,0,9,1,0,0,0,2,0,2,0,legitimate
1,0.6992,0,9,1,0,0,0,2,0,2,0,legitimate
1,0.5203,0,7,0,0,0,0,0,0,0,0,legitimate
1,0.5937,0,9,1,0,0,0,2,0,2,0,legitimate
1,0.5048,0,9,1,0,0,0,2,0,2,0,legitimate
1,0.7013,0,7,0,0,0,0,0,0,0,0,legitimate
1,0.7284,0,7,0,0,0,0,0,0,0,0,legitimate
1,0.8324,0,7,0,0,0,0,0,0,0,0,legitimate
1,0.999,0,7,2,0,1,1,0,1,3,1,subtle_intent_drift
1,0.999,0,7,2,0,1,1,0,1,3,1,subtle_intent_drift
1,0.9764,0,7,0,0,0,0,0,0,0,0,legitimate
1,0.999,0,7,2,0,1,1,0,1,3,1,subtle_intent_drift
1,0.9622,0,7,0,0,0,0,0,0,0,0,legitimate
1,0.5149,0,7,0,0,0,0,0,0,0,0,legitimate
1,0.5476,0,7,0,0,0,0,0,0,0,0,legitimate
1,0.999,0,7,2,0,1,1,0,1,3,1,subtle_intent_drift
1,0.999,0,7,2,0,1,1,0,1,3,1,subtle_intent_drift
1,0.7547,0,9,1,0,0,0,2,0,2,0,legitimate
1,0.9211,0,7,0,0,0,0,0,0,0,0,legitimate
0,1.5,1,7,1,1,0,0,1,1,3,1,merchant_substitution
1,0.8149,0,9,1,0,0,0,2,0,2,0,legitimate
1,0.9102,0,7,0,0,0,0,0,0,0,0,legitimate
0,1.5,1,7,1,1,0,0,1,1,3,1,merchant_substitution
1,0.8028,0,7,0,0,0,0,0,0,0,0,legitimate
0,1.5,1,7,1,1,0,0,1,1,3,1,merchant_substitution
1,0.5961,0,7,0,0,0,0,0,0,0,0,legitimate
1,0.9458,0,7,0,0,0,0,0,0,0,0,legitimate
1,0.5766,0,7,0,0,0,0,0,0,0,0,legitimate
1,0.9391,0,9,1,0,0,0,2,0,2,0,legitimate
0,1.5,1,7,1,1,0,0,1,1,3,1,merchant_substitution
1,0.8751,0,7,0,0,0,0,0,0,0,0,legitimate
0,1.5,1,7,1,1,0,0,1,1,3,1,merchant_substitution
1,0.999,0,7,2,0,1,1,0,1,3,1,subtle_intent_drift
1,0.6745,0,7,0,0,0,0,0,0,0,0,legitimate
0,1.5,1,7,1,1,0,0,1,1,3,1,merchant_substitution
1,0.999,0,7,2,0,1,1,0,1,3,1,subtle_intent_drift
1,0.6098,0,9,1,0,0,0,2,0,2,0,legitimate
0,1.5,1,7,1,1,0,0,1,1,3,1,merchant_substitution
1,0.6547,0,7,0,0,0,0,0,0,0,0,legitimate
1,0.9541,0,7,0,0,0,0,0,0,0,0,legitimate
1,0.5376,0,9,1,0,0,0,2,0,2,0,legitimate
0,1.5,1,7,1,1,0,0,1,1,3,1,merchant_substitution
1,0.8457,0,9,1,0,0,0,2,0,2,0,legitimate
1,0.7939,0,9,1,0,0,0,2,0,2,0,legitimate
1,0.5697,0,9,1,0,0,0,2,0,2,0,legitimate
1,0.8303,0,7,0,0,0,0,0,0,0,0,legitimate
1,0.999,0,7,2,0,1,1,0,1,3,1,subtle_intent_drift
1,0.8914,0,7,0,0,0,0,0,0,0,0,legitimate
0,1.5,1,7,1,1,0,0,1,1,3,1,merchant_substitution
1,0.537,0,7,0,0,0,0,0,0,0,0,legitimate
1,0.999,0,7,2,0,1,1,0,1,3,1,subtle_intent_drift
1,0.999,0,7,2,0,1,1,0,1,3,1,subtle_intent_drift
1,0.71,0,7,0,0,0,0,0,0,0,0,legitimate
0,1.5,1,7,1,1,0,0,1,1,3,1,merchant_substitution
1,0.6863,0,7,0,0,0,0,0,0,0,0,legitimate
0,1.5,1,7,1,1,0,0,1,1,3,1,merchant_substitution
1,0.999,0,7,2,0,1,1,0,1,3,1,subtle_intent_drift
1,0.5316,0,7,0,0,0,0,0,0,0,0,legitimate
0,1.5,1,7,1,1,0,0,1,1,3,1,merchant_substitution
1,0.6532,0,7,0,0,0,0,0,0,0,0,legitimate
1,0.999,0,7,2,0,1,1,0,1,3,1,subtle_intent_drift
1,0.9193,0,7,0,0,0,0,0,0,0,0,legitimate
1,0.999,0,7,2,0,1,1,0,1,3,1,subtle_intent_drift
1,0.999,0,7,2,0,1,1,0,1,3,1,subtle_intent_drift
1,0.5084,0,7,0,0,0,0,0,0,0,0,legitimate
1,0.999,0,7,2,0,1,1,0,1,3,1,subtle_intent_drift
1,0.9499,0,7,0,0,0,0,0,0,0,0,legitimate
1,0.999,0,7,2,0,1,1,0,1,3,1,subtle_intent_drift
1,0.6797,0,7,0,0,0,0,0,0,0,0,legitimate
1,0.7305,0,7,0,0,0,0,0,0,0,0,legitimate
1,0.699,0,7,0,0,0,0,0,0,0,0,legitimate
1,0.999,0,7,2,0,1,1,0,1,3,1,subtle_intent_drift
1,0.999,0,7,2,0,1,1,0,1,3,1,subtle_intent_drift
1,0.999,0,7,2,0,1,1,0,1,3,1,subtle_intent_drift
0,1.5,1,7,1,1,0,0,1,1,3,1,merchant_substitution
1,0.7776,0,7,0,0,0,0,0,0,0,0,legitimate
1,0.8209,0,9,1,0,0,0,2,0,2,0,legitimate
0,1.5,1,7,1,1,0,0,1,1,3,1,merchant_substitution
0,1.5,1,7,1,1,0,0,1,1,3,1,merchant_substitution
1,0.9272,0,7,0,0,0,0,0,0,0,0,legitimate
0,1.5,1,7,1,1,0,0,1,1,3,1,merchant_substitution
1,0.5619,0,9,1,0,0,0,2,0,2,0,legitimate
1,0.7183,0,7,0,0,0,0,0,0,0,0,legitimate
0,1.5,1,7,1,1,0,0,1,1,3,1,merchant_substitution
1,0.8438,0,7,0,0,0,0,0,0,0,0,legitimate
0,1.5,1,7,1,1,0,0,1,1,3,1,merchant_substitution
1,0.999,0,7,2,0,1,1,0,1,3,1,subtle_intent_drift
1,0.813,0,7,0,0,0,0,0,0,0,0,legitimate
1,0.999,0,7,2,0,1,1,0,1,3,1,subtle_intent_drift
0,1.5,1,7,1,1,0,0,1,1,3,1,merchant_substitution
1,0.999,0,7,2,0,1,1,0,1,3,1,subtle_intent_drift
1,0.999,0,7,2,0,1,1,0,1,3,1,subtle_intent_drift
1,0.999,0,7,2,0,1,1,0,1,3,1,subtle_intent_drift
1,0.786,0,7,0,0,0,0,0,0,0,0,legitimate
0,1.5,1,7,1,1,0,0,1,1,3,1,merchant_substitution
1,0.999,0,7,2,0,1,1,0,1,3,1,subtle_intent_drift
1,0.5819,0,9,1,0,0,0,2,0,2,0,legitimate
0,1.5,1,7,1,1,0,0,1,1,3,1,merchant_substitution
1,0.7988,0,7,0,0,0,0,0,0,0,0,legitimate
1,0.6441,0,7,0,0,0,0,0,0,0,0,legitimate
1,0.999,0,7,2,0,1,1,0,1,3,1,subtle_intent_drift
1,0.9745,0,7,0,0,0,0,0,0,0,0,legitimate
0,1.5,1,7,1,1,0,0,1,1,3,1,merchant_substitution
1,0.999,0,7,2,0,1,1,0,1,3,1,subtle_intent_drift
0,1.5,1,7,1,1,0,0,1,1,3,1,merchant_substitution
0,1.5,1,7,1,1,0,0,1,1,3,1,merchant_substitution
1,0.999,0,7,2,0,1,1,0,1,3,1,subtle_intent_drift
1,0.8805,0,9,1,0,0,0,2,0,2,0,legitimate
1,0.999,0,7,2,0,1,1,0,1,3,1,subtle_intent_drift
0,1.5,1,7,1,1,0,0,1,1,3,1,merchant_substitution
1,0.9386,0,7,0,0,0,0,0,0,0,0,legitimate
1,0.5115,0,9,1,0,0,0,2,0,2,0,legitimate
0,1.5,1,7,1,1,0,0,1,1,3,1,merchant_substitution
0,1.5,1,7,1,1,0,0,1,1,3,1,merchant_substitution
0,1.5,1,7,1,1,0,0,1,1,3,1,merchant_substitution
0,1.5,1,7,1,1,0,0,1,1,3,1,merchant_substitution
0,1.5,1,7,1,1,0,0,1,1,3,1,merchant_substitution
1,0.8828,0,7,0,0,0,0,0,0,0,0,legitimate
1,0.999,0,7,2,0,1,1,0,1,3,1,subtle_intent_drift
1,0.7011,0,7,0,0,0,0,0,0,0,0,legitimate
1,0.8232,0,9,1,0,0,0,2,0,2,0,legitimate
1,0.6411,0,7,0,0,0,0,0,0,0,0,legitimate
1,0.999,0,7,2,0,1,1,0,1,3,1,subtle_intent_drift
1,0.999,0,7,2,0,1,1,0,1,3,1,subtle_intent_drift
1,0.8548,0,9,1,0,0,0,2,0,2,0,legitimate
1,0.5704,0,7,0,0,0,0,0,0,0,0,legitimate
1,0.8742,0,7,0,0,0,0,0,0,0,0,legitimate
1,0.6676,0,7,0,0,0,0,0,0,0,0,legitimate
1,0.6981,0,7,0,0,0,0,0,0,0,0,legitimate
0,1.5,1,7,1,1,0,0,1,1,3,1,merchant_substitution
0,1.5,1,7,1,1,0,0,1,1,3,1,merchant_substitution
0,1.5,1,7,1,1,0,0,1,1,3,1,merchant_substitution
1,0.7107,0,7,0,0,0,0,0,0,0,0,legitimate
0,1.5,1,7,1,1,0,0,1,1,3,1,merchant_substitution
1,0.999,0,7,2,0,1,1,0,1,3,1,subtle_intent_drift
0,1.5,1,7,1,1,0,0,1,1,3,1,merchant_substitution
1,0.8523,0,9,1,0,0,0,2,0,2,0,legitimate
1,0.7826,0,7,0,0,0,0,0,0,0,0,legitimate
1,0.7538,0,7,0,0,0,0,0,0,0,0,legitimate
0,1.5,1,7,1,1,0,0,1,1,3,1,merchant_substitution
0,1.5,1,7,1,1,0,0,1,1,3,1,merchant_substitution
1,0.6554,0,7,0,0,0,0,0,0,0,0,legitimate
1,0.7721,0,7,0,0,0,0,0,0,0,0,legitimate
1,0.9427,0,9,1,0,0,0,2,0,2,0,legitimate
1,0.999,0,7,2,0,1,1,0,1,3,1,subtle_intent_drift
1,0.5014,0,9,1,0,0,0,2,0,2,0,legitimate
1,0.5884,0,7,0,0,0,0,0,0,0,0,legitimate
1,0.999,0,7,2,0,1,1,0,1,3,1,subtle_intent_drift
1,0.999,0,7,2,0,1,1,0,1,3,1,subtle_intent_drift
1,0.999,0,7,2,0,1,1,0,1,3,1,subtle_intent_drift
1,0.8887,0,7,0,0,0,0,0,0,0,0,legitimate
0,1.5,1,7,1,1,0,0,1,1,3,1,merchant_substitution
1,0.5929,0,7,0,0,0,0,0,0,0,0,legitimate
1,0.7331,0,9,1,0,0,0,2,0,2,0,legitimate
1,0.7977,0,7,0,0,0,0,0,0,0,0,legitimate
1,0.5402,0,7,0,0,0,0,0,0,0,0,legitimate
1,0.5711,0,9,1,0,0,0,2,0,2,0,legitimate
0,1.5,1,7,1,1,0,0,1,1,3,1,merchant_substitution
0,1.5,1,7,1,1,0,0,1,1,3,1,merchant_substitution
0,1.5,1,7,1,1,0,0,1,1,3,1,merchant_substitution
1,0.5417,0,7,0,0,0,0,0,0,0,0,legitimate
0,1.5,1,7,1,1,0,0,1,1,3,1,merchant_substitution
1,0.999,0,7,2,0,1,1,0,1,3,1,subtle_intent_drift
1,0.9422,0,9,1,0,0,0,2,0,2,0,legitimate
1,0.999,0,7,2,0,1,1,0,1,3,1,subtle_intent_drift
1,0.8064,0,7,0,0,0,0,0,0,0,0,legitimate
1,0.6313,0,7,0,0,0,0,0,0,0,0,legitimate
1,0.5138,0,7,0,0,0,0,0,0,0,0,legitimate
0,1.5,1,7,1,1,0,0,1,1,3,1,merchant_substitution
0,1.5,1,7,1,1,0,0,1,1,3,1,merchant_substitution
0,1.5,1,7,1,1,0,0,1,1,3,1,merchant_substitution
1,0.8336,0,7,0,0,0,0,0,0,0,0,legitimate
0,1.5,1,7,1,1,0,0,1,1,3,1,merchant_substitution
0,1.5,1,7,1,1,0,0,1,1,3,1,merchant_substitution
1,0.8393,0,7,0,0,0,0,0,0,0,0,legitimate
0,1.5,1,7,1,1,0,0,1,1,3,1,merchant_substitution
1,0.999,0,7,2,0,1,1,0,1,3,1,subtle_intent_drift
1,0.999,0,7,2,0,1,1,0,1,3,1,subtle_intent_drift
1,0.8566,0,7,0,0,0,0,0,0,0,0,legitimate
1,0.999,0,7,2,0,1,1,0,1,3,1,subtle_intent_drift
1,0.999,0,7,2,0,1,1,0,1,3,1,subtle_intent_drift
0,1.5,1,7,1,1,0,0,1,1,3,1,merchant_substitution
0,1.5,1,7,1,1,0,0,1,1,3,1,merchant_substitution
1,0.8766,0,7,0,0,0,0,0,0,0,0,legitimate
1,0.7188,0,9,1,0,0,0,2,0,2,0,legitimate
1,0.7423,0,7,0,0,0,0,0,0,0,0,legitimate
0,1.5,1,7,1,1,0,0,1,1,3,1,merchant_substitution
0,1.5,1,7,1,1,0,0,1,1,3,1,merchant_substitution
0,1.5,1,7,1,1,0,0,1,1,3,1,merchant_substitution
1,0.999,0,7,2,0,1,1,0,1,3,1,subtle_intent_drift
0,1.5,1,7,1,1,0,0,1,1,3,1,merchant_substitution
0,1.5,1,7,1,1,0,0,1,1,3,1,merchant_substitution
0,1.5,1,7,1,1,0,0,1,1,3,1,merchant_substitution
0,1.5,1,7,1,1,0,0,1,1,3,1,merchant_substitution
1,0.6527,0,7,0,0,0,0,0,0,0,0,legitimate
1,0.6402,0,7,0,0,0,0,0,0,0,0,legitimate
1,0.7977,0,7,0,0,0,0,0,0,0,0,legitimate
1,0.999,0,7,2,0,1,1,0,1,3,1,subtle_intent_drift
1,0.5237,0,7,0,0,0,0,0,0,0,0,legitimate
1,0.7362,0,7,0,0,0,0,0,0,0,0,legitimate
1,0.5365,0,7,0,0,0,0,0,0,0,0,legitimate
1,0.999,0,7,2,0,1,1,0,1,3,1,subtle_intent_drift
1,0.999,0,7,2,0,1,1,0,1,3,1,subtle_intent_drift
0,1.5,1,7,1,1,0,0,1,1,3,1,merchant_substitution
0,1.5,1,7,1,1,0,0,1,1,3,1,merchant_substitution
1,0.7795,0,7,0,0,0,0,0,0,0,0,legitimate
1,0.8189,0,9,1,0,0,0,2,0,2,0,legitimate
1,0.999,0,7,2,0,1,1,0,1,3,1,subtle_intent_drift
1,0.5983,0,7,0,0,0,0,0,0,0,0,legitimate
1,0.6796,0,7,0,0,0,0,0,0,0,0,legitimate
0,1.5,1,7,1,1,0,0,1,1,3,1,merchant_substitution
1,0.999,0,7,2,0,1,1,0,1,3,1,subtle_intent_drift
1,0.954,0,7,0,0,0,0,0,0,0,0,legitimate
1,0.999,0,7,2,0,1,1,0,1,3,1,subtle_intent_drift
0,1.5,1,7,1,1,0,0,1,1,3,1,merchant_substitution
1,0.999,0,7,2,0,1,1,0,1,3,1,subtle_intent_drift
1,0.5811,0,7,0,0,0,0,0,0,0,0,legitimate
1,0.999,0,7,2,0,1,1,0,1,3,1,subtle_intent_drift
1,0.707,0,7,0,0,0,0,0,0,0,0,legitimate
1,0.999,0,7,2,0,1,1,0,1,3,1,subtle_intent_drift
0,1.5,1,7,1,1,0,0,1,1,3,1,merchant_substitution
1,0.999,0,7,2,0,1,1,0,1,3,1,subtle_intent_drift
1,0.9547,0,7,0,0,0,0,0,0,0,0,legitimate
1,0.647,0,7,0,0,0,0,0,0,0,0,legitimate
0,1.5,1,7,1,1,0,0,1,1,3,1,merchant_substitution
1,0.6077,0,9,1,0,0,0,2,0,2,0,legitimate
1,0.999,0,7,2,0,1,1,0,1,3,1,subtle_intent_drift
0,1.5,1,7,1,1,0,0,1,1,3,1,merchant_substitution
1,0.9278,0,9,1,0,0,0,2,0,2,0,legitimate
1,0.999,0,7,2,0,1,1,0,1,3,1,subtle_intent_drift
1,0.5343,0,7,0,0,0,0,0,0,0,0,legitimate
0,1.5,1,7,1,1,0,0,1,1,3,1,merchant_substitution
1,0.8512,0,9,1,0,0,0,2,0,2,0,legitimate
1,0.7799,0,7,0,0,0,0,0,0,0,0,legitimate
1,0.8075,0,7,0,0,0,0,0,0,0,0,legitimate
0,1.5,1,7,1,1,0,0,1,1,3,1,merchant_substitution
1,0.966,0,7,0,0,0,0,0,0,0,0,legitimate
1,0.999,0,7,2,0,1,1,0,1,3,1,subtle_intent_drift
1,0.999,0,7,2,0,1,1,0,1,3,1,subtle_intent_drift
1,0.7865,0,7,0,0,0,0,0,0,0,0,legitimate
1,0.8981,0,9,1,0,0,0,2,0,2,0,legitimate
1,0.999,0,7,2,0,1,1,0,1,3,1,subtle_intent_drift
0,1.5,1,7,1,1,0,0,1,1,3,1,merchant_substitution
1,0.999,0,7,2,0,1,1,0,1,3,1,subtle_intent_drift
0,1.5,1,7,1,1,0,0,1,1,3,1,merchant_substitution
1,0.878,0,7,0,0,0,0,0,0,0,0,legitimate
1,0.999,0,7,2,0,1,1,0,1,3,1,subtle_intent_drift
1,0.7084,0,7,0,0,0,0,0,0,0,0,legitimate
1,0.9002,0,7,0,0,0,0,0,0,0,0,legitimate
1,0.8232,0,7,0,0,0,0,0,0,0,0,legitimate
0,1.5,1,7,1,1,0,0,1,1,3,1,merchant_substitution
1,0.7081,0,7,0,0,0,0,0,0,0,0,legitimate
0,1.5,1,7,1,1,0,0,1,1,3,1,merchant_substitution
0,1.5,1,7,1,1,0,0,1,1,3,1,merchant_substitution
1,0.7616,0,7,0,0,0,0,0,0,0,0,legitimate
1,0.9061,0,9,1,0,0,0,2,0,2,0,legitimate
0,1.5,1,7,1,1,0,0,1,1,3,1,merchant_substitution
1,0.8233,0,9,1,0,0,0,2,0,2,0,legitimate
0,1.5,1,7,1,1,0,0,1,1,3,1,merchant_substitution
1,0.8387,0,7,0,0,0,0,0,0,0,0,legitimate
1,0.999,0,7,2,0,1,1,0,1,3,1,subtle_intent_drift
0,1.5,1,7,1,1,0,0,1,1,3,1,merchant_substitution
1,0.999,0,7,2,0,1,1,0,1,3,1,subtle_intent_drift
0,1.5,1,7,1,1,0,0,1,1,3,1,merchant_substitution
0,1.5,1,7,1,1,0,0,1,1,3,1,merchant_substitution
1,0.8003,0,7,0,0,0,0,0,0,0,0,legitimate
0,1.5,1,7,1,1,0,0,1,1,3,1,merchant_substitution
0,1.5,1,7,1,1,0,0,1,1,3,1,merchant_substitution
1,0.9578,0,7,0,0,0,0,0,0,0,0,legitimate
1,0.999,0,7,2,0,1,1,0,1,3,1,subtle_intent_drift
1,0.999,0,7,2,0,1,1,0,1,3,1,subtle_intent_drift
1,0.8593,0,9,1,0,0,0,2,0,2,0,legitimate
1,0.724,0,7,0,0,0,0,0,0,0,0,legitimate
1,0.5272,0,9,1,0,0,0,2,0,2,0,legitimate
1,0.999,0,7,2,0,1,1,0,1,3,1,subtle_intent_drift
1,0.6893,0,7,0,0,0,0,0,0,0,0,legitimate
0,1.5,1,7,1,1,0,0,1,1,3,1,merchant_substitution
0,1.5,1,7,1,1,0,0,1,1,3,1,merchant_substitution
0,1.5,1,7,1,1,0,0,1,1,3,1,merchant_substitution
0,1.5,1,7,1,1,0,0,1,1,3,1,merchant_substitution
1,0.7848,0,7,0,0,0,0,0,0,0,0,legitimate
1,0.999,0,7,2,0,1,1,0,1,3,1,subtle_intent_drift
1,0.5791,0,9,1,0,0,0,2,0,2,0,legitimate
1,0.6766,0,7,0,0,0,0,0,0,0,0,legitimate
0,1.5,1,7,1,1,0,0,1,1,3,1,merchant_substitution
1,0.6393,0,7,0,0,0,0,0,0,0,0,legitimate
1,0.999,0,7,2,0,1,1,0,1,3,1,subtle_intent_drift
0,1.5,1,7,1,1,0,0,1,1,3,1,merchant_substitution
1,0.999,0,7,2,0,1,1,0,1,3,1,subtle_intent_drift
1,0.7892,0,7,0,0,0,0,0,0,0,0,legitimate
0,1.5,1,7,1,1,0,0,1,1,3,1,merchant_substitution
0,1.5,1,7,1,1,0,0,1,1,3,1,merchant_substitution
1,0.999,0,7,2,0,1,1,0,1,3,1,subtle_intent_drift
1,0.7705,0,7,0,0,0,0,0,0,0,0,legitimate
0,1.5,1,7,1,1,0,0,1,1,3,1,merchant_substitution
1,0.7399,0,7,0,0,0,0,0,0,0,0,legitimate
0,1.5,1,7,1,1,0,0,1,1,3,1,merchant_substitution
1,0.559,0,9,1,0,0,0,2,0,2,0,legitimate
1,0.9241,0,7,0,0,0,0,0,0,0,0,legitimate
1,0.769,0,9,1,0,0,0,2,0,2,0,legitimate
1,0.8309,0,7,0,0,0,0,0,0,0,0,legitimate
1,0.999,0,7,2,0,1,1,0,1,3,1,subtle_intent_drift
1,0.6092,0,7,0,0,0,0,0,0,0,0,legitimate
0,1.5,1,7,1,1,0,0,1,1,3,1,merchant_substitution
1,0.6504,0,7,0,0,0,0,0,0,0,0,legitimate
1,0.9281,0,9,1,0,0,0,2,0,2,0,legitimate
1,0.999,0,7,2,0,1,1,0,1,3,1,subtle_intent_drift
1,0.798,0,7,0,0,0,0,0,0,0,0,legitimate
0,1.5,1,7,1,1,0,0,1,1,3,1,merchant_substitution
1,0.999,0,7,2,0,1,1,0,1,3,1,subtle_intent_drift
0,1.5,1,7,1,1,0,0,1,1,3,1,merchant_substitution
1,0.999,0,7,2,0,1,1,0,1,3,1,subtle_intent_drift
1,0.8668,0,7,0,0,0,0,0,0,0,0,legitimate
1,0.8579,0,9,1,0,0,0,2,0,2,0,legitimate
1,0.8387,0,7,0,0,0,0,0,0,0,0,legitimate
0,1.5,1,7,1,1,0,0,1,1,3,1,merchant_substitution
1,0.5629,0,7,0,0,0,0,0,0,0,0,legitimate
1,0.7141,0,9,1,0,0,0,2,0,2,0,legitimate
0,1.5,1,7,1,1,0,0,1,1,3,1,merchant_substitution
0,1.5,1,7,1,1,0,0,1,1,3,1,merchant_substitution
1,0.999,0,7,2,0,1,1,0,1,3,1,subtle_intent_drift
1,0.999,0,7,2,0,1,1,0,1,3,1,subtle_intent_drift
1,0.8044,0,7,0,0,0,0,0,0,0,0,legitimate
1,0.7453,0,9,1,0,0,0,2,0,2,0,legitimate
1,0.8154,0,7,0,0,0,0,0,0,0,0,legitimate
0,1.5,1,7,1,1,0,0,1,1,3,1,merchant_substitution
0,1.5,1,7,1,1,0,0,1,1,3,1,merchant_substitution
1,0.96,0,9,1,0,0,0,2,0,2,0,legitimate
1,0.7246,0,7,0,0,0,0,0,0,0,0,legitimate
1,0.999,0,7,2,0,1,1,0,1,3,1,subtle_intent_drift
1,0.999,0,7,2,0,1,1,0,1,3,1,subtle_intent_drift
1,0.5028,0,7,0,0,0,0,0,0,0,0,legitimate
1,0.5045,0,9,1,0,0,0,2,0,2,0,legitimate
1,0.999,0,7,2,0,1,1,0,1,3,1,subtle_intent_drift
1,0.999,0,7,2,0,1,1,0,1,3,1,subtle_intent_drift
0,1.5,1,7,1,1,0,0,1,1,3,1,merchant_substitution
0,1.5,1,7,1,1,0,0,1,1,3,1,merchant_substitution
1,0.9705,0,9,1,0,0,0,2,0,2,0,legitimate
1,0.999,0,7,2,0,1,1,0,1,3,1,subtle_intent_drift
0,1.5,1,7,1,1,0,0,1,1,3,1,merchant_substitution
0,1.5,1,7,1,1,0,0,1,1,3,1,merchant_substitution
1,0.999,0,7,2,0,1,1,0,1,3,1,subtle_intent_drift
1,0.5711,0,7,0,0,0,0,0,0,0,0,legitimate
1,0.999,0,7,2,0,1,1,0,1,3,1,subtle_intent_drift
0,1.5,1,7,1,1,0,0,1,1,3,1,merchant_substitution
0,1.5,1,7,1,1,0,0,1,1,3,1,merchant_substitution
0,1.5,1,7,1,1,0,0,1,1,3,1,merchant_substitution
1,0.9289,0,7,0,0,0,0,0,0,0,0,legitimate
1,0.7884,0,7,0,0,0,0,0,0,0,0,legitimate
1,0.6952,0,7,0,0,0,0,0,0,0,0,legitimate
1,0.999,0,7,2,0,1,1,0,1,3,1,subtle_intent_drift
1,0.6474,0,7,0,0,0,0,0,0,0,0,legitimate
1,0.5246,0,9,1,0,0,0,2,0,2,0,legitimate
1,0.8659,0,7,0,0,0,0,0,0,0,0,legitimate
1,0.999,0,7,2,0,1,1,0,1,3,1,subtle_intent_drift
0,1.5,1,7,1,1,0,0,1,1,3,1,merchant_substitution
0,1.5,1,7,1,1,0,0,1,1,3,1,merchant_substitution
1,0.5043,0,7,0,0,0,0,0,0,0,0,legitimate
1,0.7719,0,7,0,0,0,0,0,0,0,0,legitimate
1,0.999,0,7,2,0,1,1,0,1,3,1,subtle_intent_drift
0,1.5,1,7,1,1,0,0,1,1,3,1,merchant_substitution
1,0.999,0,7,2,0,1,1,0,1,3,1,subtle_intent_drift
1,0.999,0,7,2,0,1,1,0,1,3,1,subtle_intent_drift
1,0.999,0,7,2,0,1,1,0,1,3,1,subtle_intent_drift
1,0.5928,0,7,0,0,0,0,0,0,0,0,legitimate
1,0.999,0,7,2,0,1,1,0,1,3,1,subtle_intent_drift
1,0.999,0,7,2,0,1,1,0,1,3,1,subtle_intent_drift
1,0.999,0,7,2,0,1,1,0,1,3,1,subtle_intent_drift
1,0.6983,0,7,0,0,0,0,0,0,0,0,legitimate
0,1.5,1,7,1,1,0,0,1,1,3,1,merchant_substitution
1,0.9485,0,7,0,0,0,0,0,0,0,0,legitimate
1,0.999,0,7,2,0,1,1,0,1,3,1,subtle_intent_drift
1,0.7125,0,7,0,0,0,0,0,0,0,0,legitimate
0,1.5,1,7,1,1,0,0,1,1,3,1,merchant_substitution
1,0.7843,0,7,0,0,0,0,0,0,0,0,legitimate
0,1.5,1,7,1,1,0,0,1,1,3,1,merchant_substitution
1,0.7287,0,7,0,0,0,0,0,0,0,0,legitimate
0,1.5,1,7,1,1,0,0,1,1,3,1,merchant_substitution
1,0.8262,0,9,1,0,0,0,2,0,2,0,legitimate
1,0.7547,0,9,1,0,0,0,2,0,2,0,legitimate
0,1.5,1,7,1,1,0,0,1,1,3,1,merchant_substitution
1,0.999,0,7,2,0,1,1,0,1,3,1,subtle_intent_drift
1,0.67,0,7,0,0,0,0,0,0,0,0,legitimate
1,0.999,0,7,2,0,1,1,0,1,3,1,subtle_intent_drift
1,0.6713,0,9,1,0,0,0,2,0,2,0,legitimate
1,0.999,0,7,2,0,1,1,0,1,3,1,subtle_intent_drift
1,0.6432,0,9,1,0,0,0,2,0,2,0,legitimate
1,0.5884,0,7,0,0,0,0,0,0,0,0,legitimate
1,0.999,0,7,2,0,1,1,0,1,3,1,subtle_intent_drift
1,0.7921,0,9,1,0,0,0,2,0,2,0,legitimate
1,0.999,0,7,2,0,1,1,0,1,3,1,subtle_intent_drift
0,1.5,1,7,1,1,0,0,1,1,3,1,merchant_substitution
1,0.999,0,7,2,0,1,1,0,1,3,1,subtle_intent_drift
0,1.5,1,7,1,1,0,0,1,1,3,1,merchant_substitution
1,0.9227,0,9,1,0,0,0,2,0,2,0,legitimate
1,0.999,0,7,2,0,1,1,0,1,3,1,subtle_intent_drift
0,1.5,1,7,1,1,0,0,1,1,3,1,merchant_substitution
0,1.5,1,7,1,1,0,0,1,1,3,1,merchant_substitution
1,0.7473,0,7,0,0,0,0,0,0,0,0,legitimate
0,1.5,1,7,1,1,0,0,1,1,3,1,merchant_substitution
1,0.5929,0,9,1,0,0,0,2,0,2,0,legitimate
1,0.516,0,7,0,0,0,0,0,0,0,0,legitimate
1,0.999,0,7,2,0,1,1,0,1,3,1,subtle_intent_drift
1,0.9537,0,7,0,0,0,0,0,0,0,0,legitimate
1,0.5606,0,7,0,0,0,0,0,0,0,0,legitimate
0,1.5,1,7,1,1,0,0,1,1,3,1,merchant_substitution
1,0.999,0,7,2,0,1,1,0,1,3,1,subtle_intent_drift
0,1.5,1,7,1,1,0,0,1,1,3,1,merchant_substitution
0,1.5,1,7,1,1,0,0,1,1,3,1,merchant_substitution
1,0.8508,0,9,1,0,0,0,2,0,2,0,legitimate
1,0.5008,0,7,0,0,0,0,0,0,0,0,legitimate
0,1.5,1,7,1,1,0,0,1,1,3,1,merchant_substitution
0,1.5,1,7,1,1,0,0,1,1,3,1,merchant_substitution
1,0.9785,0,7,0,0,0,0,0,0,0,0,legitimate
0,1.5,1,7,1,1,0,0,1,1,3,1,merchant_substitution
0,1.5,1,7,1,1,0,0,1,1,3,1,merchant_substitution
0,1.5,1,7,1,1,0,0,1,1,3,1,merchant_substitution
0,1.5,1,7,1,1,0,0,1,1,3,1,merchant_substitution
1,0.999,0,7,2,0,1,1,0,1,3,1,subtle_intent_drift
0,1.5,1,7,1,1,0,0,1,1,3,1,merchant_substitution
0,1.5,1,7,1,1,0,0,1,1,3,1,merchant_substitution
0,1.5,1,7,1,1,0,0,1,1,3,1,merchant_substitution
1,0.6496,0,9,1,0,0,0,2,0,2,0,legitimate
0,1.5,1,7,1,1,0,0,1,1,3,1,merchant_substitution
1,0.999,0,7,2,0,1,1,0,1,3,1,subtle_intent_drift
1,0.999,0,7,2,0,1,1,0,1,3,1,subtle_intent_drift
1,0.849,0,7,0,0,0,0,0,0,0,0,legitimate
1,0.6332,0,7,0,0,0,0,0,0,0,0,legitimate
1,0.7907,0,9,1,0,0,0,2,0,2,0,legitimate
1,0.6528,0,7,0,0,0,0,0,0,0,0,legitimate
0,1.5,1,7,1,1,0,0,1,1,3,1,merchant_substitution
0,1.5,1,7,1,1,0,0,1,1,3,1,merchant_substitution
1,0.6309,0,7,0,0,0,0,0,0,0,0,legitimate
0,1.5,1,7,1,1,0,0,1,1,3,1,merchant_substitution
1,0.6917,0,9,1,0,0,0,2,0,2,0,legitimate
1,0.605,0,7,0,0,0,0,0,0,0,0,legitimate
1,0.999,0,7,2,0,1,1,0,1,3,1,subtle_intent_drift
0,1.5,1,7,1,1,0,0,1,1,3,1,merchant_substitution
1,0.6747,0,9,1,0,0,0,2,0,2,0,legitimate
0,1.5,1,7,1,1,0,0,1,1,3,1,merchant_substitution
1,0.6499,0,7,0,0,0,0,0,0,0,0,legitimate
0,1.5,1,7,1,1,0,0,1,1,3,1,merchant_substitution
0,1.5,1,7,1,1,0,0,1,1,3,1,merchant_substitution
1,0.6824,0,9,1,0,0,0,2,0,2,0,legitimate
1,0.8032,0,9,1,0,0,0,2,0,2,0,legitimate
1,0.999,0,7,2,0,1,1,0,1,3,1,subtle_intent_drift
1,0.685,0,7,0,0,0,0,0,0,0,0,legitimate
0,1.5,1,7,1,1,0,0,1,1,3,1,merchant_substitution
1,0.6126,0,7,0,0,0,0,0,0,0,0,legitimate
1,0.999,0,7,2,0,1,1,0,1,3,1,subtle_intent_drift
0,1.5,1,7,1,1,0,0,1,1,3,1,merchant_substitution
1,0.999,0,7,2,0,1,1,0,1,3,1,subtle_intent_drift
1,0.9606,0,7,0,0,0,0,0,0,0,0,legitimate
1,0.7865,0,9,1,0,0,0,2,0,2,0,legitimate
1,0.7725,0,9,1,0,0,0,2,0,2,0,legitimate
1,0.6783,0,7,0,0,0,0,0,0,0,0,legitimate
1,0.999,0,7,2,0,1,1,0,1,3,1,subtle_intent_drift
1,0.999,0,7,2,0,1,1,0,1,3,1,subtle_intent_drift
0,1.5,1,7,1,1,0,0,1,1,3,1,merchant_substitution
0,1.5,1,7,1,1,0,0,1,1,3,1,merchant_substitution
1,0.7912,0,7,0,0,0,0,0,0,0,0,legitimate
1,0.7723,0,9,1,0,0,0,2,0,2,0,legitimate
0,1.5,1,7,1,1,0,0,1,1,3,1,merchant_substitution
0,1.5,1,7,1,1,0,0,1,1,3,1,merchant_substitution
1,0.8889,0,7,0,0,0,0,0,0,0,0,legitimate
1,0.7032,0,7,0,0,0,0,0,0,0,0,legitimate
1,0.6202,0,7,0,0,0,0,0,0,0,0,legitimate
1,0.999,0,7,2,0,1,1,0,1,3,1,subtle_intent_drift
1,0.6908,0,7,0,0,0,0,0,0,0,0,legitimate
1,0.5073,0,7,0,0,0,0,0,0,0,0,legitimate
1,0.5288,0,7,0,0,0,0,0,0,0,0,legitimate
1,0.999,0,7,2,0,1,1,0,1,3,1,subtle_intent_drift
1,0.775,0,7,0,0,0,0,0,0,0,0,legitimate
0,1.5,1,7,1,1,0,0,1,1,3,1,merchant_substitution
0,1.5,1,7,1,1,0,0,1,1,3,1,merchant_substitution
1,0.553,0,7,0,0,0,0,0,0,0,0,legitimate
1,0.867,0,7,0,0,0,0,0,0,0,0,legitimate
1,0.999,0,7,2,0,1,1,0,1,3,1,subtle_intent_drift
1,0.9107,0,7,0,0,0,0,0,0,0,0,legitimate
1,0.833,0,9,1,0,0,0,2,0,2,0,legitimate
1,0.999,0,7,2,0,1,1,0,1,3,1,subtle_intent_drift
0,1.5,1,7,1,1,0,0,1,1,3,1,merchant_substitution
1,0.8517,0,7,0,0,0,0,0,0,0,0,legitimate
1,0.758,0,7,0,0,0,0,0,0,0,0,legitimate
1,0.8411,0,7,0,0,0,0,0,0,0,0,legitimate
1,0.999,0,7,2,0,1,1,0,1,3,1,subtle_intent_drift
1,0.999,0,7,2,0,1,1,0,1,3,1,subtle_intent_drift
0,1.5,1,7,1,1,0,0,1,1,3,1,merchant_substitution
1,0.8086,0,7,0,0,0,0,0,0,0,0,legitimate
1,0.999,0,7,2,0,1,1,0,1,3,1,subtle_intent_drift
1,0.9438,0,7,0,0,0,0,0,0,0,0,legitimate
1,0.999,0,7,2,0,1,1,0,1,3,1,subtle_intent_drift
1,0.6145,0,9,1,0,0,0,2,0,2,0,legitimate
1,0.6682,0,7,0,0,0,0,0,0,0,0,legitimate
1,0.7634,0,7,0,0,0,0,0,0,0,0,legitimate
1,0.999,0,7,2,0,1,1,0,1,3,1,subtle_intent_drift
1,0.999,0,7,2,0,1,1,0,1,3,1,subtle_intent_drift
0,1.5,1,7,1,1,0,0,1,1,3,1,merchant_substitution
0,1.5,1,7,1,1,0,0,1,1,3,1,merchant_substitution
1,0.5542,0,7,0,0,0,0,0,0,0,0,legitimate
1,0.7276,0,9,1,0,0,0,2,0,2,0,legitimate
1,0.5686,0,9,1,0,0,0,2,0,2,0,legitimate
1,0.999,0,7,2,0,1,1,0,1,3,1,subtle_intent_drift
1,0.999,0,7,2,0,1,1,0,1,3,1,subtle_intent_drift
1,0.6544,0,7,0,0,0,0,0,0,0,0,legitimate
1,0.9705,0,9,1,0,0,0,2,0,2,0,legitimate
1,0.8119,0,9,1,0,0,0,2,0,2,0,legitimate
1,0.8908,0,9,1,0,0,0,2,0,2,0,legitimate
1,0.999,0,7,2,0,1,1,0,1,3,1,subtle_intent_drift
1,0.7203,0,7,0,0,0,0,0,0,0,0,legitimate
1,0.938,0,9,1,0,0,0,2,0,2,0,legitimate
0,1.5,1,7,1,1,0,0,1,1,3,1,merchant_substitution
1,0.7981,0,7,0,0,0,0,0,0,0,0,legitimate
1,0.999,0,7,2,0,1,1,0,1,3,1,subtle_intent_drift
1,0.6479,0,7,0,0,0,0,0,0,0,0,legitimate
1,0.7958,0,7,0,0,0,0,0,0,0,0,legitimate
1,0.999,0,7,2,0,1,1,0,1,3,1,subtle_intent_drift
1,0.8259,0,7,0,0,0,0,0,0,0,0,legitimate
1,0.999,0,7,2,0,1,1,0,1,3,1,subtle_intent_drift
1,0.8736,0,7,0,0,0,0,0,0,0,0,legitimate
1,0.999,0,7,2,0,1,1,0,1,3,1,subtle_intent_drift
1,0.8696,0,7,0,0,0,0,0,0,0,0,legitimate
0,1.5,1,7,1,1,0,0,1,1,3,1,merchant_substitution
1,0.6146,0,7,0,0,0,0,0,0,0,0,legitimate
1,0.6999,0,7,0,0,0,0,0,0,0,0,legitimate
1,0.999,0,7,2,0,1,1,0,1,3,1,subtle_intent_drift
0,1.5,1,7,1,1,0,0,1,1,3,1,merchant_substitution
1,0.5279,0,7,0,0,0,0,0,0,0,0,legitimate
1,0.944,0,7,0,0,0,0,0,0,0,0,legitimate
0,1.5,1,7,1,1,0,0,1,1,3,1,merchant_substitution
1,0.7287,0,7,0,0,0,0,0,0,0,0,legitimate
1,0.7719,0,9,1,0,0,0,2,0,2,0,legitimate
1,0.999,0,7,2,0,1,1,0,1,3,1,subtle_intent_drift
1,0.999,0,7,2,0,1,1,0,1,3,1,subtle_intent_drift
1,0.7571,0,7,0,0,0,0,0,0,0,0,legitimate
1,0.5309,0,9,1,0,0,0,2,0,2,0,legitimate
1,0.7882,0,7,0,0,0,0,0,0,0,0,legitimate
1,0.7921,0,9,1,0,0,0,2,0,2,0,legitimate
1,0.999,0,7,2,0,1,1,0,1,3,1,subtle_intent_drift
1,0.999,0,7,2,0,1,1,0,1,3,1,subtle_intent_drift
1,0.6642,0,7,0,0,0,0,0,0,0,0,legitimate
0,1.5,1,7,1,1,0,0,1,1,3,1,merchant_substitution
1,0.999,0,7,2,0,1,1,0,1,3,1,subtle_intent_drift
1,0.999,0,7,2,0,1,1,0,1,3,1,subtle_intent_drift
1,0.999,0,7,2,0,1,1,0,1,3,1,subtle_intent_drift
1,0.9796,0,7,0,0,0,0,0,0,0,0,legitimate
1,0.5935,0,7,0,0,0,0,0,0,0,0,legitimate
1,0.6168,0,7,0,0,0,0,0,0,0,0,legitimate
0,1.5,1,7,1,1,0,0,1,1,3,1,merchant_substitution
1,0.999,0,7,2,0,1,1,0,1,3,1,subtle_intent_drift
1,0.521,0,7,0,0,0,0,0,0,0,0,legitimate
1,0.9275,0,7,0,0,0,0,0,0,0,0,legitimate
1,0.5944,0,7,0,0,0,0,0,0,0,0,legitimate
1,0.8513,0,9,1,0,0,0,2,0,2,0,legitimate
1,0.999,0,7,2,0,1,1,0,1,3,1,subtle_intent_drift
1,0.5823,0,7,0,0,0,0,0,0,0,0,legitimate
1,0.775,0,9,1,0,0,0,2,0,2,0,legitimate
1,0.999,0,7,2,0,1,1,0,1,3,1,subtle_intent_drift
1,0.5053,0,7,0,0,0,0,0,0,0,0,legitimate
1,0.9297,0,7,0,0,0,0,0,0,0,0,legitimate
1,0.999,0,7,2,0,1,1,0,1,3,1,subtle_intent_drift
1,0.8239,0,7,0,0,0,0,0,0,0,0,legitimate
1,0.999,0,7,2,0,1,1,0,1,3,1,subtle_intent_drift
0,1.5,1,7,1,1,0,0,1,1,3,1,merchant_substitution
1,0.999,0,7,2,0,1,1,0,1,3,1,subtle_intent_drift
1,0.6674,0,7,0,0,0,0,0,0,0,0,legitimate
0,1.5,1,7,1,1,0,0,1,1,3,1,merchant_substitution
1,0.6288,0,7,0,0,0,0,0,0,0,0,legitimate
1,0.5049,0,7,0,0,0,0,0,0,0,0,legitimate
0,1.5,1,7,1,1,0,0,1,1,3,1,merchant_substitution
1,0.8789,0,7,0,0,0,0,0,0,0,0,legitimate
1,0.8184,0,7,0,0,0,0,0,0,0,0,legitimate
1,0.552,0,7,0,0,0,0,0,0,0,0,legitimate
0,1.5,1,7,1,1,0,0,1,1,3,1,merchant_substitution
1,0.9019,0,9,1,0,0,0,2,0,2,0,legitimate
1,0.8074,0,9,1,0,0,0,2,0,2,0,legitimate
0,1.5,1,7,1,1,0,0,1,1,3,1,merchant_substitution
1,0.9609,0,9,1,0,0,0,2,0,2,0,legitimate
1,0.8996,0,7,0,0,0,0,0,0,0,0,legitimate
1,0.999,0,7,2,0,1,1,0,1,3,1,subtle_intent_drift
1,0.999,0,7,2,0,1,1,0,1,3,1,subtle_intent_drift
1,0.999,0,7,2,0,1,1,0,1,3,1,subtle_intent_drift
1,0.8205,0,7,0,0,0,0,0,0,0,0,legitimate
1,0.7706,0,7,0,0,0,0,0,0,0,0,legitimate
1,0.8704,0,9,1,0,0,0,2,0,2,0,legitimate
1,0.999,0,7,2,0,1,1,0,1,3,1,subtle_intent_drift
1,0.8968,0,7,0,0,0,0,0,0,0,0,legitimate
1,0.5896,0,9,1,0,0,0,2,0,2,0,legitimate
0,1.5,1,7,1,1,0,0,1,1,3,1,merchant_substitution
1,0.9105,0,7,0,0,0,0,0,0,0,0,legitimate
1,0.999,0,7,2,0,1,1,0,1,3,1,subtle_intent_drift
1,0.999,0,7,2,0,1,1,0,1,3,1,subtle_intent_drift
1,0.9182,0,9,1,0,0,0,2,0,2,0,legitimate
1,0.758,0,7,0,0,0,0,0,0,0,0,legitimate
1,0.533,0,7,0,0,0,0,0,0,0,0,legitimate
1,0.7334,0,7,0,0,0,0,0,0,0,0,legitimate
1,0.999,0,7,2,0,1,1,0,1,3,1,subtle_intent_drift
1,0.5364,0,7,0,0,0,0,0,0,0,0,legitimate
1,0.6792,0,7,0,0,0,0,0,0,0,0,legitimate
1,0.999,0,7,2,0,1,1,0,1,3,1,subtle_intent_drift
1,0.7884,0,7,0,0,0,0,0,0,0,0,legitimate
1,0.6037,0,9,1,0,0,0,2,0,2,0,legitimate
1,0.5956,0,7,0,0,0,0,0,0,0,0,legitimate
1,0.999,0,7,2,0,1,1,0,1,3,1,subtle_intent_drift
0,1.5,1,7,1,1,0,0,1,1,3,1,merchant_substitution
0,1.5,1,7,1,1,0,0,1,1,3,1,merchant_substitution
1,0.5074,0,9,1,0,0,0,2,0,2,0,legitimate
1,0.7805,0,9,1,0,0,0,2,0,2,0,legitimate
1,0.999,0,7,2,0,1,1,0,1,3,1,subtle_intent_drift
1,0.902,0,9,1,0,0,0,2,0,2,0,legitimate
1,0.999,0,7,2,0,1,1,0,1,3,1,subtle_intent_drift
0,1.5,1,7,1,1,0,0,1,1,3,1,merchant_substitution
1,0.5388,0,9,1,0,0,0,2,0,2,0,legitimate
0,1.5,1,7,1,1,0,0,1,1,3,1,merchant_substitution
1,0.6669,0,9,1,0,0,0,2,0,2,0,legitimate
0,1.5,1,7,1,1,0,0,1,1,3,1,merchant_substitution
1,0.8316,0,7,0,0,0,0,0,0,0,0,legitimate
1,0.7862,0,9,1,0,0,0,2,0,2,0,legitimate
1,0.9061,0,7,0,0,0,0,0,0,0,0,legitimate
0,1.5,1,7,1,1,0,0,1,1,3,1,merchant_substitution
1,0.999,0,7,2,0,1,1,0,1,3,1,subtle_intent_drift
0,1.5,1,7,1,1,0,0,1,1,3,1,merchant_substitution
1,0.622,0,7,0,0,0,0,0,0,0,0,legitimate
0,1.5,1,7,1,1,0,0,1,1,3,1,merchant_substitution
0,1.5,1,7,1,1,0,0,1,1,3,1,merchant_substitution
1,0.999,0,7,2,0,1,1,0,1,3,1,subtle_intent_drift
1,0.9027,0,9,1,0,0,0,2,0,2,0,legitimate
1,0.999,0,7,2,0,1,1,0,1,3,1,subtle_intent_drift
1,0.9019,0,7,0,0,0,0,0,0,0,0,legitimate
1,0.999,0,7,2,0,1,1,0,1,3,1,subtle_intent_drift
1,0.9533,0,7,0,0,0,0,0,0,0,0,legitimate
1,0.999,0,7,2,0,1,1,0,1,3,1,subtle_intent_drift
1,0.999,0,7,2,0,1,1,0,1,3,1,subtle_intent_drift
1,0.7973,0,7,0,0,0,0,0,0,0,0,legitimate
1,0.5947,0,9,1,0,0,0,2,0,2,0,legitimate
1,0.641,0,7,0,0,0,0,0,0,0,0,legitimate
1,0.9316,0,7,0,0,0,0,0,0,0,0,legitimate
0,1.5,1,7,1,1,0,0,1,1,3,1,merchant_substitution
0,1.5,1,7,1,1,0,0,1,1,3,1,merchant_substitution
1,0.999,0,7,2,0,1,1,0,1,3,1,subtle_intent_drift
1,0.999,0,7,2,0,1,1,0,1,3,1,subtle_intent_drift
1,0.999,0,7,2,0,1,1,0,1,3,1,subtle_intent_drift
0,1.5,1,7,1,1,0,0,1,1,3,1,merchant_substitution
0,1.5,1,7,1,1,0,0,1,1,3,1,merchant_substitution
0,1.5,1,7,1,1,0,0,1,1,3,1,merchant_substitution
1,0.5858,0,9,1,0,0,0,2,0,2,0,legitimate
1,0.999,0,7,2,0,1,1,0,1,3,1,subtle_intent_drift
1,0.5501,0,7,0,0,0,0,0,0,0,0,legitimate
1,0.9647,0,9,1,0,0,0,2,0,2,0,legitimate
0,1.5,1,7,1,1,0,0,1,1,3,1,merchant_substitution
1,0.917,0,9,1,0,0,0,2,0,2,0,legitimate
0,1.5,1,7,1,1,0,0,1,1,3,1,merchant_substitution
1,0.999,0,7,2,0,1,1,0,1,3,1,subtle_intent_drift
1,0.8774,0,7,0,0,0,0,0,0,0,0,legitimate
1,0.8263,0,7,0,0,0,0,0,0,0,0,legitimate
1,0.999,0,7,2,0,1,1,0,1,3,1,subtle_intent_drift
1,0.999,0,7,2,0,1,1,0,1,3,1,subtle_intent_drift
1,0.6183,0,7,0,0,0,0,0,0,0,0,legitimate
1,0.7381,0,9,1,0,0,0,2,0,2,0,legitimate
0,1.5,1,7,1,1,0,0,1,1,3,1,merchant_substitution
1,0.9316,0,7,0,0,0,0,0,0,0,0,legitimate
1,0.6482,0,7,0,0,0,0,0,0,0,0,legitimate
0,1.5,1,7,1,1,0,0,1,1,3,1,merchant_substitution
0,1.5,1,7,1,1,0,0,1,1,3,1,merchant_substitution
0,1.5,1,7,1,1,0,0,1,1,3,1,merchant_substitution
1,0.999,0,7,2,0,1,1,0,1,3,1,subtle_intent_drift
1,0.7787,0,7,0,0,0,0,0,0,0,0,legitimate
1,0.578,0,9,1,0,0,0,2,0,2,0,legitimate
1,0.6791,0,7,0,0,0,0,0,0,0,0,legitimate
0,1.5,1,7,1,1,0,0,1,1,3,1,merchant_substitution
1,0.9745,0,7,0,0,0,0,0,0,0,0,legitimate
1,0.907,0,7,0,0,0,0,0,0,0,0,legitimate
1,0.8473,0,9,1,0,0,0,2,0,2,0,legitimate
1,0.6704,0,9,1,0,0,0,2,0,2,0,legitimate
1,0.6753,0,7,0,0,0,0,0,0,0,0,legitimate
0,1.5,1,7,1,1,0,0,1,1,3,1,merchant_substitution
1,0.9188,0,9,1,0,0,0,2,0,2,0,legitimate
1,0.999,0,7,2,0,1,1,0,1,3,1,subtle_intent_drift
1,0.5207,0,7,0,0,0,0,0,0,0,0,legitimate
1,0.7868,0,9,1,0,0,0,2,0,2,0,legitimate
1,0.999,0,7,2,0,1,1,0,1,3,1,subtle_intent_drift
1,0.7437,0,9,1,0,0,0,2,0,2,0,legitimate
1,0.8029,0,7,0,0,0,0,0,0,0,0,legitimate
0,1.5,1,7,1,1,0,0,1,1,3,1,merchant_substitution
0,1.5,1,7,1,1,0,0,1,1,3,1,merchant_substitution
0,1.5,1,7,1,1,0,0,1,1,3,1,merchant_substitution
1,0.8638,0,7,0,0,0,0,0,0,0,0,legitimate
1,0.999,0,7,2,0,1,1,0,1,3,1,subtle_intent_drift
1,0.999,0,7,2,0,1,1,0,1,3,1,subtle_intent_drift
1,0.5719,0,7,0,0,0,0,0,0,0,0,legitimate
0,1.5,1,7,1,1,0,0,1,1,3,1,merchant_substitution
1,0.999,0,7,2,0,1,1,0,1,3,1,subtle_intent_drift
0,1.5,1,7,1,1,0,0,1,1,3,1,merchant_substitution
1,0.7276,0,9,1,0,0,0,2,0,2,0,legitimate
1,0.5175,0,7,0,0,0,0,0,0,0,0,legitimate
0,1.5,1,7,1,1,0,0,1,1,3,1,merchant_substitution
1,0.999,0,7,2,0,1,1,0,1,3,1,subtle_intent_drift
1,0.999,0,7,2,0,1,1,0,1,3,1,subtle_intent_drift
1,0.8752,0,7,0,0,0,0,0,0,0,0,legitimate
1,0.7387,0,7,0,0,0,0,0,0,0,0,legitimate
0,1.5,1,7,1,1,0,0,1,1,3,1,merchant_substitution
0,1.5,1,7,1,1,0,0,1,1,3,1,merchant_substitution
0,1.5,1,7,1,1,0,0,1,1,3,1,merchant_substitution
1,0.8574,0,7,0,0,0,0,0,0,0,0,legitimate
1,0.5618,0,7,0,0,0,0,0,0,0,0,legitimate
1,0.953,0,7,0,0,0,0,0,0,0,0,legitimate
1,0.999,0,7,2,0,1,1,0,1,3,1,subtle_intent_drift
0,1.5,1,7,1,1,0,0,1,1,3,1,merchant_substitution
1,0.999,0,7,2,0,1,1,0,1,3,1,subtle_intent_drift
1,0.7751,0,7,0,0,0,0,0,0,0,0,legitimate
0,1.5,1,7,1,1,0,0,1,1,3,1,merchant_substitution
1,0.7074,0,9,1,0,0,0,2,0,2,0,legitimate
1,0.5173,0,7,0,0,0,0,0,0,0,0,legitimate
0,1.5,1,7,1,1,0,0,1,1,3,1,merchant_substitution
1,0.8046,0,7,0,0,0,0,0,0,0,0,legitimate
1,0.9024,0,9,1,0,0,0,2,0,2,0,legitimate
1,0.999,0,7,2,0,1,1,0,1,3,1,subtle_intent_drift
1,0.7655,0,9,1,0,0,0,2,0,2,0,legitimate
1,0.5716,0,9,1,0,0,0,2,0,2,0,legitimate
1,0.999,0,7,2,0,1,1,0,1,3,1,subtle_intent_drift
1,0.999,0,7,2,0,1,1,0,1,3,1,subtle_intent_drift
1,0.8942,0,7,0,0,0,0,0,0,0,0,legitimate
1,0.5754,0,7,0,0,0,0,0,0,0,0,legitimate
1,0.7348,0,9,1,0,0,0,2,0,2,0,legitimate
1,0.999,0,7,2,0,1,1,0,1,3,1,subtle_intent_drift
1,0.999,0,7,2,0,1,1,0,1,3,1,subtle_intent_drift
0,1.5,1,7,1,1,0,0,1,1,3,1,merchant_substitution
1,0.999,0,7,2,0,1,1,0,1,3,1,subtle_intent_drift
1,0.5309,0,7,0,0,0,0,0,0,0,0,legitimate
1,0.6289,0,7,0,0,0,0,0,0,0,0,legitimate
1,0.6578,0,7,0,0,0,0,0,0,0,0,legitimate
0,1.5,1,7,1,1,0,0,1,1,3,1,merchant_substitution
1,0.999,0,7,2,0,1,1,0,1,3,1,subtle_intent_drift
1,0.6976,0,7,0,0,0,0,0,0,0,0,legitimate
1,0.913,0,7,0,0,0,0,0,0,0,0,legitimate
1,0.753,0,7,0,0,0,0,0,0,0,0,legitimate
1,0.999,0,7,2,0,1,1,0,1,3,1,subtle_intent_drift
0,1.5,1,7,1,1,0,0,1,1,3,1,merchant_substitution
1,0.999,0,7,2,0,1,1,0,1,3,1,subtle_intent_drift
1,0.7896,0,9,1,0,0,0,2,0,2,0,legitimate
1,0.6137,0,7,0,0,0,0,0,0,0,0,legitimate
1,0.7053,0,7,0,0,0,0,0,0,0,0,legitimate
1,0.7903,0,9,1,0,0,0,2,0,2,0,legitimate
1,0.999,0,7,2,0,1,1,0,1,3,1,subtle_intent_drift
1,0.999,0,7,2,0,1,1,0,1,3,1,subtle_intent_drift
0,1.5,1,7,1,1,0,0,1,1,3,1,merchant_substitution
1,0.999,0,7,2,0,1,1,0,1,3,1,subtle_intent_drift
1,0.999,0,7,2,0,1,1,0,1,3,1,subtle_intent_drift
1,0.999,0,7,2,0,1,1,0,1,3,1,subtle_intent_drift
1,0.9631,0,9,1,0,0,0,2,0,2,0,legitimate
1,0.999,0,7,2,0,1,1,0,1,3,1,subtle_intent_drift
1,0.999,0,7,2,0,1,1,0,1,3,1,subtle_intent_drift
0,1.5,1,7,1,1,0,0,1,1,3,1,merchant_substitution
1,0.9619,0,7,0,0,0,0,0,0,0,0,legitimate
1,0.999,0,7,2,0,1,1,0,1,3,1,subtle_intent_drift
0,1.5,1,7,1,1,0,0,1,1,3,1,merchant_substitution
1,0.755,0,9,1,0,0,0,2,0,2,0,legitimate
1,0.9454,0,9,1,0,0,0,2,0,2,0,legitimate
1,0.5053,0,9,1,0,0,0,2,0,2,0,legitimate
1,0.999,0,7,2,0,1,1,0,1,3,1,subtle_intent_drift
1,0.999,0,7,2,0,1,1,0,1,3,1,subtle_intent_drift
1,0.5027,0,7,0,0,0,0,0,0,0,0,legitimate
1,0.9436,0,9,1,0,0,0,2,0,2,0,legitimate
1,0.7206,0,9,1,0,0,0,2,0,2,0,legitimate
1,0.8534,0,7,0,0,0,0,0,0,0,0,legitimate
1,0.999,0,7,2,0,1,1,0,1,3,1,subtle_intent_drift
1,0.9537,0,9,1,0,0,0,2,0,2,0,legitimate
1,0.8124,0,9,1,0,0,0,2,0,2,0,legitimate
1,0.999,0,7,2,0,1,1,0,1,3,1,subtle_intent_drift
0,1.5,1,7,1,1,0,0,1,1,3,1,merchant_substitution
1,0.5731,0,7,0,0,0,0,0,0,0,0,legitimate
1,0.9096,0,7,0,0,0,0,0,0,0,0,legitimate
1,0.7476,0,9,1,0,0,0,2,0,2,0,legitimate
1,0.999,0,7,2,0,1,1,0,1,3,1,subtle_intent_drift
1,0.999,0,7,2,0,1,1,0,1,3,1,subtle_intent_drift
0,1.5,1,7,1,1,0,0,1,1,3,1,merchant_substitution
1,0.5923,0,7,0,0,0,0,0,0,0,0,legitimate
0,1.5,1,7,1,1,0,0,1,1,3,1,merchant_substitution
1,0.6204,0,9,1,0,0,0,2,0,2,0,legitimate
1,0.9335,0,7,0,0,0,0,0,0,0,0,legitimate
1,0.6471,0,7,0,0,0,0,0,0,0,0,legitimate
0,1.5,1,7,1,1,0,0,1,1,3,1,merchant_substitution
1,0.5397,0,7,0,0,0,0,0,0,0,0,legitimate
1,0.8323,0,7,0,0,0,0,0,0,0,0,legitimate
1,0.6979,0,7,0,0,0,0,0,0,0,0,legitimate
1,0.8996,0,7,0,0,0,0,0,0,0,0,legitimate
1,0.7329,0,9,1,0,0,0,2,0,2,0,legitimate
1,0.999,0,7,2,0,1,1,0,1,3,1,subtle_intent_drift
1,0.6204,0,7,0,0,0,0,0,0,0,0,legitimate
1,0.999,0,7,2,0,1,1,0,1,3,1,subtle_intent_drift
1,0.8687,0,7,0,0,0,0,0,0,0,0,legitimate
1,0.85,0,9,1,0,0,0,2,0,2,0,legitimate
0,1.5,1,7,1,1,0,0,1,1,3,1,merchant_substitution
1,0.999,0,7,2,0,1,1,0,1,3,1,subtle_intent_drift
0,1.5,1,7,1,1,0,0,1,1,3,1,merchant_substitution
1,0.999,0,7,2,0,1,1,0,1,3,1,subtle_intent_drift
1,0.999,0,7,2,0,1,1,0,1,3,1,subtle_intent_drift
1,0.999,0,7,2,0,1,1,0,1,3,1,subtle_intent_drift
0,1.5,1,7,1,1,0,0,1,1,3,1,merchant_substitution
0,1.5,1,7,1,1,0,0,1,1,3,1,merchant_substitution
1,0.999,0,7,2,0,1,1,0,1,3,1,subtle_intent_drift
1,0.637,0,7,0,0,0,0,0,0,0,0,legitimate
1,0.7853,0,9,1,0,0,0,2,0,2,0,legitimate
1,0.999,0,7,2,0,1,1,0,1,3,1,subtle_intent_drift
0,1.5,1,7,1,1,0,0,1,1,3,1,merchant_substitution
1,0.999,0,7,2,0,1,1,0,1,3,1,subtle_intent_drift
1,0.999,0,7,2,0,1,1,0,1,3,1,subtle_intent_drift
0,1.5,1,7,1,1,0,0,1,1,3,1,merchant_substitution
1,0.7287,0,7,0,0,0,0,0,0,0,0,legitimate
1,0.7801,0,7,0,0,0,0,0,0,0,0,legitimate
0,1.5,1,7,1,1,0,0,1,1,3,1,merchant_substitution
0,1.5,1,7,1,1,0,0,1,1,3,1,merchant_substitution
1,0.999,0,7,2,0,1,1,0,1,3,1,subtle_intent_drift
1,0.6994,0,7,0,0,0,0,0,0,0,0,legitimate
1,0.804,0,7,0,0,0,0,0,0,0,0,legitimate
1,0.999,0,7,2,0,1,1,0,1,3,1,subtle_intent_drift
0,1.5,1,7,1,1,0,0,1,1,3,1,merchant_substitution
0,1.5,1,7,1,1,0,0,1,1,3,1,merchant_substitution
1,0.999,0,7,2,0,1,1,0,1,3,1,subtle_intent_drift
1,0.999,0,7,2,0,1,1,0,1,3,1,subtle_intent_drift
1,0.6,0,9,1,0,0,0,2,0,2,0,legitimate
1,0.999,0,7,2,0,1,1,0,1,3,1,subtle_intent_drift
0,1.5,1,7,1,1,0,0,1,1,3,1,merchant_substitution
0,1.5,1,7,1,1,0,0,1,1,3,1,merchant_substitution
1,0.5994,0,7,0,0,0,0,0,0,0,0,legitimate
1,0.5103,0,7,0,0,0,0,0,0,0,0,legitimate
1,0.7447,0,7,0,0,0,0,0,0,0,0,legitimate
1,0.9709,0,9,1,0,0,0,2,0,2,0,legitimate
0,1.5,1,7,1,1,0,0,1,1,3,1,merchant_substitution
0,1.5,1,7,1,1,0,0,1,1,3,1,merchant_substitution
1,0.999,0,7,2,0,1,1,0,1,3,1,subtle_intent_drift
1,0.9603,0,9,1,0,0,0,2,0,2,0,legitimate
1,0.999,0,7,2,0,1,1,0,1,3,1,subtle_intent_drift
0,1.5,1,7,1,1,0,0,1,1,3,1,merchant_substitution
1,0.999,0,7,2,0,1,1,0,1,3,1,subtle_intent_drift
1,0.8807,0,7,0,0,0,0,0,0,0,0,legitimate
0,1.5,1,7,1,1,0,0,1,1,3,1,merchant_substitution
1,0.7866,0,7,0,0,0,0,0,0,0,0,legitimate
1,0.5718,0,7,0,0,0,0,0,0,0,0,legitimate
0,1.5,1,7,1,1,0,0,1,1,3,1,merchant_substitution
1,0.5219,0,9,1,0,0,0,2,0,2,0,legitimate
1,0.929,0,7,0,0,0,0,0,0,0,0,legitimate
1,0.5405,0,7,0,0,0,0,0,0,0,0,legitimate
1,0.5759,0,7,0,0,0,0,0,0,0,0,legitimate
0,1.5,1,7,1,1,0,0,1,1,3,1,merchant_substitution
0,1.5,1,7,1,1,0,0,1,1,3,1,merchant_substitution
1,0.9797,0,7,0,0,0,0,0,0,0,0,legitimate
0,1.5,1,7,1,1,0,0,1,1,3,1,merchant_substitution
1,0.8598,0,9,1,0,0,0,2,0,2,0,legitimate
1,0.6657,0,7,0,0,0,0,0,0,0,0,legitimate
0,1.5,1,7,1,1,0,0,1,1,3,1,merchant_substitution
1,0.999,0,7,2,0,1,1,0,1,3,1,subtle_intent_drift
1,0.6319,0,7,0,0,0,0,0,0,0,0,legitimate
1,0.5898,0,7,0,0,0,0,0,0,0,0,legitimate
0,1.5,1,7,1,1,0,0,1,1,3,1,merchant_substitution
0,1.5,1,7,1,1,0,0,1,1,3,1,merchant_substitution
0,1.5,1,7,1,1,0,0,1,1,3,1,merchant_substitution
0,1.5,1,7,1,1,0,0,1,1,3,1,merchant_substitution
1,0.792,0,7,0,0,0,0,0,0,0,0,legitimate
1,0.715,0,7,0,0,0,0,0,0,0,0,legitimate
0,1.5,1,7,1,1,0,0,1,1,3,1,merchant_substitution
1,0.5026,0,7,0,0,0,0,0,0,0,0,legitimate
1,0.6453,0,7,0,0,0,0,0,0,0,0,legitimate
1,0.999,0,7,2,0,1,1,0,1,3,1,subtle_intent_drift
1,0.999,0,7,2,0,1,1,0,1,3,1,subtle_intent_drift
0,1.5,1,7,1,1,0,0,1,1,3,1,merchant_substitution
1,0.999,0,7,2,0,1,1,0,1,3,1,subtle_intent_drift
1,0.999,0,7,2,0,1,1,0,1,3,1,subtle_intent_drift
0,1.5,1,7,1,1,0,0,1,1,3,1,merchant_substitution
0,1.5,1,7,1,1,0,0,1,1,3,1,merchant_substitution
1,0.5189,0,7,0,0,0,0,0,0,0,0,legitimate
1,0.999,0,7,2,0,1,1,0,1,3,1,subtle_intent_drift
1,0.5887,0,7,0,0,0,0,0,0,0,0,legitimate
0,1.5,1,7,1,1,0,0,1,1,3,1,merchant_substitution
1,0.999,0,7,2,0,1,1,0,1,3,1,subtle_intent_drift
1,0.999,0,7,2,0,1,1,0,1,3,1,subtle_intent_drift
0,1.5,1,7,1,1,0,0,1,1,3,1,merchant_substitution
0,1.5,1,7,1,1,0,0,1,1,3,1,merchant_substitution
1,0.6018,0,9,1,0,0,0,2,0,2,0,legitimate
1,0.8023,0,9,1,0,0,0,2,0,2,0,legitimate
0,1.5,1,7,1,1,0,0,1,1,3,1,merchant_substitution
1,0.999,0,7,2,0,1,1,0,1,3,1,subtle_intent_drift
1,0.999,0,7,2,0,1,1,0,1,3,1,subtle_intent_drift
0,1.5,1,7,1,1,0,0,1,1,3,1,merchant_substitution
1,0.999,0,7,2,0,1,1,0,1,3,1,subtle_intent_drift
0,1.5,1,7,1,1,0,0,1,1,3,1,merchant_substitution
1,0.9768,0,7,0,0,0,0,0,0,0,0,legitimate
1,0.999,0,7,2,0,1,1,0,1,3,1,subtle_intent_drift
1,0.8895,0,7,0,0,0,0,0,0,0,0,legitimate
1,0.999,0,7,2,0,1,1,0,1,3,1,subtle_intent_drift
0,1.5,1,7,1,1,0,0,1,1,3,1,merchant_substitution
1,0.8975,0,9,1,0,0,0,2,0,2,0,legitimate
1,0.9696,0,9,1,0,0,0,2,0,2,0,legitimate
0,1.5,1,7,1,1,0,0,1,1,3,1,merchant_substitution
1,0.6682,0,9,1,0,0,0,2,0,2,0,legitimate
0,1.5,1,7,1,1,0,0,1,1,3,1,merchant_substitution
1,0.813,0,7,0,0,0,0,0,0,0,0,legitimate
0,1.5,1,7,1,1,0,0,1,1,3,1,merchant_substitution
1,0.5095,0,7,0,0,0,0,0,0,0,0,legitimate
1,0.7326,0,9,1,0,0,0,2,0,2,0,legitimate
1,0.5827,0,9,1,0,0,0,2,0,2,0,legitimate
1,0.9145,0,7,0,0,0,0,0,0,0,0,legitimate
1,0.999,0,7,2,0,1,1,0,1,3,1,subtle_intent_drift
1,0.999,0,7,2,0,1,1,0,1,3,1,subtle_intent_drift
0,1.5,1,7,1,1,0,0,1,1,3,1,merchant_substitution
1,0.999,0,7,2,0,1,1,0,1,3,1,subtle_intent_drift
1,0.5451,0,9,1,0,0,0,2,0,2,0,legitimate
1,0.6354,0,7,0,0,0,0,0,0,0,0,legitimate
1,0.999,0,7,2,0,1,1,0,1,3,1,subtle_intent_drift
1,0.6098,0,7,0,0,0,0,0,0,0,0,legitimate
1,0.8251,0,7,0,0,0,0,0,0,0,0,legitimate
1,0.999,0,7,2,0,1,1,0,1,3,1,subtle_intent_drift
1,0.999,0,7,2,0,1,1,0,1,3,1,subtle_intent_drift
1,0.8112,0,7,0,0,0,0,0,0,0,0,legitimate
0,1.5,1,7,1,1,0,0,1,1,3,1,merchant_substitution
0,1.5,1,7,1,1,0,0,1,1,3,1,merchant_substitution
0,1.5,1,7,1,1,0,0,1,1,3,1,merchant_substitution
1,0.6841,0,7,0,0,0,0,0,0,0,0,legitimate
1,0.999,0,7,2,0,1,1,0,1,3,1,subtle_intent_drift
0,1.5,1,7,1,1,0,0,1,1,3,1,merchant_substitution
1,0.6676,0,7,0,0,0,0,0,0,0,0,legitimate
1,0.5505,0,7,0,0,0,0,0,0,0,0,legitimate
1,0.5114,0,7,0,0,0,0,0,0,0,0,legitimate
1,0.7824,0,7,0,0,0,0,0,0,0,0,legitimate
0,1.5,1,7,1,1,0,0,1,1,3,1,merchant_substitution
0,1.5,1,7,1,1,0,0,1,1,3,1,merchant_substitution
0,1.5,1,7,1,1,0,0,1,1,3,1,merchant_substitution
1,0.999,0,7,2,0,1,1,0,1,3,1,subtle_intent_drift
1,0.5249,0,7,0,0,0,0,0,0,0,0,legitimate
1,0.5459,0,7,0,0,0,0,0,0,0,0,legitimate
1,0.6873,0,7,0,0,0,0,0,0,0,0,legitimate
1,0.5071,0,7,0,0,0,0,0,0,0,0,legitimate
0,1.5,1,7,1,1,0,0,1,1,3,1,merchant_substitution
1,0.6468,0,7,0,0,0,0,0,0,0,0,legitimate
1,0.6431,0,7,0,0,0,0,0,0,0,0,legitimate
1,0.5149,0,7,0,0,0,0,0,0,0,0,legitimate
1,0.999,0,7,2,0,1,1,0,1,3,1,subtle_intent_drift
1,0.5401,0,7,0,0,0,0,0,0,0,0,legitimate
1,0.7049,0,7,0,0,0,0,0,0,0,0,legitimate
1,0.5,0,7,0,0,0,0,0,0,0,0,legitimate
1,0.999,0,7,2,0,1,1,0,1,3,1,subtle_intent_drift
1,0.9255,0,7,0,0,0,0,0,0,0,0,legitimate
0,1.5,1,7,1,1,0,0,1,1,3,1,merchant_substitution
1,0.999,0,7,2,0,1,1,0,1,3,1,subtle_intent_drift
1,0.999,0,7,2,0,1,1,0,1,3,1,subtle_intent_drift
0,1.5,1,7,1,1,0,0,1,1,3,1,merchant_substitution
1,0.999,0,7,2,0,1,1,0,1,3,1,subtle_intent_drift
1,0.999,0,7,2,0,1,1,0,1,3,1,subtle_intent_drift
1,0.6774,0,9,1,0,0,0,2,0,2,0,legitimate
0,1.5,1,7,1,1,0,0,1,1,3,1,merchant_substitution
0,1.5,1,7,1,1,0,0,1,1,3,1,merchant_substitution
1,0.7792,0,7,0,0,0,0,0,0,0,0,legitimate
1,0.9605,0,7,0,0,0,0,0,0,0,0,legitimate
1,0.999,0,7,2,0,1,1,0,1,3,1,subtle_intent_drift
1,0.5479,0,7,0,0,0,0,0,0,0,0,legitimate
0,1.5,1,7,1,1,0,0,1,1,3,1,merchant_substitution
1,0.8566,0,9,1,0,0,0,2,0,2,0,legitimate
0,1.5,1,7,1,1,0,0,1,1,3,1,merchant_substitution
1,0.7809,0,7,0,0,0,0,0,0,0,0,legitimate
1,0.999,0,7,2,0,1,1,0,1,3,1,subtle_intent_drift
1,0.8834,0,7,0,0,0,0,0,0,0,0,legitimate
0,1.5,1,7,1,1,0,0,1,1,3,1,merchant_substitution
0,1.5,1,7,1,1,0,0,1,1,3,1,merchant_substitution
1,0.999,0,7,2,0,1,1,0,1,3,1,subtle_intent_drift
1,0.827,0,9,1,0,0,0,2,0,2,0,legitimate
1,0.827,0,7,0,0,0,0,0,0,0,0,legitimate
1,0.999,0,7,2,0,1,1,0,1,3,1,subtle_intent_drift
1,0.999,0,7,2,0,1,1,0,1,3,1,subtle_intent_drift
1,0.5264,0,7,0,0,0,0,0,0,0,0,legitimate
1,0.7323,0,7,0,0,0,0,0,0,0,0,legitimate
1,0.999,0,7,2,0,1,1,0,1,3,1,subtle_intent_drift
1,0.999,0,7,2,0,1,1,0,1,3,1,subtle_intent_drift
1,0.999,0,7,2,0,1,1,0,1,3,1,subtle_intent_drift
0,1.5,1,7,1,1,0,0,1,1,3,1,merchant_substitution
0,1.5,1,7,1,1,0,0,1,1,3,1,merchant_substitution
1,0.999,0,7,2,0,1,1,0,1,3,1,subtle_intent_drift
1,0.8296,0,7,0,0,0,0,0,0,0,0,legitimate
1,0.7312,0,9,1,0,0,0,2,0,2,0,legitimate
1,0.61,0,7,0,0,0,0,0,0,0,0,legitimate
1,0.999,0,7,2,0,1,1,0,1,3,1,subtle_intent_drift
1,0.999,0,7,2,0,1,1,0,1,3,1,subtle_intent_drift
1,0.9788,0,7,0,0,0,0,0,0,0,0,legitimate
1,0.999,0,7,2,0,1,1,0,1,3,1,subtle_intent_drift
1,0.999,0,7,2,0,1,1,0,1,3,1,subtle_intent_drift
1,0.5191,0,9,1,0,0,0,2,0,2,0,legitimate
0,1.5,1,7,1,1,0,0,1,1,3,1,merchant_substitution
1,0.999,0,7,2,0,1,1,0,1,3,1,subtle_intent_drift
0,1.5,1,7,1,1,0,0,1,1,3,1,merchant_substitution
0,1.5,1,7,1,1,0,0,1,1,3,1,merchant_substitution
0,1.5,1,7,1,1,0,0,1,1,3,1,merchant_substitution
1,0.8499,0,9,1,0,0,0,2,0,2,0,legitimate
0,1.5,1,7,1,1,0,0,1,1,3,1,merchant_substitution
0,1.5,1,7,1,1,0,0,1,1,3,1,merchant_substitution
1,0.9188,0,7,0,0,0,0,0,0,0,0,legitimate
1,0.8254,0,9,1,0,0,0,2,0,2,0,legitimate
0,1.5,1,7,1,1,0,0,1,1,3,1,merchant_substitution
1,0.6055,0,9,1,0,0,0,2,0,2,0,legitimate
0,1.5,1,7,1,1,0,0,1,1,3,1,merchant_substitution
0,1.5,1,7,1,1,0,0,1,1,3,1,merchant_substitution
0,1.5,1,7,1,1,0,0,1,1,3,1,merchant_substitution
0,1.5,1,7,1,1,0,0,1,1,3,1,merchant_substitution
1,0.6143,0,7,0,0,0,0,0,0,0,0,legitimate
1,0.5163,0,7,0,0,0,0,0,0,0,0,legitimate
1,0.5498,0,7,0,0,0,0,0,0,0,0,legitimate
0,1.5,1,7,1,1,0,0,1,1,3,1,merchant_substitution
1,0.8414,0,7,0,0,0,0,0,0,0,0,legitimate
1,0.999,0,7,2,0,1,1,0,1,3,1,subtle_intent_drift
1,0.7875,0,7,0,0,0,0,0,0,0,0,legitimate
1,0.528,0,7,0,0,0,0,0,0,0,0,legitimate
1,0.7402,0,9,1,0,0,0,2,0,2,0,legitimate
0,1.5,1,7,1,1,0,0,1,1,3,1,merchant_substitution
1,0.651,0,9,1,0,0,0,2,0,2,0,legitimate
1,0.9204,0,7,0,0,0,0,0,0,0,0,legitimate
1,0.999,0,7,2,0,1,1,0,1,3,1,subtle_intent_drift
1,0.7298,0,7,0,0,0,0,0,0,0,0,legitimate
1,0.999,0,7,2,0,1,1,0,1,3,1,subtle_intent_drift
0,1.5,1,7,1,1,0,0,1,1,3,1,merchant_substitution
0,1.5,1,7,1,1,0,0,1,1,3,1,merchant_substitution
0,1.5,1,7,1,1,0,0,1,1,3,1,merchant_substitution
1,0.999,0,7,2,0,1,1,0,1,3,1,subtle_intent_drift
0,1.5,1,7,1,1,0,0,1,1,3,1,merchant_substitution
1,0.999,0,7,2,0,1,1,0,1,3,1,subtle_intent_drift
1,0.6679,0,7,0,0,0,0,0,0,0,0,legitimate
1,0.999,0,7,2,0,1,1,0,1,3,1,subtle_intent_drift
1,0.999,0,7,2,0,1,1,0,1,3,1,subtle_intent_drift
1,0.999,0,7,2,0,1,1,0,1,3,1,subtle_intent_drift
1,0.999,0,7,2,0,1,1,0,1,3,1,subtle_intent_drift
1,0.5512,0,7,0,0,0,0,0,0,0,0,legitimate
1,0.999,0,7,2,0,1,1,0,1,3,1,subtle_intent_drift
1,0.7854,0,9,1,0,0,0,2,0,2,0,legitimate
1,0.5107,0,7,0,0,0,0,0,0,0,0,legitimate
0,1.5,1,7,1,1,0,0,1,1,3,1,merchant_substitution
1,0.999,0,7,2,0,1,1,0,1,3,1,subtle_intent_drift
1,0.999,0,7,2,0,1,1,0,1,3,1,subtle_intent_drift
1,0.8096,0,9,1,0,0,0,2,0,2,0,legitimate
0,1.5,1,7,1,1,0,0,1,1,3,1,merchant_substitution
0,1.5,1,7,1,1,0,0,1,1,3,1,merchant_substitution
0,1.5,1,7,1,1,0,0,1,1,3,1,merchant_substitution
0,1.5,1,7,1,1,0,0,1,1,3,1,merchant_substitution
1,0.5751,0,7,0,0,0,0,0,0,0,0,legitimate
1,0.999,0,7,2,0,1,1,0,1,3,1,subtle_intent_drift
1,0.999,0,7,2,0,1,1,0,1,3,1,subtle_intent_drift
1,0.8503,0,7,0,0,0,0,0,0,0,0,legitimate
1,0.7421,0,9,1,0,0,0,2,0,2,0,legitimate
0,1.5,1,7,1,1,0,0,1,1,3,1,merchant_substitution
1,0.9066,0,7,0,0,0,0,0,0,0,0,legitimate
1,0.999,0,7,2,0,1,1,0,1,3,1,subtle_intent_drift
1,0.8201,0,7,0,0,0,0,0,0,0,0,legitimate
0,1.5,1,7,1,1,0,0,1,1,3,1,merchant_substitution
1,0.999,0,7,2,0,1,1,0,1,3,1,subtle_intent_drift
1,0.999,0,7,2,0,1,1,0,1,3,1,subtle_intent_drift
1,0.999,0,7,2,0,1,1,0,1,3,1,subtle_intent_drift
1,0.999,0,7,2,0,1,1,0,1,3,1,subtle_intent_drift
1,0.5911,0,7,0,0,0,0,0,0,0,0,legitimate
1,0.999,0,7,2,0,1,1,0,1,3,1,subtle_intent_drift
0,1.5,1,7,1,1,0,0,1,1,3,1,merchant_substitution
1,0.999,0,7,2,0,1,1,0,1,3,1,subtle_intent_drift
1,0.999,0,7,2,0,1,1,0,1,3,1,subtle_intent_drift
1,0.8147,0,7,0,0,0,0,0,0,0,0,legitimate
1,0.8569,0,9,1,0,0,0,2,0,2,0,legitimate
1,0.6686,0,7,0,0,0,0,0,0,0,0,legitimate
1,0.999,0,7,2,0,1,1,0,1,3,1,subtle_intent_drift
1,0.999,0,7,2,0,1,1,0,1,3,1,subtle_intent_drift
0,1.5,1,7,1,1,0,0,1,1,3,1,merchant_substitution
1,0.7399,0,7,0,0,0,0,0,0,0,0,legitimate
1,0.999,0,7,2,0,1,1,0,1,3,1,subtle_intent_drift
0,1.5,1,7,1,1,0,0,1,1,3,1,merchant_substitution
0,1.5,1,7,1,1,0,0,1,1,3,1,merchant_substitution
0,1.5,1,7,1,1,0,0,1,1,3,1,merchant_substitution
1,0.999,0,7,2,0,1,1,0,1,3,1,subtle_intent_drift
1,0.999,0,7,2,0,1,1,0,1,3,1,subtle_intent_drift
1,0.8806,0,9,1,0,0,0,2,0,2,0,legitimate
1,0.8424,0,9,1,0,0,0,2,0,2,0,legitimate
1,0.999,0,7,2,0,1,1,0,1,3,1,subtle_intent_drift
1,0.8563,0,9,1,0,0,0,2,0,2,0,legitimate
1,0.9076,0,9,1,0,0,0,2,0,2,0,legitimate
0,1.5,1,7,1,1,0,0,1,1,3,1,merchant_substitution
1,0.7879,0,7,0,0,0,0,0,0,0,0,legitimate
1,0.8461,0,7,0,0,0,0,0,0,0,0,legitimate
0,1.5,1,7,1,1,0,0,1,1,3,1,merchant_substitution
0,1.5,1,7,1,1,0,0,1,1,3,1,merchant_substitution
1,0.5542,0,7,0,0,0,0,0,0,0,0,legitimate
1,0.999,0,7,2,0,1,1,0,1,3,1,subtle_intent_drift
1,0.999,0,7,2,0,1,1,0,1,3,1,subtle_intent_drift
1,0.7198,0,7,0,0,0,0,0,0,0,0,legitimate
1,0.6404,0,7,0,0,0,0,0,0,0,0,legitimate
1,0.999,0,7,2,0,1,1,0,1,3,1,subtle_intent_drift
1,0.7132,0,9,1,0,0,0,2,0,2,0,legitimate
0,1.5,1,7,1,1,0,0,1,1,3,1,merchant_substitution
1,0.606,0,7,0,0,0,0,0,0,0,0,legitimate
1,0.9787,0,7,0,0,0,0,0,0,0,0,legitimate
1,0.6798,0,7,0,0,0,0,0,0,0,0,legitimate
1,0.999,0,7,2,0,1,1,0,1,3,1,subtle_intent_drift
0,1.5,1,7,1,1,0,0,1,1,3,1,merchant_substitution
1,0.999,0,7,2,0,1,1,0,1,3,1,subtle_intent_drift
1,0.7784,0,9,1,0,0,0,2,0,2,0,legitimate
0,1.5,1,7,1,1,0,0,1,1,3,1,merchant_substitution
0,1.5,1,7,1,1,0,0,1,1,3,1,merchant_substitution
1,0.999,0,7,2,0,1,1,0,1,3,1,subtle_intent_drift
1,0.999,0,7,2,0,1,1,0,1,3,1,subtle_intent_drift
1,0.5785,0,9,1,0,0,0,2,0,2,0,legitimate
1,0.8617,0,7,0,0,0,0,0,0,0,0,legitimate
0,1.5,1,7,1,1,0,0,1,1,3,1,merchant_substitution
1,0.9208,0,7,0,0,0,0,0,0,0,0,legitimate
0,1.5,1,7,1,1,0,0,1,1,3,1,merchant_substitution
1,0.999,0,7,2,0,1,1,0,1,3,1,subtle_intent_drift
0,1.5,1,7,1,1,0,0,1,1,3,1,merchant_substitution
1,0.5829,0,7,0,0,0,0,0,0,0,0,legitimate
1,0.8517,0,9,1,0,0,0,2,0,2,0,legitimate
1,0.6442,0,9,1,0,0,0,2,0,2,0,legitimate
1,0.999,0,7,2,0,1,1,0,1,3,1,subtle_intent_drift
0,1.5,1,7,1,1,0,0,1,1,3,1,merchant_substitution
1,0.999,0,7,2,0,1,1,0,1,3,1,subtle_intent_drift
1,0.6719,0,7,0,0,0,0,0,0,0,0,legitimate
1,0.999,0,7,2,0,1,1,0,1,3,1,subtle_intent_drift
1,0.7281,0,7,0,0,0,0,0,0,0,0,legitimate
1,0.999,0,7,2,0,1,1,0,1,3,1,subtle_intent_drift
1,0.7611,0,7,0,0,0,0,0,0,0,0,legitimate
1,0.6082,0,9,1,0,0,0,2,0,2,0,legitimate
1,0.8313,0,7,0,0,0,0,0,0,0,0,legitimate
1,0.8773,0,9,1,0,0,0,2,0,2,0,legitimate
1,0.8355,0,7,0,0,0,0,0,0,0,0,legitimate
1,0.999,0,7,2,0,1,1,0,1,3,1,subtle_intent_drift
1,0.9516,0,9,1,0,0,0,2,0,2,0,legitimate
1,0.7655,0,9,1,0,0,0,2,0,2,0,legitimate
1,0.9384,0,7,0,0,0,0,0,0,0,0,legitimate
1,0.8151,0,7,0,0,0,0,0,0,0,0,legitimate
1,0.999,0,7,2,0,1,1,0,1,3,1,subtle_intent_drift
0,1.5,1,7,1,1,0,0,1,1,3,1,merchant_substitution
1,0.932,0,7,0,0,0,0,0,0,0,0,legitimate
1,0.999,0,7,2,0,1,1,0,1,3,1,subtle_intent_drift
0,1.5,1,7,1,1,0,0,1,1,3,1,merchant_substitution
1,0.999,0,7,2,0,1,1,0,1,3,1,subtle_intent_drift
1,0.999,0,7,2,0,1,1,0,1,3,1,subtle_intent_drift
1,0.7972,0,7,0,0,0,0,0,0,0,0,legitimate
1,0.6246,0,7,0,0,0,0,0,0,0,0,legitimate
0,1.5,1,7,1,1,0,0,1,1,3,1,merchant_substitution
1,0.6341,0,7,0,0,0,0,0,0,0,0,legitimate
1,0.8652,0,7,0,0,0,0,0,0,0,0,legitimate
1,0.999,0,7,2,0,1,1,0,1,3,1,subtle_intent_drift
1,0.8305,0,7,0,0,0,0,0,0,0,0,legitimate
1,0.8911,0,7,0,0,0,0,0,0,0,0,legitimate
1,0.999,0,7,2,0,1,1,0,1,3,1,subtle_intent_drift
1,0.8447,0,7,0,0,0,0,0,0,0,0,legitimate
0,1.5,1,7,1,1,0,0,1,1,3,1,merchant_substitution
1,0.6045,0,9,1,0,0,0,2,0,2,0,legitimate
0,1.5,1,7,1,1,0,0,1,1,3,1,merchant_substitution
0,1.5,1,7,1,1,0,0,1,1,3,1,merchant_substitution
1,0.999,0,7,2,0,1,1,0,1,3,1,subtle_intent_drift
1,0.8052,0,7,0,0,0,0,0,0,0,0,legitimate
0,1.5,1,7,1,1,0,0,1,1,3,1,merchant_substitution
0,1.5,1,7,1,1,0,0,1,1,3,1,merchant_substitution
1,0.999,0,7,2,0,1,1,0,1,3,1,subtle_intent_drift
1,0.6208,0,9,1,0,0,0,2,0,2,0,legitimate
1,0.5201,0,7,0,0,0,0,0,0,0,0,legitimate
1,0.7613,0,7,0,0,0,0,0,0,0,0,legitimate
1,0.999,0,7,2,0,1,1,0,1,3,1,subtle_intent_drift
1,0.6222,0,7,0,0,0,0,0,0,0,0,legitimate
1,0.999,0,7,2,0,1,1,0,1,3,1,subtle_intent_drift
1,0.9232,0,7,0,0,0,0,0,0,0,0,legitimate
1,0.7718,0,9,1,0,0,0,2,0,2,0,legitimate
1,0.999,0,7,2,0,1,1,0,1,3,1,subtle_intent_drift
0,1.5,1,7,1,1,0,0,1,1,3,1,merchant_substitution
0,1.5,1,7,1,1,0,0,1,1,3,1,merchant_substitution
0,1.5,1,7,1,1,0,0,1,1,3,1,merchant_substitution
1,0.999,0,7,2,0,1,1,0,1,3,1,subtle_intent_drift
1,0.999,0,7,2,0,1,1,0,1,3,1,subtle_intent_drift
0,1.5,1,7,1,1,0,0,1,1,3,1,merchant_substitution
1,0.6363,0,7,0,0,0,0,0,0,0,0,legitimate
1,0.9065,0,7,0,0,0,0,0,0,0,0,legitimate
1,0.9587,0,7,0,0,0,0,0,0,0,0,legitimate
1,0.999,0,7,2,0,1,1,0,1,3,1,subtle_intent_drift
1,0.999,0,7,2,0,1,1,0,1,3,1,subtle_intent_drift
1,0.8526,0,7,0,0,0,0,0,0,0,0,legitimate
0,1.5,1,7,1,1,0,0,1,1,3,1,merchant_substitution
1,0.999,0,7,2,0,1,1,0,1,3,1,subtle_intent_drift
1,0.9738,0,9,1,0,0,0,2,0,2,0,legitimate
1,0.999,0,7,2,0,1,1,0,1,3,1,subtle_intent_drift
1,0.7259,0,9,1,0,0,0,2,0,2,0,legitimate
1,0.8186,0,9,1,0,0,0,2,0,2,0,legitimate
1,0.5555,0,7,0,0,0,0,0,0,0,0,legitimate
1,0.9039,0,7,0,0,0,0,0,0,0,0,legitimate
1,0.8003,0,9,1,0,0,0,2,0,2,0,legitimate
1,0.999,0,7,2,0,1,1,0,1,3,1,subtle_intent_drift
1,0.8676,0,7,0,0,0,0,0,0,0,0,legitimate
0,1.5,1,7,1,1,0,0,1,1,3,1,merchant_substitution
1,0.5378,0,7,0,0,0,0,0,0,0,0,legitimate
1,0.999,0,7,2,0,1,1,0,1,3,1,subtle_intent_drift
1,0.7934,0,7,0,0,0,0,0,0,0,0,legitimate
1,0.6374,0,9,1,0,0,0,2,0,2,0,legitimate
0,1.5,1,7,1,1,0,0,1,1,3,1,merchant_substitution
0,1.5,1,7,1,1,0,0,1,1,3,1,merchant_substitution
0,1.5,1,7,1,1,0,0,1,1,3,1,merchant_substitution
0,1.5,1,7,1,1,0,0,1,1,3,1,merchant_substitution
1,0.999,0,7,2,0,1,1,0,1,3,1,subtle_intent_drift
1,0.5146,0,9,1,0,0,0,2,0,2,0,legitimate
1,0.5681,0,7,0,0,0,0,0,0,0,0,legitimate
1,0.8278,0,7,0,0,0,0,0,0,0,0,legitimate
1,0.7671,0,7,0,0,0,0,0,0,0,0,legitimate
1,0.9109,0,9,1,0,0,0,2,0,2,0,legitimate
1,0.5589,0,7,0,0,0,0,0,0,0,0,legitimate
1,0.7322,0,7,0,0,0,0,0,0,0,0,legitimate
1,0.999,0,7,2,0,1,1,0,1,3,1,subtle_intent_drift
1,0.999,0,7,2,0,1,1,0,1,3,1,subtle_intent_drift
1,0.666,0,7,0,0,0,0,0,0,0,0,legitimate
1,0.999,0,7,2,0,1,1,0,1,3,1,subtle_intent_drift
1,0.8788,0,7,0,0,0,0,0,0,0,0,legitimate
1,0.999,0,7,2,0,1,1,0,1,3,1,subtle_intent_drift
1,0.5654,0,9,1,0,0,0,2,0,2,0,legitimate
0,1.5,1,7,1,1,0,0,1,1,3,1,merchant_substitution
1,0.7688,0,7,0,0,0,0,0,0,0,0,legitimate
1,0.999,0,7,2,0,1,1,0,1,3,1,subtle_intent_drift
0,1.5,1,7,1,1,0,0,1,1,3,1,merchant_substitution
1,0.8473,0,9,1,0,0,0,2,0,2,0,legitimate
1,0.7436,0,7,0,0,0,0,0,0,0,0,legitimate
1,0.5288,0,7,0,0,0,0,0,0,0,0,legitimate
0,1.5,1,7,1,1,0,0,1,1,3,1,merchant_substitution
0,1.5,1,7,1,1,0,0,1,1,3,1,merchant_substitution
1,0.7733,0,7,0,0,0,0,0,0,0,0,legitimate
1,0.9776,0,9,1,0,0,0,2,0,2,0,legitimate
1,0.85,0,7,0,0,0,0,0,0,0,0,legitimate
1,0.999,0,7,2,0,1,1,0,1,3,1,subtle_intent_drift
1,0.5553,0,7,0,0,0,0,0,0,0,0,legitimate
1,0.6468,0,7,0,0,0,0,0,0,0,0,legitimate
1,0.528,0,7,0,0,0,0,0,0,0,0,legitimate
1,0.5915,0,7,0,0,0,0,0,0,0,0,legitimate
0,1.5,1,7,1,1,0,0,1,1,3,1,merchant_substitution
1,0.7649,0,7,0,0,0,0,0,0,0,0,legitimate
0,1.5,1,7,1,1,0,0,1,1,3,1,merchant_substitution
1,0.6434,0,7,0,0,0,0,0,0,0,0,legitimate
0,1.5,1,7,1,1,0,0,1,1,3,1,merchant_substitution
1,0.6186,0,7,0,0,0,0,0,0,0,0,legitimate
1,0.7949,0,7,0,0,0,0,0,0,0,0,legitimate
0,1.5,1,7,1,1,0,0,1,1,3,1,merchant_substitution
0,1.5,1,7,1,1,0,0,1,1,3,1,merchant_substitution
1,0.999,0,7,2,0,1,1,0,1,3,1,subtle_intent_drift
1,0.859,0,9,1,0,0,0,2,0,2,0,legitimate
1,0.999,0,7,2,0,1,1,0,1,3,1,subtle_intent_drift
1,0.7878,0,9,1,0,0,0,2,0,2,0,legitimate
0,1.5,1,7,1,1,0,0,1,1,3,1,merchant_substitution
0,1.5,1,7,1,1,0,0,1,1,3,1,merchant_substitution
1,0.5852,0,7,0,0,0,0,0,0,0,0,legitimate
1,0.9331,0,7,0,0,0,0,0,0,0,0,legitimate
1,0.7448,0,9,1,0,0,0,2,0,2,0,legitimate
1,0.5923,0,7,0,0,0,0,0,0,0,0,legitimate
0,1.5,1,7,1,1,0,0,1,1,3,1,merchant_substitution
1,0.999,0,7,2,0,1,1,0,1,3,1,subtle_intent_drift
1,0.999,0,7,2,0,1,1,0,1,3,1,subtle_intent_drift
1,0.999,0,7,2,0,1,1,0,1,3,1,subtle_intent_drift
1,0.5756,0,7,0,0,0,0,0,0,0,0,legitimate
1,0.6621,0,7,0,0,0,0,0,0,0,0,legitimate
1,0.999,0,7,2,0,1,1,0,1,3,1,subtle_intent_drift
1,0.5073,0,7,0,0,0,0,0,0,0,0,legitimate
1,0.5904,0,7,0,0,0,0,0,0,0,0,legitimate
1,0.999,0,7,2,0,1,1,0,1,3,1,subtle_intent_drift
1,0.9395,0,7,0,0,0,0,0,0,0,0,legitimate
0,1.5,1,7,1,1,0,0,1,1,3,1,merchant_substitution
1,0.5002,0,7,0,0,0,0,0,0,0,0,legitimate
1,0.999,0,7,2,0,1,1,0,1,3,1,subtle_intent_drift
1,0.662,0,7,0,0,0,0,0,0,0,0,legitimate
1,0.999,0,7,2,0,1,1,0,1,3,1,subtle_intent_drift
1,0.9057,0,9,1,0,0,0,2,0,2,0,legitimate
1,0.999,0,7,2,0,1,1,0,1,3,1,subtle_intent_drift
1,0.7865,0,7,0,0,0,0,0,0,0,0,legitimate
1,0.5414,0,9,1,0,0,0,2,0,2,0,legitimate
1,0.9476,0,9,1,0,0,0,2,0,2,0,legitimate
1,0.6524,0,9,1,0,0,0,2,0,2,0,legitimate
1,0.999,0,7,2,0,1,1,0,1,3,1,subtle_intent_drift
1,0.6105,0,9,1,0,0,0,2,0,2,0,legitimate
0,1.5,1,7,1,1,0,0,1,1,3,1,merchant_substitution
1,0.6504,0,7,0,0,0,0,0,0,0,0,legitimate
1,0.999,0,7,2,0,1,1,0,1,3,1,subtle_intent_drift
0,1.5,1,7,1,1,0,0,1,1,3,1,merchant_substitution
1,0.6886,0,9,1,0,0,0,2,0,2,0,legitimate
1,0.999,0,7,2,0,1,1,0,1,3,1,subtle_intent_drift
1,0.999,0,7,2,0,1,1,0,1,3,1,subtle_intent_drift
1,0.999,0,7,2,0,1,1,0,1,3,1,subtle_intent_drift
1,0.999,0,7,2,0,1,1,0,1,3,1,subtle_intent_drift
0,1.5,1,7,1,1,0,0,1,1,3,1,merchant_substitution
0,1.5,1,7,1,1,0,0,1,1,3,1,merchant_substitution
0,1.5,1,7,1,1,0,0,1,1,3,1,merchant_substitution
1,0.5612,0,7,0,0,0,0,0,0,0,0,legitimate
1,0.6528,0,7,0,0,0,0,0,0,0,0,legitimate
1,0.5025,0,7,0,0,0,0,0,0,0,0,legitimate
1,0.999,0,7,2,0,1,1,0,1,3,1,subtle_intent_drift
1,0.999,0,7,2,0,1,1,0,1,3,1,subtle_intent_drift
1,0.5744,0,7,0,0,0,0,0,0,0,0,legitimate
0,1.5,1,7,1,1,0,0,1,1,3,1,merchant_substitution
0,1.5,1,7,1,1,0,0,1,1,3,1,merchant_substitution
1,0.7094,0,7,0,0,0,0,0,0,0,0,legitimate
1,0.999,0,7,2,0,1,1,0,1,3,1,subtle_intent_drift
1,0.8087,0,7,0,0,0,0,0,0,0,0,legitimate
1,0.8823,0,7,0,0,0,0,0,0,0,0,legitimate
1,0.7255,0,7,0,0,0,0,0,0,0,0,legitimate
1,0.6321,0,9,1,0,0,0,2,0,2,0,legitimate
1,0.999,0,7,2,0,1,1,0,1,3,1,subtle_intent_drift
1,0.999,0,7,2,0,1,1,0,1,3,1,subtle_intent_drift
1,0.8184,0,7,0,0,0,0,0,0,0,0,legitimate
1,0.999,0,7,2,0,1,1,0,1,3,1,subtle_intent_drift
0,1.5,1,7,1,1,0,0,1,1,3,1,merchant_substitution
1,0.8003,0,7,0,0,0,0,0,0,0,0,legitimate
0,1.5,1,7,1,1,0,0,1,1,3,1,merchant_substitution
0,1.5,1,7,1,1,0,0,1,1,3,1,merchant_substitution
1,0.999,0,7,2,0,1,1,0,1,3,1,subtle_intent_drift
1,0.5937,0,7,0,0,0,0,0,0,0,0,legitimate
1,0.635,0,9,1,0,0,0,2,0,2,0,legitimate
1,0.999,0,7,2,0,1,1,0,1,3,1,subtle_intent_drift
0,1.5,1,7,1,1,0,0,1,1,3,1,merchant_substitution
0,1.5,1,7,1,1,0,0,1,1,3,1,merchant_substitution
1,0.5542,0,7,0,0,0,0,0,0,0,0,legitimate
1,0.999,0,7,2,0,1,1,0,1,3,1,subtle_intent_drift
1,0.999,0,7,2,0,1,1,0,1,3,1,subtle_intent_drift
1,0.999,0,7,2,0,1,1,0,1,3,1,subtle_intent_drift
1,0.999,0,7,2,0,1,1,0,1,3,1,subtle_intent_drift
1,0.703,0,7,0,0,0,0,0,0,0,0,legitimate
1,0.999,0,7,2,0,1,1,0,1,3,1,subtle_intent_drift
1,0.999,0,7,2,0,1,1,0,1,3,1,subtle_intent_drift
1,0.999,0,7,2,0,1,1,0,1,3,1,subtle_intent_drift
1,0.6214,0,7,0,0,0,0,0,0,0,0,legitimate
1,0.999,0,7,2,0,1,1,0,1,3,1,subtle_intent_drift
1,0.999,0,7,2,0,1,1,0,1,3,1,subtle_intent_drift
1,0.999,0,7,2,0,1,1,0,1,3,1,subtle_intent_drift
0,1.5,1,7,1,1,0,0,1,1,3,1,merchant_substitution
0,1.5,1,7,1,1,0,0,1,1,3,1,merchant_substitution
1,0.999,0,7,2,0,1,1,0,1,3,1,subtle_intent_drift
1,0.9724,0,7,0,0,0,0,0,0,0,0,legitimate
0,1.5,1,7,1,1,0,0,1,1,3,1,merchant_substitution
0,1.5,1,7,1,1,0,0,1,1,3,1,merchant_substitution
1,0.8878,0,7,0,0,0,0,0,0,0,0,legitimate
1,0.6951,0,7,0,0,0,0,0,0,0,0,legitimate
1,0.8522,0,7,0,0,0,0,0,0,0,0,legitimate
0,1.5,1,7,1,1,0,0,1,1,3,1,merchant_substitution
0,1.5,1,7,1,1,0,0,1,1,3,1,merchant_substitution
1,0.558,0,7,0,0,0,0,0,0,0,0,legitimate
1,0.7841,0,9,1,0,0,0,2,0,2,0,legitimate
1,0.8724,0,7,0,0,0,0,0,0,0,0,legitimate
1,0.6527,0,7,0,0,0,0,0,0,0,0,legitimate
1,0.6897,0,7,0,0,0,0,0,0,0,0,legitimate
0,1.5,1,7,1,1,0,0,1,1,3,1,merchant_substitution
1,0.7592,0,9,1,0,0,0,2,0,2,0,legitimate
1,0.7866,0,9,1,0,0,0,2,0,2,0,legitimate
1,0.999,0,7,2,0,1,1,0,1,3,1,subtle_intent_drift
0,1.5,1,7,1,1,0,0,1,1,3,1,merchant_substitution
1,0.999,0,7,2,0,1,1,0,1,3,1,subtle_intent_drift
0,1.5,1,7,1,1,0,0,1,1,3,1,merchant_substitution
1,0.999,0,7,2,0,1,1,0,1,3,1,subtle_intent_drift
1,0.9717,0,7,0,0,0,0,0,0,0,0,legitimate
1,0.8537,0,9,1,0,0,0,2,0,2,0,legitimate
1,0.8763,0,7,0,0,0,0,0,0,0,0,legitimate
0,1.5,1,7,1,1,0,0,1,1,3,1,merchant_substitution
0,1.5,1,7,1,1,0,0,1,1,3,1,merchant_substitution
1,0.999,0,7,2,0,1,1,0,1,3,1,subtle_intent_drift
1,0.9601,0,9,1,0,0,0,2,0,2,0,legitimate
1,0.7703,0,9,1,0,0,0,2,0,2,0,legitimate
1,0.6384,0,7,0,0,0,0,0,0,0,0,legitimate
1,0.8495,0,9,1,0,0,0,2,0,2,0,legitimate
1,0.999,0,7,2,0,1,1,0,1,3,1,subtle_intent_drift
1,0.999,0,7,2,0,1,1,0,1,3,1,subtle_intent_drift
0,1.5,1,7,1,1,0,0,1,1,3,1,merchant_substitution
1,0.5181,0,9,1,0,0,0,2,0,2,0,legitimate
1,0.5753,0,9,1,0,0,0,2,0,2,0,legitimate
1,0.999,0,7,2,0,1,1,0,1,3,1,subtle_intent_drift
1,0.8724,0,7,0,0,0,0,0,0,0,0,legitimate
0,1.5,1,7,1,1,0,0,1,1,3,1,merchant_substitution
1,0.6153,0,7,0,0,0,0,0,0,0,0,legitimate
0,1.5,1,7,1,1,0,0,1,1,3,1,merchant_substitution
1,0.6976,0,9,1,0,0,0,2,0,2,0,legitimate
1,0.5315,0,7,0,0,0,0,0,0,0,0,legitimate
1,0.999,0,7,2,0,1,1,0,1,3,1,subtle_intent_drift
1,0.6345,0,7,0,0,0,0,0,0,0,0,legitimate
0,1.5,1,7,1,1,0,0,1,1,3,1,merchant_substitution
1,0.6899,0,9,1,0,0,0,2,0,2,0,legitimate
0,1.5,1,7,1,1,0,0,1,1,3,1,merchant_substitution
1,0.999,0,7,2,0,1,1,0,1,3,1,subtle_intent_drift
1,0.708,0,9,1,0,0,0,2,0,2,0,legitimate
1,0.6516,0,7,0,0,0,0,0,0,0,0,legitimate
1,0.999,0,7,2,0,1,1,0,1,3,1,subtle_intent_drift
1,0.5781,0,7,0,0,0,0,0,0,0,0,legitimate
1,0.999,0,7,2,0,1,1,0,1,3,1,subtle_intent_drift
0,1.5,1,7,1,1,0,0,1,1,3,1,merchant_substitution
1,0.7525,0,7,0,0,0,0,0,0,0,0,legitimate
0,1.5,1,7,1,1,0,0,1,1,3,1,merchant_substitution
1,0.999,0,7,2,0,1,1,0,1,3,1,subtle_intent_drift
0,1.5,1,7,1,1,0,0,1,1,3,1,merchant_substitution
1,0.5445,0,7,0,0,0,0,0,0,0,0,legitimate
1,0.6562,0,7,0,0,0,0,0,0,0,0,legitimate
1,0.999,0,7,2,0,1,1,0,1,3,1,subtle_intent_drift
1,0.999,0,7,2,0,1,1,0,1,3,1,subtle_intent_drift
1,0.6692,0,7,0,0,0,0,0,0,0,0,legitimate
1,0.6564,0,7,0,0,0,0,0,0,0,0,legitimate
1,0.6196,0,9,1,0,0,0,2,0,2,0,legitimate
0,1.5,1,7,1,1,0,0,1,1,3,1,merchant_substitution
1,0.7206,0,9,1,0,0,0,2,0,2,0,legitimate
1,0.999,0,7,2,0,1,1,0,1,3,1,subtle_intent_drift
1,0.999,0,7,2,0,1,1,0,1,3,1,subtle_intent_drift
0,1.5,1,7,1,1,0,0,1,1,3,1,merchant_substitution
1,0.9253,0,9,1,0,0,0,2,0,2,0,legitimate
0,1.5,1,7,1,1,0,0,1,1,3,1,merchant_substitution
1,0.7704,0,7,0,0,0,0,0,0,0,0,legitimate
0,1.5,1,7,1,1,0,0,1,1,3,1,merchant_substitution
1,0.9049,0,7,0,0,0,0,0,0,0,0,legitimate
1,0.999,0,7,2,0,1,1,0,1,3,1,subtle_intent_drift
1,0.8083,0,7,0,0,0,0,0,0,0,0,legitimate
1,0.8917,0,7,0,0,0,0,0,0,0,0,legitimate
1,0.7003,0,7,0,0,0,0,0,0,0,0,legitimate
1,0.5549,0,7,0,0,0,0,0,0,0,0,legitimate
1,0.756,0,7,0,0,0,0,0,0,0,0,legitimate
1,0.6853,0,7,0,0,0,0,0,0,0,0,legitimate
1,0.6524,0,7,0,0,0,0,0,0,0,0,legitimate
1,0.999,0,7,2,0,1,1,0,1,3,1,subtle_intent_drift
0,1.5,1,7,1,1,0,0,1,1,3,1,merchant_substitution
1,0.999,0,7,2,0,1,1,0,1,3,1,subtle_intent_drift
0,1.5,1,7,1,1,0,0,1,1,3,1,merchant_substitution
1,0.692,0,9,1,0,0,0,2,0,2,0,legitimate
1,0.524,0,7,0,0,0,0,0,0,0,0,legitimate
1,0.999,0,7,2,0,1,1,0,1,3,1,subtle_intent_drift
1,0.999,0,7,2,0,1,1,0,1,3,1,subtle_intent_drift
0,1.5,1,7,1,1,0,0,1,1,3,1,merchant_substitution
1,0.5974,0,7,0,0,0,0,0,0,0,0,legitimate
1,0.999,0,7,2,0,1,1,0,1,3,1,subtle_intent_drift
1,0.9435,0,9,1,0,0,0,2,0,2,0,legitimate
1,0.999,0,7,2,0,1,1,0,1,3,1,subtle_intent_drift
1,0.999,0,7,2,0,1,1,0,1,3,1,subtle_intent_drift
0,1.5,1,7,1,1,0,0,1,1,3,1,merchant_substitution
0,1.5,1,7,1,1,0,0,1,1,3,1,merchant_substitution
1,0.63,0,7,0,0,0,0,0,0,0,0,legitimate
1,0.999,0,7,2,0,1,1,0,1,3,1,subtle_intent_drift
1,0.7758,0,9,1,0,0,0,2,0,2,0,legitimate
1,0.5868,0,7,0,0,0,0,0,0,0,0,legitimate
1,0.999,0,7,2,0,1,1,0,1,3,1,subtle_intent_drift
1,0.8081,0,9,1,0,0,0,2,0,2,0,legitimate
1,0.8047,0,9,1,0,0,0,2,0,2,0,legitimate
1,0.6126,0,9,1,0,0,0,2,0,2,0,legitimate
1,0.5836,0,7,0,0,0,0,0,0,0,0,legitimate
1,0.999,0,7,2,0,1,1,0,1,3,1,subtle_intent_drift
1,0.6567,0,9,1,0,0,0,2,0,2,0,legitimate
1,0.8956,0,7,0,0,0,0,0,0,0,0,legitimate
1,0.7332,0,7,0,0,0,0,0,0,0,0,legitimate
0,1.5,1,7,1,1,0,0,1,1,3,1,merchant_substitution
1,0.6406,0,7,0,0,0,0,0,0,0,0,legitimate
1,0.6766,0,9,1,0,0,0,2,0,2,0,legitimate
1,0.9019,0,9,1,0,0,0,2,0,2,0,legitimate
1,0.999,0,7,2,0,1,1,0,1,3,1,subtle_intent_drift
1,0.999,0,7,2,0,1,1,0,1,3,1,subtle_intent_drift
0,1.5,1,7,1,1,0,0,1,1,3,1,merchant_substitution
1,0.7909,0,7,0,0,0,0,0,0,0,0,legitimate
0,1.5,1,7,1,1,0,0,1,1,3,1,merchant_substitution
0,1.5,1,7,1,1,0,0,1,1,3,1,merchant_substitution
1,0.714,0,9,1,0,0,0,2,0,2,0,legitimate
1,0.9232,0,9,1,0,0,0,2,0,2,0,legitimate
1,0.5613,0,7,0,0,0,0,0,0,0,0,legitimate
1,0.8232,0,7,0,0,0,0,0,0,0,0,legitimate
0,1.5,1,7,1,1,0,0,1,1,3,1,merchant_substitution
0,1.5,1,7,1,1,0,0,1,1,3,1,merchant_substitution
1,0.5179,0,7,0,0,0,0,0,0,0,0,legitimate
1,0.8902,0,9,1,0,0,0,2,0,2,0,legitimate
0,1.5,1,7,1,1,0,0,1,1,3,1,merchant_substitution
1,0.6451,0,7,0,0,0,0,0,0,0,0,legitimate
1,0.9006,0,9,1,0,0,0,2,0,2,0,legitimate
1,0.6988,0,7,0,0,0,0,0,0,0,0,legitimate
1,0.6293,0,7,0,0,0,0,0,0,0,0,legitimate
1,0.5269,0,7,0,0,0,0,0,0,0,0,legitimate
0,1.5,1,7,1,1,0,0,1,1,3,1,merchant_substitution
1,0.8672,0,9,1,0,0,0,2,0,2,0,legitimate
1,0.7384,0,7,0,0,0,0,0,0,0,0,legitimate
1,0.8241,0,9,1,0,0,0,2,0,2,0,legitimate
1,0.999,0,7,2,0,1,1,0,1,3,1,subtle_intent_drift
1,0.999,0,7,2,0,1,1,0,1,3,1,subtle_intent_drift
0,1.5,1,7,1,1,0,0,1,1,3,1,merchant_substitution
0,1.5,1,7,1,1,0,0,1,1,3,1,merchant_substitution
1,0.9415,0,9,1,0,0,0,2,0,2,0,legitimate
1,0.999,0,7,2,0,1,1,0,1,3,1,subtle_intent_drift
1,0.889,0,7,0,0,0,0,0,0,0,0,legitimate
1,0.9176,0,7,0,0,0,0,0,0,0,0,legitimate
0,1.5,1,7,1,1,0,0,1,1,3,1,merchant_substitution
1,0.999,0,7,2,0,1,1,0,1,3,1,subtle_intent_drift
0,1.5,1,7,1,1,0,0,1,1,3,1,merchant_substitution
1,0.559,0,7,0,0,0,0,0,0,0,0,legitimate
0,1.5,1,7,1,1,0,0,1,1,3,1,merchant_substitution
1,0.74,0,7,0,0,0,0,0,0,0,0,legitimate
1,0.9467,0,9,1,0,0,0,2,0,2,0,legitimate
1,0.8487,0,9,1,0,0,0,2,0,2,0,legitimate
0,1.5,1,7,1,1,0,0,1,1,3,1,merchant_substitution
1,0.999,0,7,2,0,1,1,0,1,3,1,subtle_intent_drift
0,1.5,1,7,1,1,0,0,1,1,3,1,merchant_substitution
1,0.7707,0,7,0,0,0,0,0,0,0,0,legitimate
1,0.999,0,7,2,0,1,1,0,1,3,1,subtle_intent_drift
1,0.8625,0,7,0,0,0,0,0,0,0,0,legitimate
0,1.5,1,7,1,1,0,0,1,1,3,1,merchant_substitution
1,0.999,0,7,2,0,1,1,0,1,3,1,subtle_intent_drift
1,0.999,0,7,2,0,1,1,0,1,3,1,subtle_intent_drift
1,0.6667,0,7,0,0,0,0,0,0,0,0,legitimate
0,1.5,1,7,1,1,0,0,1,1,3,1,merchant_substitution
1,0.999,0,7,2,0,1,1,0,1,3,1,subtle_intent_drift
1,0.999,0,7,2,0,1,1,0,1,3,1,subtle_intent_drift
1,0.689,0,7,0,0,0,0,0,0,0,0,legitimate
1,0.831,0,7,0,0,0,0,0,0,0,0,legitimate
1,0.999,0,7,2,0,1,1,0,1,3,1,subtle_intent_drift
1,0.8157,0,9,1,0,0,0,2,0,2,0,legitimate
0,1.5,1,7,1,1,0,0,1,1,3,1,merchant_substitution
1,0.6084,0,7,0,0,0,0,0,0,0,0,legitimate
1,0.6468,0,7,0,0,0,0,0,0,0,0,legitimate
1,0.5881,0,7,0,0,0,0,0,0,0,0,legitimate
1,0.999,0,7,2,0,1,1,0,1,3,1,subtle_intent_drift
1,0.999,0,7,2,0,1,1,0,1,3,1,subtle_intent_drift
1,0.5455,0,7,0,0,0,0,0,0,0,0,legitimate
1,0.7161,0,7,0,0,0,0,0,0,0,0,legitimate
0,1.5,1,7,1,1,0,0,1,1,3,1,merchant_substitution
1,0.999,0,7,2,0,1,1,0,1,3,1,subtle_intent_drift
1,0.7149,0,9,1,0,0,0,2,0,2,0,legitimate
1,0.5961,0,7,0,0,0,0,0,0,0,0,legitimate
1,0.8344,0,9,1,0,0,0,2,0,2,0,legitimate
1,0.9185,0,9,1,0,0,0,2,0,2,0,legitimate
1,0.999,0,7,2,0,1,1,0,1,3,1,subtle_intent_drift
0,1.5,1,7,1,1,0,0,1,1,3,1,merchant_substitution
0,1.5,1,7,1,1,0,0,1,1,3,1,merchant_substitution
1,0.7239,0,9,1,0,0,0,2,0,2,0,legitimate
1,0.7869,0,7,0,0,0,0,0,0,0,0,legitimate
0,1.5,1,7,1,1,0,0,1,1,3,1,merchant_substitution
1,0.5533,0,7,0,0,0,0,0,0,0,0,legitimate
1,0.8095,0,9,1,0,0,0,2,0,2,0,legitimate
1,0.999,0,7,2,0,1,1,0,1,3,1,subtle_intent_drift
1,0.8593,0,7,0,0,0,0,0,0,0,0,legitimate
0,1.5,1,7,1,1,0,0,1,1,3,1,merchant_substitution
1,0.999,0,7,2,0,1,1,0,1,3,1,subtle_intent_drift
1,0.9016,0,9,1,0,0,0,2,0,2,0,legitimate
1,0.9746,0,7,0,0,0,0,0,0,0,0,legitimate
1,0.999,0,7,2,0,1,1,0,1,3,1,subtle_intent_drift
0,1.5,1,7,1,1,0,0,1,1,3,1,merchant_substitution
1,0.8702,0,7,0,0,0,0,0,0,0,0,legitimate
1,0.999,0,7,2,0,1,1,0,1,3,1,subtle_intent_drift
1,0.999,0,7,2,0,1,1,0,1,3,1,subtle_intent_drift
1,0.6474,0,7,0,0,0,0,0,0,0,0,legitimate
1,0.7616,0,9,1,0,0,0,2,0,2,0,legitimate
1,0.999,0,7,2,0,1,1,0,1,3,1,subtle_intent_drift
1,0.5632,0,7,0,0,0,0,0,0,0,0,legitimate
0,1.5,1,7,1,1,0,0,1,1,3,1,merchant_substitution
0,1.5,1,7,1,1,0,0,1,1,3,1,merchant_substitution
1,0.8346,0,9,1,0,0,0,2,0,2,0,legitimate
0,1.5,1,7,1,1,0,0,1,1,3,1,merchant_substitution
1,0.999,0,7,2,0,1,1,0,1,3,1,subtle_intent_drift
0,1.5,1,7,1,1,0,0,1,1,3,1,merchant_substitution
0,1.5,1,7,1,1,0,0,1,1,3,1,merchant_substitution
1,0.6541,0,9,1,0,0,0,2,0,2,0,legitimate
1,0.5771,0,7,0,0,0,0,0,0,0,0,legitimate
1,0.5371,0,7,0,0,0,0,0,0,0,0,legitimate
1,0.6998,0,7,0,0,0,0,0,0,0,0,legitimate
1,0.8659,0,9,1,0,0,0,2,0,2,0,legitimate
1,0.999,0,7,2,0,1,1,0,1,3,1,subtle_intent_drift
1,0.999,0,7,2,0,1,1,0,1,3,1,subtle_intent_drift
1,0.6594,0,7,0,0,0,0,0,0,0,0,legitimate
1,0.7505,0,7,0,0,0,0,0,0,0,0,legitimate
1,0.999,0,7,2,0,1,1,0,1,3,1,subtle_intent_drift
1,0.999,0,7,2,0,1,1,0,1,3,1,subtle_intent_drift
1,0.9773,0,7,0,0,0,0,0,0,0,0,legitimate
0,1.5,1,7,1,1,0,0,1,1,3,1,merchant_substitution
1,0.999,0,7,2,0,1,1,0,1,3,1,subtle_intent_drift
0,1.5,1,7,1,1,0,0,1,1,3,1,merchant_substitution
1,0.999,0,7,2,0,1,1,0,1,3,1,subtle_intent_drift
1,0.8115,0,7,0,0,0,0,0,0,0,0,legitimate
1,0.6619,0,9,1,0,0,0,2,0,2,0,legitimate
0,1.5,1,7,1,1,0,0,1,1,3,1,merchant_substitution
1,0.6626,0,7,0,0,0,0,0,0,0,0,legitimate
1,0.8649,0,9,1,0,0,0,2,0,2,0,legitimate
0,1.5,1,7,1,1,0,0,1,1,3,1,merchant_substitution
1,0.7439,0,7,0,0,0,0,0,0,0,0,legitimate
1,0.678,0,7,0,0,0,0,0,0,0,0,legitimate
1,0.999,0,7,2,0,1,1,0,1,3,1,subtle_intent_drift
1,0.8895,0,7,0,0,0,0,0,0,0,0,legitimate
1,0.999,0,7,2,0,1,1,0,1,3,1,subtle_intent_drift
1,0.999,0,7,2,0,1,1,0,1,3,1,subtle_intent_drift
1,0.999,0,7,2,0,1,1,0,1,3,1,subtle_intent_drift
1,0.586,0,9,1,0,0,0,2,0,2,0,legitimate
1,0.513,0,7,0,0,0,0,0,0,0,0,legitimate
1,0.7813,0,7,0,0,0,0,0,0,0,0,legitimate
0,1.5,1,7,1,1,0,0,1,1,3,1,merchant_substitution
1,0.999,0,7,2,0,1,1,0,1,3,1,subtle_intent_drift
1,0.5252,0,7,0,0,0,0,0,0,0,0,legitimate
1,0.7009,0,7,0,0,0,0,0,0,0,0,legitimate
1,0.6192,0,7,0,0,0,0,0,0,0,0,legitimate
0,1.5,1,7,1,1,0,0,1,1,3,1,merchant_substitution
1,0.647,0,7,0,0,0,0,0,0,0,0,legitimate
1,0.8916,0,9,1,0,0,0,2,0,2,0,legitimate
1,0.6285,0,7,0,0,0,0,0,0,0,0,legitimate
1,0.9103,0,7,0,0,0,0,0,0,0,0,legitimate
1,0.999,0,7,2,0,1,1,0,1,3,1,subtle_intent_drift
0,1.5,1,7,1,1,0,0,1,1,3,1,merchant_substitution
1,0.8039,0,7,0,0,0,0,0,0,0,0,legitimate
1,0.7755,0,7,0,0,0,0,0,0,0,0,legitimate
1,0.7177,0,7,0,0,0,0,0,0,0,0,legitimate
0,1.5,1,7,1,1,0,0,1,1,3,1,merchant_substitution
0,1.5,1,7,1,1,0,0,1,1,3,1,merchant_substitution
1,0.708,0,7,0,0,0,0,0,0,0,0,legitimate
0,1.5,1,7,1,1,0,0,1,1,3,1,merchant_substitution
1,0.8554,0,7,0,0,0,0,0,0,0,0,legitimate
0,1.5,1,7,1,1,0,0,1,1,3,1,merchant_substitution
1,0.8059,0,9,1,0,0,0,2,0,2,0,legitimate
1,0.6976,0,9,1,0,0,0,2,0,2,0,legitimate
1,0.999,0,7,2,0,1,1,0,1,3,1,subtle_intent_drift
1,0.999,0,7,2,0,1,1,0,1,3,1,subtle_intent_drift
0,1.5,1,7,1,1,0,0,1,1,3,1,merchant_substitution
0,1.5,1,7,1,1,0,0,1,1,3,1,merchant_substitution
0,1.5,1,7,1,1,0,0,1,1,3,1,merchant_substitution
1,0.7906,0,7,0,0,0,0,0,0,0,0,legitimate
1,0.9758,0,7,0,0,0,0,0,0,0,0,legitimate
1,0.999,0,7,2,0,1,1,0,1,3,1,subtle_intent_drift
1,0.999,0,7,2,0,1,1,0,1,3,1,subtle_intent_drift
0,1.5,1,7,1,1,0,0,1,1,3,1,merchant_substitution
1,0.5566,0,7,0,0,0,0,0,0,0,0,legitimate
1,0.7612,0,7,0,0,0,0,0,0,0,0,legitimate
0,1.5,1,7,1,1,0,0,1,1,3,1,merchant_substitution
0,1.5,1,7,1,1,0,0,1,1,3,1,merchant_substitution
0,1.5,1,7,1,1,0,0,1,1,3,1,merchant_substitution
1,0.5309,0,7,0,0,0,0,0,0,0,0,legitimate
1,0.999,0,7,2,0,1,1,0,1,3,1,subtle_intent_drift
1,0.5875,0,7,0,0,0,0,0,0,0,0,legitimate
0,1.5,1,7,1,1,0,0,1,1,3,1,merchant_substitution
1,0.7993,0,7,0,0,0,0,0,0,0,0,legitimate
0,1.5,1,7,1,1,0,0,1,1,3,1,merchant_substitution
1,0.6346,0,7,0,0,0,0,0,0,0,0,legitimate
1,0.8642,0,9,1,0,0,0,2,0,2,0,legitimate
1,0.9427,0,7,0,0,0,0,0,0,0,0,legitimate
0,1.5,1,7,1,1,0,0,1,1,3,1,merchant_substitution
1,0.999,0,7,2,0,1,1,0,1,3,1,subtle_intent_drift
1,0.999,0,7,2,0,1,1,0,1,3,1,subtle_intent_drift
1,0.999,0,7,2,0,1,1,0,1,3,1,subtle_intent_drift
1,0.999,0,7,2,0,1,1,0,1,3,1,subtle_intent_drift
1,0.999,0,7,2,0,1,1,0,1,3,1,subtle_intent_drift
1,0.612,0,7,0,0,0,0,0,0,0,0,legitimate
1,0.5621,0,7,0,0,0,0,0,0,0,0,legitimate
1,0.8903,0,7,0,0,0,0,0,0,0,0,legitimate
1,0.5962,0,7,0,0,0,0,0,0,0,0,legitimate
0,1.5,1,7,1,1,0,0,1,1,3,1,merchant_substitution
0,1.5,1,7,1,1,0,0,1,1,3,1,merchant_substitution
0,1.5,1,7,1,1,0,0,1,1,3,1,merchant_substitution
1,0.6969,0,9,1,0,0,0,2,0,2,0,legitimate
1,0.999,0,7,2,0,1,1,0,1,3,1,subtle_intent_drift
1,0.999,0,7,2,0,1,1,0,1,3,1,subtle_intent_drift
1,0.5977,0,7,0,0,0,0,0,0,0,0,legitimate
1,0.6187,0,7,0,0,0,0,0,0,0,0,legitimate
0,1.5,1,7,1,1,0,0,1,1,3,1,merchant_substitution
0,1.5,1,7,1,1,0,0,1,1,3,1,merchant_substitution
1,0.5927,0,9,1,0,0,0,2,0,2,0,legitimate
0,1.5,1,7,1,1,0,0,1,1,3,1,merchant_substitution
0,1.5,1,7,1,1,0,0,1,1,3,1,merchant_substitution
1,0.8999,0,9,1,0,0,0,2,0,2,0,legitimate
0,1.5,1,7,1,1,0,0,1,1,3,1,merchant_substitution
1,0.829,0,9,1,0,0,0,2,0,2,0,legitimate
1,0.999,0,7,2,0,1,1,0,1,3,1,subtle_intent_drift
1,0.5961,0,7,0,0,0,0,0,0,0,0,legitimate
1,0.6133,0,7,0,0,0,0,0,0,0,0,legitimate
0,1.5,1,7,1,1,0,0,1,1,3,1,merchant_substitution
1,0.999,0,7,2,0,1,1,0,1,3,1,subtle_intent_drift
1,0.999,0,7,2,0,1,1,0,1,3,1,subtle_intent_drift
0,1.5,1,7,1,1,0,0,1,1,3,1,merchant_substitution
0,1.5,1,7,1,1,0,0,1,1,3,1,merchant_substitution
1,0.999,0,7,2,0,1,1,0,1,3,1,subtle_intent_drift
1,0.6756,0,9,1,0,0,0,2,0,2,0,legitimate
1,0.5483,0,7,0,0,0,0,0,0,0,0,legitimate
0,1.5,1,7,1,1,0,0,1,1,3,1,merchant_substitution
1,0.6787,0,9,1,0,0,0,2,0,2,0,legitimate
1,0.5913,0,9,1,0,0,0,2,0,2,0,legitimate
1,0.999,0,7,2,0,1,1,0,1,3,1,subtle_intent_drift
1,0.9222,0,7,0,0,0,0,0,0,0,0,legitimate
0,1.5,1,7,1,1,0,0,1,1,3,1,merchant_substitution
1,0.999,0,7,2,0,1,1,0,1,3,1,subtle_intent_drift
1,0.5367,0,9,1,0,0,0,2,0,2,0,legitimate
1,0.888,0,7,0,0,0,0,0,0,0,0,legitimate
1,0.8869,0,7,0,0,0,0,0,0,0,0,legitimate
0,1.5,1,7,1,1,0,0,1,1,3,1,merchant_substitution
1,0.92,0,7,0,0,0,0,0,0,0,0,legitimate
0,1.5,1,7,1,1,0,0,1,1,3,1,merchant_substitution
1,0.6885,0,7,0,0,0,0,0,0,0,0,legitimate
0,1.5,1,7,1,1,0,0,1,1,3,1,merchant_substitution
1,0.999,0,7,2,0,1,1,0,1,3,1,subtle_intent_drift
1,0.8858,0,9,1,0,0,0,2,0,2,0,legitimate
1,0.6193,0,7,0,0,0,0,0,0,0,0,legitimate
1,0.999,0,7,2,0,1,1,0,1,3,1,subtle_intent_drift
1,0.6215,0,7,0,0,0,0,0,0,0,0,legitimate
1,0.6961,0,9,1,0,0,0,2,0,2,0,legitimate
1,0.999,0,7,2,0,1,1,0,1,3,1,subtle_intent_drift
1,0.64,0,9,1,0,0,0,2,0,2,0,legitimate
1,0.9145,0,9,1,0,0,0,2,0,2,0,legitimate
0,1.5,1,7,1,1,0,0,1,1,3,1,merchant_substitution
1,0.999,0,7,2,0,1,1,0,1,3,1,subtle_intent_drift
1,0.9134,0,7,0,0,0,0,0,0,0,0,legitimate
1,0.999,0,7,2,0,1,1,0,1,3,1,subtle_intent_drift
1,0.6071,0,9,1,0,0,0,2,0,2,0,legitimate
0,1.5,1,7,1,1,0,0,1,1,3,1,merchant_substitution
0,1.5,1,7,1,1,0,0,1,1,3,1,merchant_substitution
1,0.8599,0,7,0,0,0,0,0,0,0,0,legitimate
0,1.5,1,7,1,1,0,0,1,1,3,1,merchant_substitution
1,0.5108,0,9,1,0,0,0,2,0,2,0,legitimate
0,1.5,1,7,1,1,0,0,1,1,3,1,merchant_substitution
1,0.7876,0,7,0,0,0,0,0,0,0,0,legitimate
0,1.5,1,7,1,1,0,0,1,1,3,1,merchant_substitution
1,0.6432,0,9,1,0,0,0,2,0,2,0,legitimate
1,0.999,0,7,2,0,1,1,0,1,3,1,subtle_intent_drift
1,0.999,0,7,2,0,1,1,0,1,3,1,subtle_intent_drift
0,1.5,1,7,1,1,0,0,1,1,3,1,merchant_substitution
1,0.999,0,7,2,0,1,1,0,1,3,1,subtle_intent_drift
1,0.9743,0,7,0,0,0,0,0,0,0,0,legitimate
1,0.999,0,7,2,0,1,1,0,1,3,1,subtle_intent_drift
1,0.7439,0,7,0,0,0,0,0,0,0,0,legitimate
1,0.9561,0,9,1,0,0,0,2,0,2,0,legitimate
1,0.8095,0,7,0,0,0,0,0,0,0,0,legitimate
1,0.5587,0,7,0,0,0,0,0,0,0,0,legitimate
1,0.6059,0,9,1,0,0,0,2,0,2,0,legitimate
1,0.9353,0,7,0,0,0,0,0,0,0,0,legitimate
0,1.5,1,7,1,1,0,0,1,1,3,1,merchant_substitution
1,0.999,0,7,2,0,1,1,0,1,3,1,subtle_intent_drift
1,0.9126,0,9,1,0,0,0,2,0,2,0,legitimate
1,0.6198,0,7,0,0,0,0,0,0,0,0,legitimate
1,0.5961,0,7,0,0,0,0,0,0,0,0,legitimate
1,0.8679,0,7,0,0,0,0,0,0,0,0,legitimate
1,0.6763,0,7,0,0,0,0,0,0,0,0,legitimate
1,0.999,0,7,2,0,1,1,0,1,3,1,subtle_intent_drift
1,0.5652,0,7,0,0,0,0,0,0,0,0,legitimate
1,0.999,0,7,2,0,1,1,0,1,3,1,subtle_intent_drift
1,0.999,0,7,2,0,1,1,0,1,3,1,subtle_intent_drift
0,1.5,1,7,1,1,0,0,1,1,3,1,merchant_substitution
1,0.9217,0,7,0,0,0,0,0,0,0,0,legitimate
0,1.5,1,7,1,1,0,0,1,1,3,1,merchant_substitution
1,0.8025,0,9,1,0,0,0,2,0,2,0,legitimate
1,0.6028,0,9,1,0,0,0,2,0,2,0,legitimate
1,0.5408,0,7,0,0,0,0,0,0,0,0,legitimate
1,0.6851,0,7,0,0,0,0,0,0,0,0,legitimate
1,0.8139,0,7,0,0,0,0,0,0,0,0,legitimate
1,0.999,0,7,2,0,1,1,0,1,3,1,subtle_intent_drift
1,0.999,0,7,2,0,1,1,0,1,3,1,subtle_intent_drift
1,0.8438,0,7,0,0,0,0,0,0,0,0,legitimate
1,0.741,0,9,1,0,0,0,2,0,2,0,legitimate
1,0.9756,0,7,0,0,0,0,0,0,0,0,legitimate
0,1.5,1,7,1,1,0,0,1,1,3,1,merchant_substitution
1,0.5841,0,7,0,0,0,0,0,0,0,0,legitimate
1,0.7681,0,9,1,0,0,0,2,0,2,0,legitimate
1,0.6718,0,7,0,0,0,0,0,0,0,0,legitimate
0,1.5,1,7,1,1,0,0,1,1,3,1,merchant_substitution
1,0.8704,0,7,0,0,0,0,0,0,0,0,legitimate
1,0.8168,0,7,0,0,0,0,0,0,0,0,legitimate
1,0.999,0,7,2,0,1,1,0,1,3,1,subtle_intent_drift
1,0.8419,0,7,0,0,0,0,0,0,0,0,legitimate
1,0.6424,0,7,0,0,0,0,0,0,0,0,legitimate
1,0.8091,0,7,0,0,0,0,0,0,0,0,legitimate
1,0.999,0,7,2,0,1,1,0,1,3,1,subtle_intent_drift
1,0.7648,0,9,1,0,0,0,2,0,2,0,legitimate
1,0.999,0,7,2,0,1,1,0,1,3,1,subtle_intent_drift
0,1.5,1,7,1,1,0,0,1,1,3,1,merchant_substitution
1,0.9424,0,7,0,0,0,0,0,0,0,0,legitimate
1,0.999,0,7,2,0,1,1,0,1,3,1,subtle_intent_drift
1,0.999,0,7,2,0,1,1,0,1,3,1,subtle_intent_drift
1,0.7654,0,7,0,0,0,0,0,0,0,0,legitimate
1,0.7978,0,7,0,0,0,0,0,0,0,0,legitimate
1,0.999,0,7,2,0,1,1,0,1,3,1,subtle_intent_drift
1,0.8044,0,7,0,0,0,0,0,0,0,0,legitimate
1,0.999,0,7,2,0,1,1,0,1,3,1,subtle_intent_drift
1,0.5432,0,7,0,0,0,0,0,0,0,0,legitimate
0,1.5,1,7,1,1,0,0,1,1,3,1,merchant_substitution
1,0.5801,0,7,0,0,0,0,0,0,0,0,legitimate
1,0.9344,0,7,0,0,0,0,0,0,0,0,legitimate
1,0.7231,0,7,0,0,0,0,0,0,0,0,legitimate
1,0.999,0,7,2,0,1,1,0,1,3,1,subtle_intent_drift
1,0.7538,0,7,0,0,0,0,0,0,0,0,legitimate
0,1.5,1,7,1,1,0,0,1,1,3,1,merchant_substitution
0,1.5,1,7,1,1,0,0,1,1,3,1,merchant_substitution
0,1.5,1,7,1,1,0,0,1,1,3,1,merchant_substitution
1,0.6338,0,7,0,0,0,0,0,0,0,0,legitimate
1,0.9135,0,9,1,0,0,0,2,0,2,0,legitimate
1,0.9511,0,7,0,0,0,0,0,0,0,0,legitimate
1,0.999,0,7,2,0,1,1,0,1,3,1,subtle_intent_drift
1,0.999,0,7,2,0,1,1,0,1,3,1,subtle_intent_drift
0,1.5,1,7,1,1,0,0,1,1,3,1,merchant_substitution
1,0.999,0,7,2,0,1,1,0,1,3,1,subtle_intent_drift
1,0.5358,0,7,0,0,0,0,0,0,0,0,legitimate
0,1.5,1,7,1,1,0,0,1,1,3,1,merchant_substitution
1,0.999,0,7,2,0,1,1,0,1,3,1,subtle_intent_drift
1,0.999,0,7,2,0,1,1,0,1,3,1,subtle_intent_drift
1,0.9634,0,7,0,0,0,0,0,0,0,0,legitimate
1,0.7615,0,7,0,0,0,0,0,0,0,0,legitimate
1,0.9454,0,9,1,0,0,0,2,0,2,0,legitimate
0,1.5,1,7,1,1,0,0,1,1,3,1,merchant_substitution
1,0.999,0,7,2,0,1,1,0,1,3,1,subtle_intent_drift
0,1.5,1,7,1,1,0,0,1,1,3,1,merchant_substitution
1,0.999,0,7,2,0,1,1,0,1,3,1,subtle_intent_drift
1,0.8535,0,7,0,0,0,0,0,0,0,0,legitimate
0,1.5,1,7,1,1,0,0,1,1,3,1,merchant_substitution
1,0.9378,0,7,0,0,0,0,0,0,0,0,legitimate
1,0.6556,0,9,1,0,0,0,2,0,2,0,legitimate
1,0.7785,0,7,0,0,0,0,0,0,0,0,legitimate
1,0.7097,0,9,1,0,0,0,2,0,2,0,legitimate
1,0.7295,0,9,1,0,0,0,2,0,2,0,legitimate
1,0.8026,0,7,0,0,0,0,0,0,0,0,legitimate
1,0.7408,0,9,1,0,0,0,2,0,2,0,legitimate
1,0.8675,0,7,0,0,0,0,0,0,0,0,legitimate
0,1.5,1,7,1,1,0,0,1,1,3,1,merchant_substitution
0,1.5,1,7,1,1,0,0,1,1,3,1,merchant_substitution
0,1.5,1,7,1,1,0,0,1,1,3,1,merchant_substitution
1,0.6764,0,7,0,0,0,0,0,0,0,0,legitimate
0,1.5,1,7,1,1,0,0,1,1,3,1,merchant_substitution
0,1.5,1,7,1,1,0,0,1,1,3,1,merchant_substitution
1,0.999,0,7,2,0,1,1,0,1,3,1,subtle_intent_drift
0,1.5,1,7,1,1,0,0,1,1,3,1,merchant_substitution
1,0.724,0,7,0,0,0,0,0,0,0,0,legitimate
1,0.9632,0,7,0,0,0,0,0,0,0,0,legitimate
0,1.5,1,7,1,1,0,0,1,1,3,1,merchant_substitution
1,0.5882,0,9,1,0,0,0,2,0,2,0,legitimate
0,1.5,1,7,1,1,0,0,1,1,3,1,merchant_substitution
1,0.639,0,7,0,0,0,0,0,0,0,0,legitimate
1,0.999,0,7,2,0,1,1,0,1,3,1,subtle_intent_drift
0,1.5,1,7,1,1,0,0,1,1,3,1,merchant_substitution
0,1.5,1,7,1,1,0,0,1,1,3,1,merchant_substitution
1,0.8855,0,9,1,0,0,0,2,0,2,0,legitimate
1,0.999,0,7,2,0,1,1,0,1,3,1,subtle_intent_drift
0,1.5,1,7,1,1,0,0,1,1,3,1,merchant_substitution
1,0.999,0,7,2,0,1,1,0,1,3,1,subtle_intent_drift
1,0.5329,0,9,1,0,0,0,2,0,2,0,legitimate
1,0.6443,0,7,0,0,0,0,0,0,0,0,legitimate
0,1.5,1,7,1,1,0,0,1,1,3,1,merchant_substitution
1,0.999,0,7,2,0,1,1,0,1,3,1,subtle_intent_drift
1,0.7098,0,7,0,0,0,0,0,0,0,0,legitimate
1,0.999,0,7,2,0,1,1,0,1,3,1,subtle_intent_drift
1,0.999,0,7,2,0,1,1,0,1,3,1,subtle_intent_drift
1,0.999,0,7,2,0,1,1,0,1,3,1,subtle_intent_drift
1,0.999,0,7,2,0,1,1,0,1,3,1,subtle_intent_drift
0,1.5,1,7,1,1,0,0,1,1,3,1,merchant_substitution
1,0.8398,0,7,0,0,0,0,0,0,0,0,legitimate
1,0.6229,0,7,0,0,0,0,0,0,0,0,legitimate
0,1.5,1,7,1,1,0,0,1,1,3,1,merchant_substitution
1,0.999,0,7,2,0,1,1,0,1,3,1,subtle_intent_drift
1,0.889,0,9,1,0,0,0,2,0,2,0,legitimate
1,0.8043,0,9,1,0,0,0,2,0,2,0,legitimate
1,0.8153,0,7,0,0,0,0,0,0,0,0,legitimate
0,1.5,1,7,1,1,0,0,1,1,3,1,merchant_substitution
0,1.5,1,7,1,1,0,0,1,1,3,1,merchant_substitution
1,0.999,0,7,2,0,1,1,0,1,3,1,subtle_intent_drift
1,0.999,0,7,2,0,1,1,0,1,3,1,subtle_intent_drift
1,0.999,0,7,2,0,1,1,0,1,3,1,subtle_intent_drift
1,0.999,0,7,2,0,1,1,0,1,3,1,subtle_intent_drift
1,0.8184,0,7,0,0,0,0,0,0,0,0,legitimate
1,0.6874,0,9,1,0,0,0,2,0,2,0,legitimate
1,0.7968,0,7,0,0,0,0,0,0,0,0,legitimate
1,0.999,0,7,2,0,1,1,0,1,3,1,subtle_intent_drift
1,0.5965,0,7,0,0,0,0,0,0,0,0,legitimate
1,0.999,0,7,2,0,1,1,0,1,3,1,subtle_intent_drift
1,0.999,0,7,2,0,1,1,0,1,3,1,subtle_intent_drift
1,0.999,0,7,2,0,1,1,0,1,3,1,subtle_intent_drift
1,0.5179,0,7,0,0,0,0,0,0,0,0,legitimate
1,0.7229,0,7,0,0,0,0,0,0,0,0,legitimate
1,0.8223,0,9,1,0,0,0,2,0,2,0,legitimate
1,0.999,0,7,2,0,1,1,0,1,3,1,subtle_intent_drift
1,0.999,0,7,2,0,1,1,0,1,3,1,subtle_intent_drift
1,0.7702,0,7,0,0,0,0,0,0,0,0,legitimate
1,0.8443,0,9,1,0,0,0,2,0,2,0,legitimate
1,0.846,0,7,0,0,0,0,0,0,0,0,legitimate
1,0.5799,0,9,1,0,0,0,2,0,2,0,legitimate
1,0.5101,0,7,0,0,0,0,0,0,0,0,legitimate
1,0.999,0,7,2,0,1,1,0,1,3,1,subtle_intent_drift
1,0.999,0,7,2,0,1,1,0,1,3,1,subtle_intent_drift
1,0.6547,0,7,0,0,0,0,0,0,0,0,legitimate
1,0.999,0,7,2,0,1,1,0,1,3,1,subtle_intent_drift
1,0.999,0,7,2,0,1,1,0,1,3,1,subtle_intent_drift
1,0.999,0,7,2,0,1,1,0,1,3,1,subtle_intent_drift
0,1.5,1,7,1,1,0,0,1,1,3,1,merchant_substitution
1,0.5407,0,9,1,0,0,0,2,0,2,0,legitimate
0,1.5,1,7,1,1,0,0,1,1,3,1,merchant_substitution
0,1.5,1,7,1,1,0,0,1,1,3,1,merchant_substitution
1,0.999,0,7,2,0,1,1,0,1,3,1,subtle_intent_drift
1,0.999,0,7,2,0,1,1,0,1,3,1,subtle_intent_drift
0,1.5,1,7,1,1,0,0,1,1,3,1,merchant_substitution
1,0.9794,0,7,0,0,0,0,0,0,0,0,legitimate
0,1.5,1,7,1,1,0,0,1,1,3,1,merchant_substitution
1,0.6383,0,9,1,0,0,0,2,0,2,0,legitimate
1,0.999,0,7,2,0,1,1,0,1,3,1,subtle_intent_drift
1,0.5159,0,9,1,0,0,0,2,0,2,0,legitimate
1,0.9262,0,7,0,0,0,0,0,0,0,0,legitimate
0,1.5,1,7,1,1,0,0,1,1,3,1,merchant_substitution
1,0.5156,0,7,0,0,0,0,0,0,0,0,legitimate
1,0.999,0,7,2,0,1,1,0,1,3,1,subtle_intent_drift
0,1.5,1,7,1,1,0,0,1,1,3,1,merchant_substitution
0,1.5,1,7,1,1,0,0,1,1,3,1,merchant_substitution
1,0.6412,0,7,0,0,0,0,0,0,0,0,legitimate
0,1.5,1,7,1,1,0,0,1,1,3,1,merchant_substitution
1,0.703,0,7,0,0,0,0,0,0,0,0,legitimate
1,0.8702,0,7,0,0,0,0,0,0,0,0,legitimate
1,0.999,0,7,2,0,1,1,0,1,3,1,subtle_intent_drift
1,0.999,0,7,2,0,1,1,0,1,3,1,subtle_intent_drift
0,1.5,1,7,1,1,0,0,1,1,3,1,merchant_substitution
1,0.7523,0,7,0,0,0,0,0,0,0,0,legitimate
1,0.5474,0,7,0,0,0,0,0,0,0,0,legitimate
1,0.9597,0,7,0,0,0,0,0,0,0,0,legitimate
1,0.7445,0,7,0,0,0,0,0,0,0,0,legitimate
1,0.5737,0,7,0,0,0,0,0,0,0,0,legitimate
1,0.999,0,7,2,0,1,1,0,1,3,1,subtle_intent_drift
1,0.9137,0,7,0,0,0,0,0,0,0,0,legitimate
0,1.5,1,7,1,1,0,0,1,1,3,1,merchant_substitution
0,1.5,1,7,1,1,0,0,1,1,3,1,merchant_substitution
1,0.8186,0,7,0,0,0,0,0,0,0,0,legitimate
1,0.5548,0,9,1,0,0,0,2,0,2,0,legitimate
1,0.5597,0,7,0,0,0,0,0,0,0,0,legitimate
1,0.547,0,9,1,0,0,0,2,0,2,0,legitimate
1,0.999,0,7,2,0,1,1,0,1,3,1,subtle_intent_drift
0,1.5,1,7,1,1,0,0,1,1,3,1,merchant_substitution
1,0.9317,0,7,0,0,0,0,0,0,0,0,legitimate
1,0.7283,0,7,0,0,0,0,0,0,0,0,legitimate
1,0.999,0,7,2,0,1,1,0,1,3,1,subtle_intent_drift
1,0.9071,0,7,0,0,0,0,0,0,0,0,legitimate
1,0.999,0,7,2,0,1,1,0,1,3,1,subtle_intent_drift
1,0.7231,0,7,0,0,0,0,0,0,0,0,legitimate
1,0.6321,0,7,0,0,0,0,0,0,0,0,legitimate
1,0.999,0,7,2,0,1,1,0,1,3,1,subtle_intent_drift
1,0.999,0,7,2,0,1,1,0,1,3,1,subtle_intent_drift
1,0.999,0,7,2,0,1,1,0,1,3,1,subtle_intent_drift
0,1.5,1,7,1,1,0,0,1,1,3,1,merchant_substitution
1,0.5947,0,7,0,0,0,0,0,0,0,0,legitimate
1,0.833,0,7,0,0,0,0,0,0,0,0,legitimate
1,0.5539,0,7,0,0,0,0,0,0,0,0,legitimate
1,0.9778,0,9,1,0,0,0,2,0,2,0,legitimate
1,0.999,0,7,2,0,1,1,0,1,3,1,subtle_intent_drift
0,1.5,1,7,1,1,0,0,1,1,3,1,merchant_substitution
1,0.999,0,7,2,0,1,1,0,1,3,1,subtle_intent_drift
1,0.8322,0,9,1,0,0,0,2,0,2,0,legitimate
1,0.6475,0,7,0,0,0,0,0,0,0,0,legitimate
0,1.5,1,7,1,1,0,0,1,1,3,1,merchant_substitution
0,1.5,1,7,1,1,0,0,1,1,3,1,merchant_substitution
1,0.5528,0,7,0,0,0,0,0,0,0,0,legitimate
1,0.6219,0,7,0,0,0,0,0,0,0,0,legitimate
1,0.999,0,7,2,0,1,1,0,1,3,1,subtle_intent_drift
1,0.999,0,7,2,0,1,1,0,1,3,1,subtle_intent_drift
1,0.999,0,7,2,0,1,1,0,1,3,1,subtle_intent_drift
0,1.5,1,7,1,1,0,0,1,1,3,1,merchant_substitution
1,0.7419,0,7,0,0,0,0,0,0,0,0,legitimate
1,0.9438,0,7,0,0,0,0,0,0,0,0,legitimate
1,0.9539,0,9,1,0,0,0,2,0,2,0,legitimate
1,0.9611,0,9,1,0,0,0,2,0,2,0,legitimate
0,1.5,1,7,1,1,0,0,1,1,3,1,merchant_substitution
0,1.5,1,7,1,1,0,0,1,1,3,1,merchant_substitution
1,0.8049,0,7,0,0,0,0,0,0,0,0,legitimate
0,1.5,1,7,1,1,0,0,1,1,3,1,merchant_substitution
0,1.5,1,7,1,1,0,0,1,1,3,1,merchant_substitution
1,0.999,0,7,2,0,1,1,0,1,3,1,subtle_intent_drift
0,1.5,1,7,1,1,0,0,1,1,3,1,merchant_substitution
1,0.999,0,7,2,0,1,1,0,1,3,1,subtle_intent_drift
1,0.6017,0,9,1,0,0,0,2,0,2,0,legitimate
1,0.999,0,7,2,0,1,1,0,1,3,1,subtle_intent_drift
1,0.8866,0,9,1,0,0,0,2,0,2,0,legitimate
0,1.5,1,7,1,1,0,0,1,1,3,1,merchant_substitution
1,0.999,0,7,2,0,1,1,0,1,3,1,subtle_intent_drift
0,1.5,1,7,1,1,0,0,1,1,3,1,merchant_substitution
1,0.7837,0,7,0,0,0,0,0,0,0,0,legitimate
1,0.8017,0,9,1,0,0,0,2,0,2,0,legitimate
0,1.5,1,7,1,1,0,0,1,1,3,1,merchant_substitution
1,0.7621,0,7,0,0,0,0,0,0,0,0,legitimate
0,1.5,1,7,1,1,0,0,1,1,3,1,merchant_substitution
1,0.9673,0,7,0,0,0,0,0,0,0,0,legitimate
0,1.5,1,7,1,1,0,0,1,1,3,1,merchant_substitution
1,0.5506,0,9,1,0,0,0,2,0,2,0,legitimate
1,0.5244,0,7,0,0,0,0,0,0,0,0,legitimate
1,0.9346,0,7,0,0,0,0,0,0,0,0,legitimate
1,0.9638,0,7,0,0,0,0,0,0,0,0,legitimate
1,0.999,0,7,2,0,1,1,0,1,3,1,subtle_intent_drift
1,0.5364,0,7,0,0,0,0,0,0,0,0,legitimate
1,0.999,0,7,2,0,1,1,0,1,3,1,subtle_intent_drift
0,1.5,1,7,1,1,0,0,1,1,3,1,merchant_substitution
1,0.999,0,7,2,0,1,1,0,1,3,1,subtle_intent_drift
0,1.5,1,7,1,1,0,0,1,1,3,1,merchant_substitution
1,0.999,0,7,2,0,1,1,0,1,3,1,subtle_intent_drift
1,0.7762,0,9,1,0,0,0,2,0,2,0,legitimate
1,0.999,0,7,2,0,1,1,0,1,3,1,subtle_intent_drift
1,0.8282,0,7,0,0,0,0,0,0,0,0,legitimate
1,0.9797,0,9,1,0,0,0,2,0,2,0,legitimate
1,0.8042,0,9,1,0,0,0,2,0,2,0,legitimate
1,0.7246,0,7,0,0,0,0,0,0,0,0,legitimate
1,0.999,0,7,2,0,1,1,0,1,3,1,subtle_intent_drift
1,0.999,0,7,2,0,1,1,0,1,3,1,subtle_intent_drift
1,0.692,0,7,0,0,0,0,0,0,0,0,legitimate
1,0.8054,0,7,0,0,0,0,0,0,0,0,legitimate
1,0.999,0,7,2,0,1,1,0,1,3,1,subtle_intent_drift
1,0.999,0,7,2,0,1,1,0,1,3,1,subtle_intent_drift
0,1.5,1,7,1,1,0,0,1,1,3,1,merchant_substitution
0,1.5,1,7,1,1,0,0,1,1,3,1,merchant_substitution
0,1.5,1,7,1,1,0,0,1,1,3,1,merchant_substitution
1,0.999,0,7,2,0,1,1,0,1,3,1,subtle_intent_drift
1,0.5771,0,7,0,0,0,0,0,0,0,0,legitimate
0,1.5,1,7,1,1,0,0,1,1,3,1,merchant_substitution
1,0.999,0,7,2,0,1,1,0,1,3,1,subtle_intent_drift
1,0.8611,0,7,0,0,0,0,0,0,0,0,legitimate
1,0.518,0,7,0,0,0,0,0,0,0,0,legitimate
0,1.5,1,7,1,1,0,0,1,1,3,1,merchant_substitution
1,0.8447,0,9,1,0,0,0,2,0,2,0,legitimate
1,0.7626,0,9,1,0,0,0,2,0,2,0,legitimate
0,1.5,1,7,1,1,0,0,1,1,3,1,merchant_substitution
1,0.8241,0,7,0,0,0,0,0,0,0,0,legitimate
0,1.5,1,7,1,1,0,0,1,1,3,1,merchant_substitution
1,0.8504,0,9,1,0,0,0,2,0,2,0,legitimate
1,0.7312,0,7,0,0,0,0,0,0,0,0,legitimate
1,0.6456,0,7,0,0,0,0,0,0,0,0,legitimate
0,1.5,1,7,1,1,0,0,1,1,3,1,merchant_substitution
1,0.6012,0,9,1,0,0,0,2,0,2,0,legitimate
0,1.5,1,7,1,1,0,0,1,1,3,1,merchant_substitution
0,1.5,1,7,1,1,0,0,1,1,3,1,merchant_substitution
1,0.999,0,7,2,0,1,1,0,1,3,1,subtle_intent_drift
0,1.5,1,7,1,1,0,0,1,1,3,1,merchant_substitution
0,1.5,1,7,1,1,0,0,1,1,3,1,merchant_substitution
1,0.5902,0,7,0,0,0,0,0,0,0,0,legitimate
1,0.5745,0,7,0,0,0,0,0,0,0,0,legitimate
1,0.7644,0,7,0,0,0,0,0,0,0,0,legitimate
0,1.5,1,7,1,1,0,0,1,1,3,1,merchant_substitution
0,1.5,1,7,1,1,0,0,1,1,3,1,merchant_substitution
0,1.5,1,7,1,1,0,0,1,1,3,1,merchant_substitution
1,0.7928,0,7,0,0,0,0,0,0,0,0,legitimate
1,0.5843,0,7,0,0,0,0,0,0,0,0,legitimate
1,0.999,0,7,2,0,1,1,0,1,3,1,subtle_intent_drift
1,0.999,0,7,2,0,1,1,0,1,3,1,subtle_intent_drift
1,0.5612,0,7,0,0,0,0,0,0,0,0,legitimate
1,0.999,0,7,2,0,1,1,0,1,3,1,subtle_intent_drift
1,0.8554,0,7,0,0,0,0,0,0,0,0,legitimate
1,0.999,0,7,2,0,1,1,0,1,3,1,subtle_intent_drift
1,0.7029,0,7,0,0,0,0,0,0,0,0,legitimate
1,0.7071,0,7,0,0,0,0,0,0,0,0,legitimate
1,0.9663,0,7,0,0,0,0,0,0,0,0,legitimate
1,0.999,0,7,2,0,1,1,0,1,3,1,subtle_intent_drift
0,1.5,1,7,1,1,0,0,1,1,3,1,merchant_substitution
0,1.5,1,7,1,1,0,0,1,1,3,1,merchant_substitution
1,0.999,0,7,2,0,1,1,0,1,3,1,subtle_intent_drift
0,1.5,1,7,1,1,0,0,1,1,3,1,merchant_substitution
1,0.999,0,7,2,0,1,1,0,1,3,1,subtle_intent_drift
1,0.9477,0,7,0,0,0,0,0,0,0,0,legitimate
1,0.999,0,7,2,0,1,1,0,1,3,1,subtle_intent_drift
1,0.999,0,7,2,0,1,1,0,1,3,1,subtle_intent_drift
0,1.5,1,7,1,1,0,0,1,1,3,1,merchant_substitution
1,0.7949,0,9,1,0,0,0,2,0,2,0,legitimate
1,0.6875,0,7,0,0,0,0,0,0,0,0,legitimate
1,0.6262,0,7,0,0,0,0,0,0,0,0,legitimate
1,0.8092,0,7,0,0,0,0,0,0,0,0,legitimate
0,1.5,1,7,1,1,0,0,1,1,3,1,merchant_substitution
0,1.5,1,7,1,1,0,0,1,1,3,1,merchant_substitution
1,0.9263,0,7,0,0,0,0,0,0,0,0,legitimate
1,0.6543,0,9,1,0,0,0,2,0,2,0,legitimate
0,1.5,1,7,1,1,0,0,1,1,3,1,merchant_substitution
1,0.999,0,7,2,0,1,1,0,1,3,1,subtle_intent_drift
1,0.9338,0,7,0,0,0,0,0,0,0,0,legitimate
1,0.8021,0,9,1,0,0,0,2,0,2,0,legitimate
1,0.999,0,7,2,0,1,1,0,1,3,1,subtle_intent_drift
0,1.5,1,7,1,1,0,0,1,1,3,1,merchant_substitution
1,0.8344,0,7,0,0,0,0,0,0,0,0,legitimate
0,1.5,1,7,1,1,0,0,1,1,3,1,merchant_substitution
1,0.8275,0,7,0,0,0,0,0,0,0,0,legitimate
1,0.999,0,7,2,0,1,1,0,1,3,1,subtle_intent_drift
0,1.5,1,7,1,1,0,0,1,1,3,1,merchant_substitution
0,1.5,1,7,1,1,0,0,1,1,3,1,merchant_substitution
0,1.5,1,7,1,1,0,0,1,1,3,1,merchant_substitution
0,1.5,1,7,1,1,0,0,1,1,3,1,merchant_substitution
0,1.5,1,7,1,1,0,0,1,1,3,1,merchant_substitution
1,0.999,0,7,2,0,1,1,0,1,3,1,subtle_intent_drift
0,1.5,1,7,1,1,0,0,1,1,3,1,merchant_substitution
1,0.7363,0,7,0,0,0,0,0,0,0,0,legitimate
1,0.6942,0,7,0,0,0,0,0,0,0,0,legitimate
1,0.999,0,7,2,0,1,1,0,1,3,1,subtle_intent_drift
1,0.68,0,7,0,0,0,0,0,0,0,0,legitimate
1,0.999,0,7,2,0,1,1,0,1,3,1,subtle_intent_drift
1,0.6053,0,7,0,0,0,0,0,0,0,0,legitimate
0,1.5,1,7,1,1,0,0,1,1,3,1,merchant_substitution
1,0.725,0,9,1,0,0,0,2,0,2,0,legitimate
1,0.999,0,7,2,0,1,1,0,1,3,1,subtle_intent_drift
1,0.7942,0,7,0,0,0,0,0,0,0,0,legitimate
1,0.999,0,7,2,0,1,1,0,1,3,1,subtle_intent_drift
1,0.7251,0,9,1,0,0,0,2,0,2,0,legitimate
1,0.5476,0,9,1,0,0,0,2,0,2,0,legitimate
0,1.5,1,7,1,1,0,0,1,1,3,1,merchant_substitution
1,0.7744,0,7,0,0,0,0,0,0,0,0,legitimate
1,0.6515,0,7,0,0,0,0,0,0,0,0,legitimate
1,0.765,0,7,0,0,0,0,0,0,0,0,legitimate
1,0.7665,0,7,0,0,0,0,0,0,0,0,legitimate
1,0.6149,0,9,1,0,0,0,2,0,2,0,legitimate
1,0.7835,0,7,0,0,0,0,0,0,0,0,legitimate
0,1.5,1,7,1,1,0,0,1,1,3,1,merchant_substitution
1,0.5239,0,7,0,0,0,0,0,0,0,0,legitimate
1,0.999,0,7,2,0,1,1,0,1,3,1,subtle_intent_drift
1,0.999,0,7,2,0,1,1,0,1,3,1,subtle_intent_drift
1,0.5003,0,7,0,0,0,0,0,0,0,0,legitimate
1,0.9137,0,7,0,0,0,0,0,0,0,0,legitimate
1,0.5312,0,7,0,0,0,0,0,0,0,0,legitimate
1,0.999,0,7,2,0,1,1,0,1,3,1,subtle_intent_drift
1,0.6631,0,9,1,0,0,0,2,0,2,0,legitimate
1,0.999,0,7,2,0,1,1,0,1,3,1,subtle_intent_drift
1,0.999,0,7,2,0,1,1,0,1,3,1,subtle_intent_drift
1,0.8642,0,7,0,0,0,0,0,0,0,0,legitimate
1,0.999,0,7,2,0,1,1,0,1,3,1,subtle_intent_drift
1,0.85,0,7,0,0,0,0,0,0,0,0,legitimate
1,0.5987,0,9,1,0,0,0,2,0,2,0,legitimate
1,0.6688,0,7,0,0,0,0,0,0,0,0,legitimate
1,0.999,0,7,2,0,1,1,0,1,3,1,subtle_intent_drift
0,1.5,1,7,1,1,0,0,1,1,3,1,merchant_substitution
1,0.999,0,7,2,0,1,1,0,1,3,1,subtle_intent_drift
1,0.8499,0,7,0,0,0,0,0,0,0,0,legitimate
1,0.999,0,7,2,0,1,1,0,1,3,1,subtle_intent_drift
0,1.5,1,7,1,1,0,0,1,1,3,1,merchant_substitution
1,0.999,0,7,2,0,1,1,0,1,3,1,subtle_intent_drift
1,0.7763,0,9,1,0,0,0,2,0,2,0,legitimate
1,0.999,0,7,2,0,1,1,0,1,3,1,subtle_intent_drift
0,1.5,1,7,1,1,0,0,1,1,3,1,merchant_substitution
1,0.5014,0,7,0,0,0,0,0,0,0,0,legitimate
1,0.5908,0,7,0,0,0,0,0,0,0,0,legitimate
1,0.999,0,7,2,0,1,1,0,1,3,1,subtle_intent_drift
1,0.5088,0,7,0,0,0,0,0,0,0,0,legitimate
0,1.5,1,7,1,1,0,0,1,1,3,1,merchant_substitution
0,1.5,1,7,1,1,0,0,1,1,3,1,merchant_substitution
0,1.5,1,7,1,1,0,0,1,1,3,1,merchant_substitution
1,0.999,0,7,2,0,1,1,0,1,3,1,subtle_intent_drift
1,0.5113,0,7,0,0,0,0,0,0,0,0,legitimate
1,0.9101,0,7,0,0,0,0,0,0,0,0,legitimate
1,0.6015,0,7,0,0,0,0,0,0,0,0,legitimate
1,0.999,0,7,2,0,1,1,0,1,3,1,subtle_intent_drift
1,0.999,0,7,2,0,1,1,0,1,3,1,subtle_intent_drift
1,0.8113,0,7,0,0,0,0,0,0,0,0,legitimate
1,0.5909,0,9,1,0,0,0,2,0,2,0,legitimate
1,0.5951,0,7,0,0,0,0,0,0,0,0,legitimate
1,0.999,0,7,2,0,1,1,0,1,3,1,subtle_intent_drift
1,0.8503,0,7,0,0,0,0,0,0,0,0,legitimate
1,0.8482,0,9,1,0,0,0,2,0,2,0,legitimate
1,0.8393,0,7,0,0,0,0,0,0,0,0,legitimate
1,0.999,0,7,2,0,1,1,0,1,3,1,subtle_intent_drift
1,0.9495,0,7,0,0,0,0,0,0,0,0,legitimate
1,0.9129,0,9,1,0,0,0,2,0,2,0,legitimate
0,1.5,1,7,1,1,0,0,1,1,3,1,merchant_substitution
1,0.5514,0,7,0,0,0,0,0,0,0,0,legitimate
1,0.6248,0,7,0,0,0,0,0,0,0,0,legitimate
0,1.5,1,7,1,1,0,0,1,1,3,1,merchant_substitution
0,1.5,1,7,1,1,0,0,1,1,3,1,merchant_substitution
1,0.5827,0,9,1,0,0,0,2,0,2,0,legitimate
0,1.5,1,7,1,1,0,0,1,1,3,1,merchant_substitution
1,0.5513,0,7,0,0,0,0,0,0,0,0,legitimate
1,0.6267,0,7,0,0,0,0,0,0,0,0,legitimate
1,0.999,0,7,2,0,1,1,0,1,3,1,subtle_intent_drift
0,1.5,1,7,1,1,0,0,1,1,3,1,merchant_substitution
0,1.5,1,7,1,1,0,0,1,1,3,1,merchant_substitution
1,0.6467,0,7,0,0,0,0,0,0,0,0,legitimate
1,0.999,0,7,2,0,1,1,0,1,3,1,subtle_intent_drift
1,0.999,0,7,2,0,1,1,0,1,3,1,subtle_intent_drift
1,0.999,0,7,2,0,1,1,0,1,3,1,subtle_intent_drift
1,0.999,0,7,2,0,1,1,0,1,3,1,subtle_intent_drift
1,0.999,0,7,2,0,1,1,0,1,3,1,subtle_intent_drift
1,0.999,0,7,2,0,1,1,0,1,3,1,subtle_intent_drift
1,0.9597,0,9,1,0,0,0,2,0,2,0,legitimate
1,0.6423,0,7,0,0,0,0,0,0,0,0,legitimate
1,0.999,0,7,2,0,1,1,0,1,3,1,subtle_intent_drift
1,0.999,0,7,2,0,1,1,0,1,3,1,subtle_intent_drift
0,1.5,1,7,1,1,0,0,1,1,3,1,merchant_substitution
1,0.7505,0,7,0,0,0,0,0,0,0,0,legitimate
1,0.5174,0,7,0,0,0,0,0,0,0,0,legitimate
1,0.8556,0,7,0,0,0,0,0,0,0,0,legitimate
1,0.8672,0,9,1,0,0,0,2,0,2,0,legitimate
1,0.878,0,7,0,0,0,0,0,0,0,0,legitimate
1,0.7528,0,9,1,0,0,0,2,0,2,0,legitimate
0,1.5,1,7,1,1,0,0,1,1,3,1,merchant_substitution
1,0.624,0,7,0,0,0,0,0,0,0,0,legitimate
1,0.999,0,7,2,0,1,1,0,1,3,1,subtle_intent_drift
1,0.999,0,7,2,0,1,1,0,1,3,1,subtle_intent_drift
0,1.5,1,7,1,1,0,0,1,1,3,1,merchant_substitution
0,1.5,1,7,1,1,0,0,1,1,3,1,merchant_substitution
1,0.9608,0,7,0,0,0,0,0,0,0,0,legitimate
1,0.9091,0,9,1,0,0,0,2,0,2,0,legitimate
1,0.8122,0,7,0,0,0,0,0,0,0,0,legitimate
0,1.5,1,7,1,1,0,0,1,1,3,1,merchant_substitution
0,1.5,1,7,1,1,0,0,1,1,3,1,merchant_substitution
1,0.999,0,7,2,0,1,1,0,1,3,1,subtle_intent_drift
1,0.5154,0,7,0,0,0,0,0,0,0,0,legitimate
1,0.999,0,7,2,0,1,1,0,1,3,1,subtle_intent_drift
1,0.999,0,7,2,0,1,1,0,1,3,1,subtle_intent_drift
1,0.7407,0,9,1,0,0,0,2,0,2,0,legitimate
1,0.999,0,7,2,0,1,1,0,1,3,1,subtle_intent_drift
0,1.5,1,7,1,1,0,0,1,1,3,1,merchant_substitution
1,0.7527,0,7,0,0,0,0,0,0,0,0,legitimate
0,1.5,1,7,1,1,0,0,1,1,3,1,merchant_substitution
1,0.999,0,7,2,0,1,1,0,1,3,1,subtle_intent_drift
0,1.5,1,7,1,1,0,0,1,1,3,1,merchant_substitution
1,0.999,0,7,2,0,1,1,0,1,3,1,subtle_intent_drift
1,0.6423,0,9,1,0,0,0,2,0,2,0,legitimate
0,1.5,1,7,1,1,0,0,1,1,3,1,merchant_substitution
1,0.7795,0,9,1,0,0,0,2,0,2,0,legitimate
1,0.865,0,7,0,0,0,0,0,0,0,0,legitimate
1,0.6236,0,7,0,0,0,0,0,0,0,0,legitimate
0,1.5,1,7,1,1,0,0,1,1,3,1,merchant_substitution
1,0.999,0,7,2,0,1,1,0,1,3,1,subtle_intent_drift
0,1.5,1,7,1,1,0,0,1,1,3,1,merchant_substitution
1,0.9662,0,7,0,0,0,0,0,0,0,0,legitimate
0,1.5,1,7,1,1,0,0,1,1,3,1,merchant_substitution
1,0.7274,0,9,1,0,0,0,2,0,2,0,legitimate
1,0.999,0,7,2,0,1,1,0,1,3,1,subtle_intent_drift
0,1.5,1,7,1,1,0,0,1,1,3,1,merchant_substitution
1,0.5034,0,7,0,0,0,0,0,0,0,0,legitimate
1,0.999,0,7,2,0,1,1,0,1,3,1,subtle_intent_drift
1,0.9191,0,7,0,0,0,0,0,0,0,0,legitimate
1,0.999,0,7,2,0,1,1,0,1,3,1,subtle_intent_drift
1,0.999,0,7,2,0,1,1,0,1,3,1,subtle_intent_drift
1,0.908,0,9,1,0,0,0,2,0,2,0,legitimate
1,0.8966,0,7,0,0,0,0,0,0,0,0,legitimate
0,1.5,1,7,1,1,0,0,1,1,3,1,merchant_substitution
1,0.999,0,7,2,0,1,1,0,1,3,1,subtle_intent_drift
0,1.5,1,7,1,1,0,0,1,1,3,1,merchant_substitution
0,1.5,1,7,1,1,0,0,1,1,3,1,merchant_substitution
1,0.9645,0,9,1,0,0,0,2,0,2,0,legitimate
1,0.999,0,7,2,0,1,1,0,1,3,1,subtle_intent_drift
1,0.999,0,7,2,0,1,1,0,1,3,1,subtle_intent_drift
0,1.5,1,7,1,1,0,0,1,1,3,1,merchant_substitution
1,0.999,0,7,2,0,1,1,0,1,3,1,subtle_intent_drift
1,0.7496,0,9,1,0,0,0,2,0,2,0,legitimate
1,0.999,0,7,2,0,1,1,0,1,3,1,subtle_intent_drift
1,0.8848,0,9,1,0,0,0,2,0,2,0,legitimate
1,0.8263,0,7,0,0,0,0,0,0,0,0,legitimate
1,0.9139,0,7,0,0,0,0,0,0,0,0,legitimate
0,1.5,1,7,1,1,0,0,1,1,3,1,merchant_substitution
1,0.999,0,7,2,0,1,1,0,1,3,1,subtle_intent_drift
1,0.6909,0,7,0,0,0,0,0,0,0,0,legitimate
1,0.7585,0,9,1,0,0,0,2,0,2,0,legitimate
1,0.999,0,7,2,0,1,1,0,1,3,1,subtle_intent_drift
1,0.9393,0,9,1,0,0,0,2,0,2,0,legitimate
1,0.999,0,7,2,0,1,1,0,1,3,1,subtle_intent_drift
0,1.5,1,7,1,1,0,0,1,1,3,1,merchant_substitution
1,0.999,0,7,2,0,1,1,0,1,3,1,subtle_intent_drift
1,0.999,0,7,2,0,1,1,0,1,3,1,subtle_intent_drift
1,0.6264,0,9,1,0,0,0,2,0,2,0,legitimate
1,0.9335,0,7,0,0,0,0,0,0,0,0,legitimate
1,0.7828,0,7,0,0,0,0,0,0,0,0,legitimate
0,1.5,1,7,1,1,0,0,1,1,3,1,merchant_substitution
1,0.6577,0,7,0,0,0,0,0,0,0,0,legitimate
1,0.999,0,7,2,0,1,1,0,1,3,1,subtle_intent_drift
0,1.5,1,7,1,1,0,0,1,1,3,1,merchant_substitution
1,0.6718,0,7,0,0,0,0,0,0,0,0,legitimate
1,0.999,0,7,2,0,1,1,0,1,3,1,subtle_intent_drift
1,0.9782,0,7,0,0,0,0,0,0,0,0,legitimate
1,0.636,0,7,0,0,0,0,0,0,0,0,legitimate
1,0.999,0,7,2,0,1,1,0,1,3,1,subtle_intent_drift
1,0.9012,0,7,0,0,0,0,0,0,0,0,legitimate
1,0.999,0,7,2,0,1,1,0,1,3,1,subtle_intent_drift
0,1.5,1,7,1,1,0,0,1,1,3,1,merchant_substitution
1,0.7472,0,7,0,0,0,0,0,0,0,0,legitimate
1,0.647,0,7,0,0,0,0,0,0,0,0,legitimate
1,0.5398,0,7,0,0,0,0,0,0,0,0,legitimate
1,0.5267,0,7,0,0,0,0,0,0,0,0,legitimate
1,0.6975,0,7,0,0,0,0,0,0,0,0,legitimate
1,0.9206,0,9,1,0,0,0,2,0,2,0,legitimate
1,0.9136,0,7,0,0,0,0,0,0,0,0,legitimate
1,0.999,0,7,2,0,1,1,0,1,3,1,subtle_intent_drift
1,0.999,0,7,2,0,1,1,0,1,3,1,subtle_intent_drift
1,0.999,0,7,2,0,1,1,0,1,3,1,subtle_intent_drift
1,0.7004,0,7,0,0,0,0,0,0,0,0,legitimate
1,0.9581,0,7,0,0,0,0,0,0,0,0,legitimate
1,0.7479,0,7,0,0,0,0,0,0,0,0,legitimate
0,1.5,1,7,1,1,0,0,1,1,3,1,merchant_substitution
0,1.5,1,7,1,1,0,0,1,1,3,1,merchant_substitution
1,0.6403,0,7,0,0,0,0,0,0,0,0,legitimate
1,0.5207,0,7,0,0,0,0,0,0,0,0,legitimate
0,1.5,1,7,1,1,0,0,1,1,3,1,merchant_substitution
1,0.6497,0,7,0,0,0,0,0,0,0,0,legitimate
0,1.5,1,7,1,1,0,0,1,1,3,1,merchant_substitution
1,0.8045,0,7,0,0,0,0,0,0,0,0,legitimate
0,1.5,1,7,1,1,0,0,1,1,3,1,merchant_substitution
0,1.5,1,7,1,1,0,0,1,1,3,1,merchant_substitution
1,0.8882,0,7,0,0,0,0,0,0,0,0,legitimate
0,1.5,1,7,1,1,0,0,1,1,3,1,merchant_substitution
1,0.5172,0,7,0,0,0,0,0,0,0,0,legitimate
1,0.5132,0,7,0,0,0,0,0,0,0,0,legitimate
1,0.999,0,7,2,0,1,1,0,1,3,1,subtle_intent_drift
1,0.8609,0,9,1,0,0,0,2,0,2,0,legitimate
1,0.6077,0,7,0,0,0,0,0,0,0,0,legitimate
1,0.7861,0,7,0,0,0,0,0,0,0,0,legitimate
1,0.9396,0,7,0,0,0,0,0,0,0,0,legitimate
0,1.5,1,7,1,1,0,0,1,1,3,1,merchant_substitution
1,0.9109,0,9,1,0,0,0,2,0,2,0,legitimate
0,1.5,1,7,1,1,0,0,1,1,3,1,merchant_substitution
1,0.999,0,7,2,0,1,1,0,1,3,1,subtle_intent_drift
1,0.5585,0,9,1,0,0,0,2,0,2,0,legitimate
1,0.5027,0,7,0,0,0,0,0,0,0,0,legitimate
1,0.925,0,9,1,0,0,0,2,0,2,0,legitimate
1,0.5713,0,7,0,0,0,0,0,0,0,0,legitimate
0,1.5,1,7,1,1,0,0,1,1,3,1,merchant_substitution
1,0.999,0,7,2,0,1,1,0,1,3,1,subtle_intent_drift
1,0.752,0,9,1,0,0,0,2,0,2,0,legitimate
1,0.5779,0,7,0,0,0,0,0,0,0,0,legitimate
1,0.999,0,7,2,0,1,1,0,1,3,1,subtle_intent_drift
0,1.5,1,7,1,1,0,0,1,1,3,1,merchant_substitution
0,1.5,1,7,1,1,0,0,1,1,3,1,merchant_substitution
1,0.8239,0,7,0,0,0,0,0,0,0,0,legitimate
1,0.9274,0,7,0,0,0,0,0,0,0,0,legitimate
1,0.562,0,7,0,0,0,0,0,0,0,0,legitimate
1,0.5063,0,7,0,0,0,0,0,0,0,0,legitimate
1,0.999,0,7,2,0,1,1,0,1,3,1,subtle_intent_drift
0,1.5,1,7,1,1,0,0,1,1,3,1,merchant_substitution
1,0.8086,0,9,1,0,0,0,2,0,2,0,legitimate
0,1.5,1,7,1,1,0,0,1,1,3,1,merchant_substitution
0,1.5,1,7,1,1,0,0,1,1,3,1,merchant_substitution
1,0.999,0,7,2,0,1,1,0,1,3,1,subtle_intent_drift
1,0.999,0,7,2,0,1,1,0,1,3,1,subtle_intent_drift
1,0.768,0,7,0,0,0,0,0,0,0,0,legitimate
1,0.6439,0,7,0,0,0,0,0,0,0,0,legitimate
1,0.6353,0,7,0,0,0,0,0,0,0,0,legitimate
1,0.999,0,7,2,0,1,1,0,1,3,1,subtle_intent_drift
1,0.9476,0,9,1,0,0,0,2,0,2,0,legitimate
0,1.5,1,7,1,1,0,0,1,1,3,1,merchant_substitution
1,0.8113,0,7,0,0,0,0,0,0,0,0,legitimate
1,0.5427,0,7,0,0,0,0,0,0,0,0,legitimate
1,0.905,0,9,1,0,0,0,2,0,2,0,legitimate
1,0.5628,0,7,0,0,0,0,0,0,0,0,legitimate
0,1.5,1,7,1,1,0,0,1,1,3,1,merchant_substitution
1,0.999,0,7,2,0,1,1,0,1,3,1,subtle_intent_drift
0,1.5,1,7,1,1,0,0,1,1,3,1,merchant_substitution
0,1.5,1,7,1,1,0,0,1,1,3,1,merchant_substitution
0,1.5,1,7,1,1,0,0,1,1,3,1,merchant_substitution
0,1.5,1,7,1,1,0,0,1,1,3,1,merchant_substitution
1,0.5061,0,7,0,0,0,0,0,0,0,0,legitimate
1,0.8464,0,7,0,0,0,0,0,0,0,0,legitimate
1,0.999,0,7,2,0,1,1,0,1,3,1,subtle_intent_drift
1,0.8931,0,7,0,0,0,0,0,0,0,0,legitimate
1,0.999,0,7,2,0,1,1,0,1,3,1,subtle_intent_drift
0,1.5,1,7,1,1,0,0,1,1,3,1,merchant_substitution
0,1.5,1,7,1,1,0,0,1,1,3,1,merchant_substitution
1,0.999,0,7,2,0,1,1,0,1,3,1,subtle_intent_drift
1,0.999,0,7,2,0,1,1,0,1,3,1,subtle_intent_drift
1,0.999,0,7,2,0,1,1,0,1,3,1,subtle_intent_drift
1,0.8308,0,9,1,0,0,0,2,0,2,0,legitimate
1,0.795,0,7,0,0,0,0,0,0,0,0,legitimate
1,0.8144,0,7,0,0,0,0,0,0,0,0,legitimate
1,0.5894,0,7,0,0,0,0,0,0,0,0,legitimate
1,0.7599,0,7,0,0,0,0,0,0,0,0,legitimate
1,0.9129,0,9,1,0,0,0,2,0,2,0,legitimate
1,0.999,0,7,2,0,1,1,0,1,3,1,subtle_intent_drift
0,1.5,1,7,1,1,0,0,1,1,3,1,merchant_substitution
1,0.6989,0,7,0,0,0,0,0,0,0,0,legitimate
1,0.9252,0,7,0,0,0,0,0,0,0,0,legitimate
1,0.7274,0,9,1,0,0,0,2,0,2,0,legitimate
1,0.999,0,7,2,0,1,1,0,1,3,1,subtle_intent_drift
1,0.999,0,7,2,0,1,1,0,1,3,1,subtle_intent_drift
1,0.999,0,7,2,0,1,1,0,1,3,1,subtle_intent_drift
1,0.5161,0,7,0,0,0,0,0,0,0,0,legitimate
1,0.999,0,7,2,0,1,1,0,1,3,1,subtle_intent_drift
0,1.5,1,7,1,1,0,0,1,1,3,1,merchant_substitution
1,0.6956,0,7,0,0,0,0,0,0,0,0,legitimate
1,0.6533,0,7,0,0,0,0,0,0,0,0,legitimate
1,0.5944,0,7,0,0,0,0,0,0,0,0,legitimate
0,1.5,1,7,1,1,0,0,1,1,3,1,merchant_substitution
1,0.5074,0,7,0,0,0,0,0,0,0,0,legitimate
1,0.8516,0,7,0,0,0,0,0,0,0,0,legitimate
1,0.5378,0,7,0,0,0,0,0,0,0,0,legitimate
1,0.5052,0,7,0,0,0,0,0,0,0,0,legitimate
1,0.7777,0,7,0,0,0,0,0,0,0,0,legitimate
1,0.999,0,7,2,0,1,1,0,1,3,1,subtle_intent_drift
0,1.5,1,7,1,1,0,0,1,1,3,1,merchant_substitution
1,0.999,0,7,2,0,1,1,0,1,3,1,subtle_intent_drift
0,1.5,1,7,1,1,0,0,1,1,3,1,merchant_substitution
1,0.5834,0,9,1,0,0,0,2,0,2,0,legitimate
0,1.5,1,7,1,1,0,0,1,1,3,1,merchant_substitution
0,1.5,1,7,1,1,0,0,1,1,3,1,merchant_substitution
1,0.9115,0,7,0,0,0,0,0,0,0,0,legitimate
0,1.5,1,7,1,1,0,0,1,1,3,1,merchant_substitution
1,0.5524,0,9,1,0,0,0,2,0,2,0,legitimate
1,0.999,0,7,2,0,1,1,0,1,3,1,subtle_intent_drift
1,0.999,0,7,2,0,1,1,0,1,3,1,subtle_intent_drift
1,0.7593,0,7,0,0,0,0,0,0,0,0,legitimate
1,0.8111,0,7,0,0,0,0,0,0,0,0,legitimate
1,0.999,0,7,2,0,1,1,0,1,3,1,subtle_intent_drift
0,1.5,1,7,1,1,0,0,1,1,3,1,merchant_substitution
1,0.999,0,7,2,0,1,1,0,1,3,1,subtle_intent_drift
1,0.8508,0,7,0,0,0,0,0,0,0,0,legitimate
1,0.999,0,7,2,0,1,1,0,1,3,1,subtle_intent_drift
1,0.6269,0,9,1,0,0,0,2,0,2,0,legitimate
0,1.5,1,7,1,1,0,0,1,1,3,1,merchant_substitution
1,0.8649,0,7,0,0,0,0,0,0,0,0,legitimate
1,0.7783,0,7,0,0,0,0,0,0,0,0,legitimate
1,0.999,0,7,2,0,1,1,0,1,3,1,subtle_intent_drift
1,0.999,0,7,2,0,1,1,0,1,3,1,subtle_intent_drift
1,0.999,0,7,2,0,1,1,0,1,3,1,subtle_intent_drift
1,0.7866,0,7,0,0,0,0,0,0,0,0,legitimate
1,0.5955,0,7,0,0,0,0,0,0,0,0,legitimate
1,0.8554,0,7,0,0,0,0,0,0,0,0,legitimate
1,0.9269,0,9,1,0,0,0,2,0,2,0,legitimate
1,0.973,0,7,0,0,0,0,0,0,0,0,legitimate
0,1.5,1,7,1,1,0,0,1,1,3,1,merchant_substitution
1,0.6393,0,7,0,0,0,0,0,0,0,0,legitimate
1,0.737,0,7,0,0,0,0,0,0,0,0,legitimate
1,0.999,0,7,2,0,1,1,0,1,3,1,subtle_intent_drift
1,0.999,0,7,2,0,1,1,0,1,3,1,subtle_intent_drift
0,1.5,1,7,1,1,0,0,1,1,3,1,merchant_substitution
1,0.6596,0,9,1,0,0,0,2,0,2,0,legitimate
1,0.999,0,7,2,0,1,1,0,1,3,1,subtle_intent_drift
1,0.999,0,7,2,0,1,1,0,1,3,1,subtle_intent_drift
0,1.5,1,7,1,1,0,0,1,1,3,1,merchant_substitution
1,0.999,0,7,2,0,1,1,0,1,3,1,subtle_intent_drift
1,0.9636,0,9,1,0,0,0,2,0,2,0,legitimate
0,1.5,1,7,1,1,0,0,1,1,3,1,merchant_substitution
1,0.772,0,9,1,0,0,0,2,0,2,0,legitimate
1,0.5918,0,9,1,0,0,0,2,0,2,0,legitimate
1,0.999,0,7,2,0,1,1,0,1,3,1,subtle_intent_drift
1,0.999,0,7,2,0,1,1,0,1,3,1,subtle_intent_drift
1,0.9219,0,7,0,0,0,0,0,0,0,0,legitimate
0,1.5,1,7,1,1,0,0,1,1,3,1,merchant_substitution
0,1.5,1,7,1,1,0,0,1,1,3,1,merchant_substitution
1,0.999,0,7,2,0,1,1,0,1,3,1,subtle_intent_drift
1,0.999,0,7,2,0,1,1,0,1,3,1,subtle_intent_drift
1,0.6694,0,9,1,0,0,0,2,0,2,0,legitimate
1,0.9161,0,9,1,0,0,0,2,0,2,0,legitimate
1,0.6057,0,7,0,0,0,0,0,0,0,0,legitimate
1,0.6349,0,9,1,0,0,0,2,0,2,0,legitimate
1,0.999,0,7,2,0,1,1,0,1,3,1,subtle_intent_drift
0,1.5,1,7,1,1,0,0,1,1,3,1,merchant_substitution
1,0.7009,0,7,0,0,0,0,0,0,0,0,legitimate
1,0.592,0,7,0,0,0,0,0,0,0,0,legitimate
1,0.9141,0,9,1,0,0,0,2,0,2,0,legitimate
0,1.5,1,7,1,1,0,0,1,1,3,1,merchant_substitution
1,0.7266,0,9,1,0,0,0,2,0,2,0,legitimate
1,0.999,0,7,2,0,1,1,0,1,3,1,subtle_intent_drift
1,0.7515,0,7,0,0,0,0,0,0,0,0,legitimate
1,0.999,0,7,2,0,1,1,0,1,3,1,subtle_intent_drift
0,1.5,1,7,1,1,0,0,1,1,3,1,merchant_substitution
1,0.5036,0,7,0,0,0,0,0,0,0,0,legitimate
1,0.6696,0,7,0,0,0,0,0,0,0,0,legitimate
1,0.6108,0,7,0,0,0,0,0,0,0,0,legitimate
1,0.6929,0,7,0,0,0,0,0,0,0,0,legitimate
0,1.5,1,7,1,1,0,0,1,1,3,1,merchant_substitution
0,1.5,1,7,1,1,0,0,1,1,3,1,merchant_substitution
1,0.999,0,7,2,0,1,1,0,1,3,1,subtle_intent_drift
1,0.9096,0,9,1,0,0,0,2,0,2,0,legitimate
0,1.5,1,7,1,1,0,0,1,1,3,1,merchant_substitution
0,1.5,1,7,1,1,0,0,1,1,3,1,merchant_substitution
1,0.999,0,7,2,0,1,1,0,1,3,1,subtle_intent_drift
1,0.999,0,7,2,0,1,1,0,1,3,1,subtle_intent_drift
0,1.5,1,7,1,1,0,0,1,1,3,1,merchant_substitution
0,1.5,1,7,1,1,0,0,1,1,3,1,merchant_substitution
1,0.9569,0,9,1,0,0,0,2,0,2,0,legitimate
1,0.999,0,7,2,0,1,1,0,1,3,1,subtle_intent_drift
1,0.7793,0,9,1,0,0,0,2,0,2,0,legitimate
1,0.6387,0,7,0,0,0,0,0,0,0,0,legitimate
0,1.5,1,7,1,1,0,0,1,1,3,1,merchant_substitution
0,1.5,1,7,1,1,0,0,1,1,3,1,merchant_substitution
1,0.7162,0,7,0,0,0,0,0,0,0,0,legitimate
1,0.999,0,7,2,0,1,1,0,1,3,1,subtle_intent_drift
0,1.5,1,7,1,1,0,0,1,1,3,1,merchant_substitution
1,0.6665,0,9,1,0,0,0,2,0,2,0,legitimate
0,1.5,1,7,1,1,0,0,1,1,3,1,merchant_substitution
1,0.999,0,7,2,0,1,1,0,1,3,1,subtle_intent_drift
1,0.9459,0,7,0,0,0,0,0,0,0,0,legitimate
1,0.7766,0,7,0,0,0,0,0,0,0,0,legitimate
1,0.6886,0,7,0,0,0,0,0,0,0,0,legitimate
1,0.9695,0,7,0,0,0,0,0,0,0,0,legitimate
1,0.6366,0,7,0,0,0,0,0,0,0,0,legitimate
1,0.5772,0,9,1,0,0,0,2,0,2,0,legitimate
1,0.5733,0,7,0,0,0,0,0,0,0,0,legitimate
1,0.6178,0,7,0,0,0,0,0,0,0,0,legitimate
1,0.6165,0,7,0,0,0,0,0,0,0,0,legitimate
0,1.5,1,7,1,1,0,0,1,1,3,1,merchant_substitution
1,0.5912,0,7,0,0,0,0,0,0,0,0,legitimate
0,1.5,1,7,1,1,0,0,1,1,3,1,merchant_substitution
1,0.999,0,7,2,0,1,1,0,1,3,1,subtle_intent_drift
1,0.8998,0,7,0,0,0,0,0,0,0,0,legitimate
0,1.5,1,7,1,1,0,0,1,1,3,1,merchant_substitution
0,1.5,1,7,1,1,0,0,1,1,3,1,merchant_substitution
1,0.999,0,7,2,0,1,1,0,1,3,1,subtle_intent_drift
1,0.999,0,7,2,0,1,1,0,1,3,1,subtle_intent_drift
0,1.5,1,7,1,1,0,0,1,1,3,1,merchant_substitution
1,0.999,0,7,2,0,1,1,0,1,3,1,subtle_intent_drift
1,0.999,0,7,2,0,1,1,0,1,3,1,subtle_intent_drift
1,0.999,0,7,2,0,1,1,0,1,3,1,subtle_intent_drift
1,0.999,0,7,2,0,1,1,0,1,3,1,subtle_intent_drift
1,0.8805,0,7,0,0,0,0,0,0,0,0,legitimate
1,0.5146,0,7,0,0,0,0,0,0,0,0,legitimate
1,0.999,0,7,2,0,1,1,0,1,3,1,subtle_intent_drift
1,0.6399,0,7,0,0,0,0,0,0,0,0,legitimate
1,0.811,0,7,0,0,0,0,0,0,0,0,legitimate
1,0.9044,0,9,1,0,0,0,2,0,2,0,legitimate
1,0.732,0,7,0,0,0,0,0,0,0,0,legitimate
0,1.5,1,7,1,1,0,0,1,1,3,1,merchant_substitution
1,0.683,0,7,0,0,0,0,0,0,0,0,legitimate
0,1.5,1,7,1,1,0,0,1,1,3,1,merchant_substitution
1,0.9267,0,7,0,0,0,0,0,0,0,0,legitimate
1,0.999,0,7,2,0,1,1,0,1,3,1,subtle_intent_drift
1,0.999,0,7,2,0,1,1,0,1,3,1,subtle_intent_drift
1,0.999,0,7,2,0,1,1,0,1,3,1,subtle_intent_drift
1,0.5588,0,7,0,0,0,0,0,0,0,0,legitimate
1,0.999,0,7,2,0,1,1,0,1,3,1,subtle_intent_drift
1,0.742,0,9,1,0,0,0,2,0,2,0,legitimate
1,0.7613,0,7,0,0,0,0,0,0,0,0,legitimate
1,0.5598,0,7,0,0,0,0,0,0,0,0,legitimate
1,0.999,0,7,2,0,1,1,0,1,3,1,subtle_intent_drift
0,1.5,1,7,1,1,0,0,1,1,3,1,merchant_substitution
1,0.6098,0,7,0,0,0,0,0,0,0,0,legitimate
1,0.999,0,7,2,0,1,1,0,1,3,1,subtle_intent_drift
1,0.999,0,7,2,0,1,1,0,1,3,1,subtle_intent_drift
1,0.9159,0,7,0,0,0,0,0,0,0,0,legitimate
1,0.999,0,7,2,0,1,1,0,1,3,1,subtle_intent_drift
0,1.5,1,7,1,1,0,0,1,1,3,1,merchant_substitution
1,0.6158,0,9,1,0,0,0,2,0,2,0,legitimate
1,0.7555,0,7,0,0,0,0,0,0,0,0,legitimate
1,0.5014,0,7,0,0,0,0,0,0,0,0,legitimate
0,1.5,1,7,1,1,0,0,1,1,3,1,merchant_substitution
0,1.5,1,7,1,1,0,0,1,1,3,1,merchant_substitution
1,0.8689,0,7,0,0,0,0,0,0,0,0,legitimate
0,1.5,1,7,1,1,0,0,1,1,3,1,merchant_substitution
1,0.5274,0,7,0,0,0,0,0,0,0,0,legitimate
0,1.5,1,7,1,1,0,0,1,1,3,1,merchant_substitution
0,1.5,1,7,1,1,0,0,1,1,3,1,merchant_substitution
0,1.5,1,7,1,1,0,0,1,1,3,1,merchant_substitution
1,0.7876,0,9,1,0,0,0,2,0,2,0,legitimate
1,0.6393,0,7,0,0,0,0,0,0,0,0,legitimate
1,0.7769,0,7,0,0,0,0,0,0,0,0,legitimate
1,0.999,0,7,2,0,1,1,0,1,3,1,subtle_intent_drift
1,0.7903,0,9,1,0,0,0,2,0,2,0,legitimate
0,1.5,1,7,1,1,0,0,1,1,3,1,merchant_substitution
1,0.8214,0,9,1,0,0,0,2,0,2,0,legitimate
1,0.9185,0,7,0,0,0,0,0,0,0,0,legitimate
1,0.938,0,9,1,0,0,0,2,0,2,0,legitimate
1,0.999,0,7,2,0,1,1,0,1,3,1,subtle_intent_drift
1,0.8041,0,7,0,0,0,0,0,0,0,0,legitimate
1,0.999,0,7,2,0,1,1,0,1,3,1,subtle_intent_drift
1,0.8633,0,7,0,0,0,0,0,0,0,0,legitimate
0,1.5,1,7,1,1,0,0,1,1,3,1,merchant_substitution
1,0.999,0,7,2,0,1,1,0,1,3,1,subtle_intent_drift
1,0.999,0,7,2,0,1,1,0,1,3,1,subtle_intent_drift
1,0.569,0,9,1,0,0,0,2,0,2,0,legitimate
1,0.7392,0,7,0,0,0,0,0,0,0,0,legitimate
1,0.999,0,7,2,0,1,1,0,1,3,1,subtle_intent_drift
1,0.999,0,7,2,0,1,1,0,1,3,1,subtle_intent_drift
1,0.7342,0,7,0,0,0,0,0,0,0,0,legitimate
0,1.5,1,7,1,1,0,0,1,1,3,1,merchant_substitution
1,0.9046,0,9,1,0,0,0,2,0,2,0,legitimate
1,0.999,0,7,2,0,1,1,0,1,3,1,subtle_intent_drift
1,0.806,0,7,0,0,0,0,0,0,0,0,legitimate
1,0.9206,0,7,0,0,0,0,0,0,0,0,legitimate
1,0.8138,0,9,1,0,0,0,2,0,2,0,legitimate
1,0.6391,0,7,0,0,0,0,0,0,0,0,legitimate
1,0.6849,0,7,0,0,0,0,0,0,0,0,legitimate
0,1.5,1,7,1,1,0,0,1,1,3,1,merchant_substitution
0,1.5,1,7,1,1,0,0,1,1,3,1,merchant_substitution
1,0.999,0,7,2,0,1,1,0,1,3,1,subtle_intent_drift
1,0.999,0,7,2,0,1,1,0,1,3,1,subtle_intent_drift
0,1.5,1,7,1,1,0,0,1,1,3,1,merchant_substitution
0,1.5,1,7,1,1,0,0,1,1,3,1,merchant_substitution
0,1.5,1,7,1,1,0,0,1,1,3,1,merchant_substitution
1,0.8934,0,9,1,0,0,0,2,0,2,0,legitimate
1,0.5218,0,9,1,0,0,0,2,0,2,0,legitimate
1,0.999,0,7,2,0,1,1,0,1,3,1,subtle_intent_drift
0,1.5,1,7,1,1,0,0,1,1,3,1,merchant_substitution
0,1.5,1,7,1,1,0,0,1,1,3,1,merchant_substitution
1,0.999,0,7,2,0,1,1,0,1,3,1,subtle_intent_drift
0,1.5,1,7,1,1,0,0,1,1,3,1,merchant_substitution
1,0.999,0,7,2,0,1,1,0,1,3,1,subtle_intent_drift
1,0.9542,0,7,0,0,0,0,0,0,0,0,legitimate
1,0.9592,0,7,0,0,0,0,0,0,0,0,legitimate
0,1.5,1,7,1,1,0,0,1,1,3,1,merchant_substitution
1,0.6042,0,7,0,0,0,0,0,0,0,0,legitimate
1,0.931,0,7,0,0,0,0,0,0,0,0,legitimate
1,0.7055,0,9,1,0,0,0,2,0,2,0,legitimate
1,0.6465,0,7,0,0,0,0,0,0,0,0,legitimate
1,0.6402,0,7,0,0,0,0,0,0,0,0,legitimate
0,1.5,1,7,1,1,0,0,1,1,3,1,merchant_substitution
0,1.5,1,7,1,1,0,0,1,1,3,1,merchant_substitution
1,0.6631,0,9,1,0,0,0,2,0,2,0,legitimate
1,0.8286,0,9,1,0,0,0,2,0,2,0,legitimate
1,0.999,0,7,2,0,1,1,0,1,3,1,subtle_intent_drift
1,0.5437,0,7,0,0,0,0,0,0,0,0,legitimate
1,0.594,0,7,0,0,0,0,0,0,0,0,legitimate
1,0.9205,0,9,1,0,0,0,2,0,2,0,legitimate
0,1.5,1,7,1,1,0,0,1,1,3,1,merchant_substitution
1,0.7625,0,9,1,0,0,0,2,0,2,0,legitimate
1,0.8202,0,9,1,0,0,0,2,0,2,0,legitimate
0,1.5,1,7,1,1,0,0,1,1,3,1,merchant_substitution
1,0.7033,0,7,0,0,0,0,0,0,0,0,legitimate
1,0.6899,0,9,1,0,0,0,2,0,2,0,legitimate
1,0.9734,0,7,0,0,0,0,0,0,0,0,legitimate
1,0.999,0,7,2,0,1,1,0,1,3,1,subtle_intent_drift
1,0.999,0,7,2,0,1,1,0,1,3,1,subtle_intent_drift
1,0.999,0,7,2,0,1,1,0,1,3,1,subtle_intent_drift
1,0.999,0,7,2,0,1,1,0,1,3,1,subtle_intent_drift
0,1.5,1,7,1,1,0,0,1,1,3,1,merchant_substitution
1,0.845,0,7,0,0,0,0,0,0,0,0,legitimate
1,0.999,0,7,2,0,1,1,0,1,3,1,subtle_intent_drift
1,0.5819,0,7,0,0,0,0,0,0,0,0,legitimate
0,1.5,1,7,1,1,0,0,1,1,3,1,merchant_substitution
1,0.999,0,7,2,0,1,1,0,1,3,1,subtle_intent_drift
1,0.8143,0,7,0,0,0,0,0,0,0,0,legitimate
1,0.707,0,9,1,0,0,0,2,0,2,0,legitimate
1,0.999,0,7,2,0,1,1,0,1,3,1,subtle_intent_drift
1,0.999,0,7,2,0,1,1,0,1,3,1,subtle_intent_drift
1,0.687,0,9,1,0,0,0,2,0,2,0,legitimate
1,0.8009,0,7,0,0,0,0,0,0,0,0,legitimate
1,0.5838,0,7,0,0,0,0,0,0,0,0,legitimate
1,0.8637,0,9,1,0,0,0,2,0,2,0,legitimate
1,0.8957,0,7,0,0,0,0,0,0,0,0,legitimate
0,1.5,1,7,1,1,0,0,1,1,3,1,merchant_substitution
1,0.7186,0,9,1,0,0,0,2,0,2,0,legitimate
0,1.5,1,7,1,1,0,0,1,1,3,1,merchant_substitution
1,0.8254,0,9,1,0,0,0,2,0,2,0,legitimate
1,0.999,0,7,2,0,1,1,0,1,3,1,subtle_intent_drift
1,0.9051,0,7,0,0,0,0,0,0,0,0,legitimate
1,0.999,0,7,2,0,1,1,0,1,3,1,subtle_intent_drift
1,0.7092,0,9,1,0,0,0,2,0,2,0,legitimate
0,1.5,1,7,1,1,0,0,1,1,3,1,merchant_substitution
0,1.5,1,7,1,1,0,0,1,1,3,1,merchant_substitution
0,1.5,1,7,1,1,0,0,1,1,3,1,merchant_substitution
0,1.5,1,7,1,1,0,0,1,1,3,1,merchant_substitution
1,0.5299,0,7,0,0,0,0,0,0,0,0,legitimate
1,0.999,0,7,2,0,1,1,0,1,3,1,subtle_intent_drift
1,0.751,0,7,0,0,0,0,0,0,0,0,legitimate
1,0.8479,0,9,1,0,0,0,2,0,2,0,legitimate
1,0.6864,0,7,0,0,0,0,0,0,0,0,legitimate
1,0.9744,0,7,0,0,0,0,0,0,0,0,legitimate
1,0.7002,0,7,0,0,0,0,0,0,0,0,legitimate
1,0.5289,0,7,0,0,0,0,0,0,0,0,legitimate
0,1.5,1,7,1,1,0,0,1,1,3,1,merchant_substitution
1,0.8626,0,7,0,0,0,0,0,0,0,0,legitimate
1,0.6884,0,9,1,0,0,0,2,0,2,0,legitimate
1,0.5524,0,7,0,0,0,0,0,0,0,0,legitimate
1,0.999,0,7,2,0,1,1,0,1,3,1,subtle_intent_drift
1,0.7222,0,9,1,0,0,0,2,0,2,0,legitimate
1,0.999,0,7,2,0,1,1,0,1,3,1,subtle_intent_drift
1,0.5549,0,9,1,0,0,0,2,0,2,0,legitimate
1,0.9163,0,7,0,0,0,0,0,0,0,0,legitimate
1,0.5507,0,7,0,0,0,0,0,0,0,0,legitimate
1,0.7403,0,7,0,0,0,0,0,0,0,0,legitimate
0,1.5,1,7,1,1,0,0,1,1,3,1,merchant_substitution
1,0.8126,0,9,1,0,0,0,2,0,2,0,legitimate
1,0.6962,0,9,1,0,0,0,2,0,2,0,legitimate
1,0.7717,0,7,0,0,0,0,0,0,0,0,legitimate
1,0.999,0,7,2,0,1,1,0,1,3,1,subtle_intent_drift
1,0.768,0,9,1,0,0,0,2,0,2,0,legitimate
1,0.8437,0,9,1,0,0,0,2,0,2,0,legitimate
0,1.5,1,7,1,1,0,0,1,1,3,1,merchant_substitution
1,0.999,0,7,2,0,1,1,0,1,3,1,subtle_intent_drift
1,0.999,0,7,2,0,1,1,0,1,3,1,subtle_intent_drift
1,0.9275,0,7,0,0,0,0,0,0,0,0,legitimate
1,0.6188,0,7,0,0,0,0,0,0,0,0,legitimate
1,0.8671,0,7,0,0,0,0,0,0,0,0,legitimate
1,0.5748,0,7,0,0,0,0,0,0,0,0,legitimate
0,1.5,1,7,1,1,0,0,1,1,3,1,merchant_substitution
1,0.9245,0,7,0,0,0,0,0,0,0,0,legitimate
0,1.5,1,7,1,1,0,0,1,1,3,1,merchant_substitution
0,1.5,1,7,1,1,0,0,1,1,3,1,merchant_substitution
1,0.5855,0,9,1,0,0,0,2,0,2,0,legitimate
1,0.999,0,7,2,0,1,1,0,1,3,1,subtle_intent_drift
0,1.5,1,7,1,1,0,0,1,1,3,1,merchant_substitution
0,1.5,1,7,1,1,0,0,1,1,3,1,merchant_substitution
0,1.5,1,7,1,1,0,0,1,1,3,1,merchant_substitution
1,0.9045,0,7,0,0,0,0,0,0,0,0,legitimate
1,0.8311,0,7,0,0,0,0,0,0,0,0,legitimate
0,1.5,1,7,1,1,0,0,1,1,3,1,merchant_substitution
0,1.5,1,7,1,1,0,0,1,1,3,1,merchant_substitution
1,0.8954,0,7,0,0,0,0,0,0,0,0,legitimate
1,0.9703,0,9,1,0,0,0,2,0,2,0,legitimate
1,0.5371,0,7,0,0,0,0,0,0,0,0,legitimate
1,0.9235,0,7,0,0,0,0,0,0,0,0,legitimate
0,1.5,1,7,1,1,0,0,1,1,3,1,merchant_substitution
1,0.5015,0,7,0,0,0,0,0,0,0,0,legitimate
1,0.7304,0,7,0,0,0,0,0,0,0,0,legitimate
0,1.5,1,7,1,1,0,0,1,1,3,1,merchant_substitution
1,0.5124,0,9,1,0,0,0,2,0,2,0,legitimate
1,0.7982,0,7,0,0,0,0,0,0,0,0,legitimate
1,0.999,0,7,2,0,1,1,0,1,3,1,subtle_intent_drift
1,0.6608,0,7,0,0,0,0,0,0,0,0,legitimate
1,0.999,0,7,2,0,1,1,0,1,3,1,subtle_intent_drift
1,0.9686,0,7,0,0,0,0,0,0,0,0,legitimate
1,0.7382,0,7,0,0,0,0,0,0,0,0,legitimate
1,0.5495,0,7,0,0,0,0,0,0,0,0,legitimate
1,0.999,0,7,2,0,1,1,0,1,3,1,subtle_intent_drift
0,1.5,1,7,1,1,0,0,1,1,3,1,merchant_substitution
0,1.5,1,7,1,1,0,0,1,1,3,1,merchant_substitution
1,0.7866,0,7,0,0,0,0,0,0,0,0,legitimate
0,1.5,1,7,1,1,0,0,1,1,3,1,merchant_substitution
1,0.5132,0,7,0,0,0,0,0,0,0,0,legitimate
1,0.6875,0,7,0,0,0,0,0,0,0,0,legitimate
1,0.8763,0,7,0,0,0,0,0,0,0,0,legitimate
0,1.5,1,7,1,1,0,0,1,1,3,1,merchant_substitution
0,1.5,1,7,1,1,0,0,1,1,3,1,merchant_substitution
1,0.6542,0,7,0,0,0,0,0,0,0,0,legitimate
1,0.9189,0,7,0,0,0,0,0,0,0,0,legitimate
1,0.8843,0,7,0,0,0,0,0,0,0,0,legitimate
0,1.5,1,7,1,1,0,0,1,1,3,1,merchant_substitution
1,0.999,0,7,2,0,1,1,0,1,3,1,subtle_intent_drift
1,0.9297,0,7,0,0,0,0,0,0,0,0,legitimate
1,0.8091,0,7,0,0,0,0,0,0,0,0,legitimate
1,0.999,0,7,2,0,1,1,0,1,3,1,subtle_intent_drift
1,0.999,0,7,2,0,1,1,0,1,3,1,subtle_intent_drift
1,0.9325,0,9,1,0,0,0,2,0,2,0,legitimate
0,1.5,1,7,1,1,0,0,1,1,3,1,merchant_substitution
1,0.999,0,7,2,0,1,1,0,1,3,1,subtle_intent_drift
1,0.999,0,7,2,0,1,1,0,1,3,1,subtle_intent_drift
0,1.5,1,7,1,1,0,0,1,1,3,1,merchant_substitution
1,0.893,0,9,1,0,0,0,2,0,2,0,legitimate
1,0.9402,0,7,0,0,0,0,0,0,0,0,legitimate
1,0.6565,0,7,0,0,0,0,0,0,0,0,legitimate
0,1.5,1,7,1,1,0,0,1,1,3,1,merchant_substitution
0,1.5,1,7,1,1,0,0,1,1,3,1,merchant_substitution
1,0.923,0,9,1,0,0,0,2,0,2,0,legitimate
1,0.6502,0,7,0,0,0,0,0,0,0,0,legitimate
1,0.9443,0,9,1,0,0,0,2,0,2,0,legitimate
0,1.5,1,7,1,1,0,0,1,1,3,1,merchant_substitution
1,0.8852,0,7,0,0,0,0,0,0,0,0,legitimate
0,1.5,1,7,1,1,0,0,1,1,3,1,merchant_substitution
1,0.9388,0,9,1,0,0,0,2,0,2,0,legitimate
1,0.5668,0,9,1,0,0,0,2,0,2,0,legitimate
1,0.8567,0,7,0,0,0,0,0,0,0,0,legitimate
1,0.5113,0,7,0,0,0,0,0,0,0,0,legitimate
1,0.6915,0,9,1,0,0,0,2,0,2,0,legitimate
1,0.7695,0,7,0,0,0,0,0,0,0,0,legitimate
1,0.8708,0,7,0,0,0,0,0,0,0,0,legitimate
1,0.664,0,9,1,0,0,0,2,0,2,0,legitimate
0,1.5,1,7,1,1,0,0,1,1,3,1,merchant_substitution
1,0.999,0,7,2,0,1,1,0,1,3,1,subtle_intent_drift
1,0.999,0,7,2,0,1,1,0,1,3,1,subtle_intent_drift
1,0.6977,0,7,0,0,0,0,0,0,0,0,legitimate
0,1.5,1,7,1,1,0,0,1,1,3,1,merchant_substitution
1,0.999,0,7,2,0,1,1,0,1,3,1,subtle_intent_drift
1,0.6539,0,7,0,0,0,0,0,0,0,0,legitimate
1,0.8998,0,7,0,0,0,0,0,0,0,0,legitimate
1,0.9718,0,9,1,0,0,0,2,0,2,0,legitimate
1,0.999,0,7,2,0,1,1,0,1,3,1,subtle_intent_drift
0,1.5,1,7,1,1,0,0,1,1,3,1,merchant_substitution
1,0.5624,0,9,1,0,0,0,2,0,2,0,legitimate
0,1.5,1,7,1,1,0,0,1,1,3,1,merchant_substitution
1,0.7274,0,7,0,0,0,0,0,0,0,0,legitimate
1,0.8697,0,7,0,0,0,0,0,0,0,0,legitimate
1,0.6549,0,7,0,0,0,0,0,0,0,0,legitimate
1,0.5036,0,7,0,0,0,0,0,0,0,0,legitimate
1,0.7349,0,7,0,0,0,0,0,0,0,0,legitimate
1,0.7059,0,7,0,0,0,0,0,0,0,0,legitimate
1,0.999,0,7,2,0,1,1,0,1,3,1,subtle_intent_drift
1,0.5037,0,7,0,0,0,0,0,0,0,0,legitimate
1,0.6919,0,9,1,0,0,0,2,0,2,0,legitimate
1,0.8852,0,7,0,0,0,0,0,0,0,0,legitimate
0,1.5,1,7,1,1,0,0,1,1,3,1,merchant_substitution
1,0.999,0,7,2,0,1,1,0,1,3,1,subtle_intent_drift
0,1.5,1,7,1,1,0,0,1,1,3,1,merchant_substitution
1,0.999,0,7,2,0,1,1,0,1,3,1,subtle_intent_drift
1,0.7518,0,7,0,0,0,0,0,0,0,0,legitimate
1,0.7219,0,7,0,0,0,0,0,0,0,0,legitimate
1,0.7682,0,9,1,0,0,0,2,0,2,0,legitimate
1,0.5853,0,7,0,0,0,0,0,0,0,0,legitimate
0,1.5,1,7,1,1,0,0,1,1,3,1,merchant_substitution
1,0.7798,0,9,1,0,0,0,2,0,2,0,legitimate
1,0.999,0,7,2,0,1,1,0,1,3,1,subtle_intent_drift
1,0.999,0,7,2,0,1,1,0,1,3,1,subtle_intent_drift
1,0.7552,0,7,0,0,0,0,0,0,0,0,legitimate
0,1.5,1,7,1,1,0,0,1,1,3,1,merchant_substitution
1,0.999,0,7,2,0,1,1,0,1,3,1,subtle_intent_drift
1,0.9676,0,7,0,0,0,0,0,0,0,0,legitimate
0,1.5,1,7,1,1,0,0,1,1,3,1,merchant_substitution
1,0.999,0,7,2,0,1,1,0,1,3,1,subtle_intent_drift
1,0.819,0,7,0,0,0,0,0,0,0,0,legitimate
1,0.6984,0,7,0,0,0,0,0,0,0,0,legitimate
0,1.5,1,7,1,1,0,0,1,1,3,1,merchant_substitution
1,0.999,0,7,2,0,1,1,0,1,3,1,subtle_intent_drift
1,0.6404,0,9,1,0,0,0,2,0,2,0,legitimate
0,1.5,1,7,1,1,0,0,1,1,3,1,merchant_substitution
0,1.5,1,7,1,1,0,0,1,1,3,1,merchant_substitution
1,0.7894,0,9,1,0,0,0,2,0,2,0,legitimate
0,1.5,1,7,1,1,0,0,1,1,3,1,merchant_substitution
1,0.9696,0,7,0,0,0,0,0,0,0,0,legitimate
1,0.999,0,7,2,0,1,1,0,1,3,1,subtle_intent_drift
1,0.605,0,9,1,0,0,0,2,0,2,0,legitimate
1,0.8556,0,7,0,0,0,0,0,0,0,0,legitimate
1,0.5435,0,7,0,0,0,0,0,0,0,0,legitimate
1,0.999,0,7,2,0,1,1,0,1,3,1,subtle_intent_drift
1,0.999,0,7,2,0,1,1,0,1,3,1,subtle_intent_drift
1,0.6587,0,7,0,0,0,0,0,0,0,0,legitimate
1,0.6844,0,9,1,0,0,0,2,0,2,0,legitimate
1,0.999,0,7,2,0,1,1,0,1,3,1,subtle_intent_drift
1,0.524,0,7,0,0,0,0,0,0,0,0,legitimate
1,0.999,0,7,2,0,1,1,0,1,3,1,subtle_intent_drift
1,0.696,0,7,0,0,0,0,0,0,0,0,legitimate
1,0.9609,0,7,0,0,0,0,0,0,0,0,legitimate
1,0.5839,0,7,0,0,0,0,0,0,0,0,legitimate
1,0.999,0,7,2,0,1,1,0,1,3,1,subtle_intent_drift
0,1.5,1,7,1,1,0,0,1,1,3,1,merchant_substitution
1,0.999,0,7,2,0,1,1,0,1,3,1,subtle_intent_drift
1,0.7013,0,7,0,0,0,0,0,0,0,0,legitimate
1,0.7395,0,7,0,0,0,0,0,0,0,0,legitimate
1,0.534,0,7,0,0,0,0,0,0,0,0,legitimate
1,0.7049,0,7,0,0,0,0,0,0,0,0,legitimate
0,1.5,1,7,1,1,0,0,1,1,3,1,merchant_substitution
1,0.8377,0,7,0,0,0,0,0,0,0,0,legitimate
0,1.5,1,7,1,1,0,0,1,1,3,1,merchant_substitution
1,0.999,0,7,2,0,1,1,0,1,3,1,subtle_intent_drift
1,0.5618,0,7,0,0,0,0,0,0,0,0,legitimate
1,0.999,0,7,2,0,1,1,0,1,3,1,subtle_intent_drift
1,0.5658,0,7,0,0,0,0,0,0,0,0,legitimate
0,1.5,1,7,1,1,0,0,1,1,3,1,merchant_substitution
0,1.5,1,7,1,1,0,0,1,1,3,1,merchant_substitution
0,1.5,1,7,1,1,0,0,1,1,3,1,merchant_substitution
1,0.9127,0,9,1,0,0,0,2,0,2,0,legitimate
1,0.999,0,7,2,0,1,1,0,1,3,1,subtle_intent_drift
1,0.7407,0,7,0,0,0,0,0,0,0,0,legitimate
1,0.7348,0,7,0,0,0,0,0,0,0,0,legitimate
1,0.647,0,7,0,0,0,0,0,0,0,0,legitimate
0,1.5,1,7,1,1,0,0,1,1,3,1,merchant_substitution
0,1.5,1,7,1,1,0,0,1,1,3,1,merchant_substitution
1,0.999,0,7,2,0,1,1,0,1,3,1,subtle_intent_drift
1,0.6243,0,9,1,0,0,0,2,0,2,0,legitimate
0,1.5,1,7,1,1,0,0,1,1,3,1,merchant_substitution
0,1.5,1,7,1,1,0,0,1,1,3,1,merchant_substitution
0,1.5,1,7,1,1,0,0,1,1,3,1,merchant_substitution
0,1.5,1,7,1,1,0,0,1,1,3,1,merchant_substitution
1,0.999,0,7,2,0,1,1,0,1,3,1,subtle_intent_drift
0,1.5,1,7,1,1,0,0,1,1,3,1,merchant_substitution
1,0.5647,0,7,0,0,0,0,0,0,0,0,legitimate
1,0.999,0,7,2,0,1,1,0,1,3,1,subtle_intent_drift
1,0.5696,0,7,0,0,0,0,0,0,0,0,legitimate
1,0.999,0,7,2,0,1,1,0,1,3,1,subtle_intent_drift
1,0.999,0,7,2,0,1,1,0,1,3,1,subtle_intent_drift
1,0.9637,0,7,0,0,0,0,0,0,0,0,legitimate
1,0.7161,0,7,0,0,0,0,0,0,0,0,legitimate
1,0.9429,0,7,0,0,0,0,0,0,0,0,legitimate
0,1.5,1,7,1,1,0,0,1,1,3,1,merchant_substitution
0,1.5,1,7,1,1,0,0,1,1,3,1,merchant_substitution
0,1.5,1,7,1,1,0,0,1,1,3,1,merchant_substitution
1,0.999,0,7,2,0,1,1,0,1,3,1,subtle_intent_drift
1,0.6933,0,7,0,0,0,0,0,0,0,0,legitimate
1,0.8741,0,7,0,0,0,0,0,0,0,0,legitimate
1,0.999,0,7,2,0,1,1,0,1,3,1,subtle_intent_drift
1,0.8349,0,9,1,0,0,0,2,0,2,0,legitimate
0,1.5,1,7,1,1,0,0,1,1,3,1,merchant_substitution
0,1.5,1,7,1,1,0,0,1,1,3,1,merchant_substitution
0,1.5,1,7,1,1,0,0,1,1,3,1,merchant_substitution
1,0.8833,0,7,0,0,0,0,0,0,0,0,legitimate
0,1.5,1,7,1,1,0,0,1,1,3,1,merchant_substitution
0,1.5,1,7,1,1,0,0,1,1,3,1,merchant_substitution
0,1.5,1,7,1,1,0,0,1,1,3,1,merchant_substitution
0,1.5,1,7,1,1,0,0,1,1,3,1,merchant_substitution
0,1.5,1,7,1,1,0,0,1,1,3,1,merchant_substitution
0,1.5,1,7,1,1,0,0,1,1,3,1,merchant_substitution
0,1.5,1,7,1,1,0,0,1,1,3,1,merchant_substitution
0,1.5,1,7,1,1,0,0,1,1,3,1,merchant_substitution
1,0.999,0,7,2,0,1,1,0,1,3,1,subtle_intent_drift
1,0.5275,0,9,1,0,0,0,2,0,2,0,legitimate
1,0.7674,0,7,0,0,0,0,0,0,0,0,legitimate
1,0.9745,0,7,0,0,0,0,0,0,0,0,legitimate
0,1.5,1,7,1,1,0,0,1,1,3,1,merchant_substitution
1,0.5758,0,7,0,0,0,0,0,0,0,0,legitimate
0,1.5,1,7,1,1,0,0,1,1,3,1,merchant_substitution
0,1.5,1,7,1,1,0,0,1,1,3,1,merchant_substitution
1,0.999,0,7,2,0,1,1,0,1,3,1,subtle_intent_drift
1,0.8118,0,7,0,0,0,0,0,0,0,0,legitimate
1,0.999,0,7,2,0,1,1,0,1,3,1,subtle_intent_drift
1,0.875,0,7,0,0,0,0,0,0,0,0,legitimate
1,0.999,0,7,2,0,1,1,0,1,3,1,subtle_intent_drift
1,0.999,0,7,2,0,1,1,0,1,3,1,subtle_intent_drift
0,1.5,1,7,1,1,0,0,1,1,3,1,merchant_substitution
1,0.999,0,7,2,0,1,1,0,1,3,1,subtle_intent_drift
1,0.9092,0,9,1,0,0,0,2,0,2,0,legitimate
1,0.6941,0,9,1,0,0,0,2,0,2,0,legitimate
1,0.999,0,7,2,0,1,1,0,1,3,1,subtle_intent_drift
1,0.5863,0,7,0,0,0,0,0,0,0,0,legitimate
1,0.999,0,7,2,0,1,1,0,1,3,1,subtle_intent_drift
1,0.5639,0,9,1,0,0,0,2,0,2,0,legitimate
1,0.999,0,7,2,0,1,1,0,1,3,1,subtle_intent_drift
1,0.8343,0,9,1,0,0,0,2,0,2,0,legitimate
1,0.581,0,9,1,0,0,0,2,0,2,0,legitimate
1,0.9574,0,7,0,0,0,0,0,0,0,0,legitimate
0,1.5,1,7,1,1,0,0,1,1,3,1,merchant_substitution
1,0.7834,0,9,1,0,0,0,2,0,2,0,legitimate
1,0.8413,0,9,1,0,0,0,2,0,2,0,legitimate
1,0.6609,0,9,1,0,0,0,2,0,2,0,legitimate
1,0.999,0,7,2,0,1,1,0,1,3,1,subtle_intent_drift
1,0.5308,0,7,0,0,0,0,0,0,0,0,legitimate
1,0.999,0,7,2,0,1,1,0,1,3,1,subtle_intent_drift
0,1.5,1,7,1,1,0,0,1,1,3,1,merchant_substitution
1,0.6643,0,9,1,0,0,0,2,0,2,0,legitimate
0,1.5,1,7,1,1,0,0,1,1,3,1,merchant_substitution
1,0.5237,0,7,0,0,0,0,0,0,0,0,legitimate
0,1.5,1,7,1,1,0,0,1,1,3,1,merchant_substitution
0,1.5,1,7,1,1,0,0,1,1,3,1,merchant_substitution
1,0.8652,0,9,1,0,0,0,2,0,2,0,legitimate
1,0.9554,0,7,0,0,0,0,0,0,0,0,legitimate
1,0.999,0,7,2,0,1,1,0,1,3,1,subtle_intent_drift
0,1.5,1,7,1,1,0,0,1,1,3,1,merchant_substitution
1,0.999,0,7,2,0,1,1,0,1,3,1,subtle_intent_drift
1,0.9599,0,9,1,0,0,0,2,0,2,0,legitimate
1,0.6683,0,9,1,0,0,0,2,0,2,0,legitimate
1,0.8243,0,7,0,0,0,0,0,0,0,0,legitimate
1,0.999,0,7,2,0,1,1,0,1,3,1,subtle_intent_drift
1,0.999,0,7,2,0,1,1,0,1,3,1,subtle_intent_drift
1,0.999,0,7,2,0,1,1,0,1,3,1,subtle_intent_drift
1,0.999,0,7,2,0,1,1,0,1,3,1,subtle_intent_drift
1,0.999,0,7,2,0,1,1,0,1,3,1,subtle_intent_drift
0,1.5,1,7,1,1,0,0,1,1,3,1,merchant_substitution
1,0.8865,0,7,0,0,0,0,0,0,0,0,legitimate
1,0.9156,0,9,1,0,0,0,2,0,2,0,legitimate
1,0.6393,0,9,1,0,0,0,2,0,2,0,legitimate
1,0.6542,0,7,0,0,0,0,0,0,0,0,legitimate
1,0.8812,0,7,0,0,0,0,0,0,0,0,legitimate
0,1.5,1,7,1,1,0,0,1,1,3,1,merchant_substitution
0,1.5,1,7,1,1,0,0,1,1,3,1,merchant_substitution
1,0.9319,0,9,1,0,0,0,2,0,2,0,legitimate
1,0.917,0,7,0,0,0,0,0,0,0,0,legitimate
1,0.6919,0,9,1,0,0,0,2,0,2,0,legitimate
1,0.999,0,7,2,0,1,1,0,1,3,1,subtle_intent_drift
1,0.999,0,7,2,0,1,1,0,1,3,1,subtle_intent_drift
0,1.5,1,7,1,1,0,0,1,1,3,1,merchant_substitution
1,0.999,0,7,2,0,1,1,0,1,3,1,subtle_intent_drift
1,0.9327,0,7,0,0,0,0,0,0,0,0,legitimate
1,0.7406,0,9,1,0,0,0,2,0,2,0,legitimate
1,0.8231,0,7,0,0,0,0,0,0,0,0,legitimate
1,0.7717,0,7,0,0,0,0,0,0,0,0,legitimate
1,0.999,0,7,2,0,1,1,0,1,3,1,subtle_intent_drift
1,0.999,0,7,2,0,1,1,0,1,3,1,subtle_intent_drift
1,0.6632,0,7,0,0,0,0,0,0,0,0,legitimate
1,0.783,0,7,0,0,0,0,0,0,0,0,legitimate
1,0.8967,0,9,1,0,0,0,2,0,2,0,legitimate
1,0.7972,0,7,0,0,0,0,0,0,0,0,legitimate
1,0.6731,0,7,0,0,0,0,0,0,0,0,legitimate
1,0.999,0,7,2,0,1,1,0,1,3,1,subtle_intent_drift
1,0.7565,0,7,0,0,0,0,0,0,0,0,legitimate
1,0.9495,0,9,1,0,0,0,2,0,2,0,legitimate
1,0.9575,0,9,1,0,0,0,2,0,2,0,legitimate
0,1.5,1,7,1,1,0,0,1,1,3,1,merchant_substitution
0,1.5,1,7,1,1,0,0,1,1,3,1,merchant_substitution
1,0.9302,0,7,0,0,0,0,0,0,0,0,legitimate
0,1.5,1,7,1,1,0,0,1,1,3,1,merchant_substitution
1,0.999,0,7,2,0,1,1,0,1,3,1,subtle_intent_drift
1,0.999,0,7,2,0,1,1,0,1,3,1,subtle_intent_drift
0,1.5,1,7,1,1,0,0,1,1,3,1,merchant_substitution
1,0.7662,0,9,1,0,0,0,2,0,2,0,legitimate
1,0.999,0,7,2,0,1,1,0,1,3,1,subtle_intent_drift
1,0.904,0,9,1,0,0,0,2,0,2,0,legitimate
1,0.7679,0,7,0,0,0,0,0,0,0,0,legitimate
0,1.5,1,7,1,1,0,0,1,1,3,1,merchant_substitution
0,1.5,1,7,1,1,0,0,1,1,3,1,merchant_substitution
1,0.7773,0,7,0,0,0,0,0,0,0,0,legitimate
1,0.8511,0,9,1,0,0,0,2,0,2,0,legitimate
1,0.999,0,7,2,0,1,1,0,1,3,1,subtle_intent_drift
1,0.7189,0,7,0,0,0,0,0,0,0,0,legitimate
1,0.999,0,7,2,0,1,1,0,1,3,1,subtle_intent_drift
0,1.5,1,7,1,1,0,0,1,1,3,1,merchant_substitution
0,1.5,1,7,1,1,0,0,1,1,3,1,merchant_substitution
0,1.5,1,7,1,1,0,0,1,1,3,1,merchant_substitution
1,0.999,0,7,2,0,1,1,0,1,3,1,subtle_intent_drift
1,0.6307,0,7,0,0,0,0,0,0,0,0,legitimate
1,0.5414,0,7,0,0,0,0,0,0,0,0,legitimate
1,0.7923,0,7,0,0,0,0,0,0,0,0,legitimate
0,1.5,1,7,1,1,0,0,1,1,3,1,merchant_substitution
1,0.6552,0,7,0,0,0,0,0,0,0,0,legitimate
1,0.7643,0,7,0,0,0,0,0,0,0,0,legitimate
1,0.7936,0,7,0,0,0,0,0,0,0,0,legitimate
0,1.5,1,7,1,1,0,0,1,1,3,1,merchant_substitution
0,1.5,1,7,1,1,0,0,1,1,3,1,merchant_substitution
1,0.98,0,9,1,0,0,0,2,0,2,0,legitimate
1,0.999,0,7,2,0,1,1,0,1,3,1,subtle_intent_drift
1,0.6763,0,9,1,0,0,0,2,0,2,0,legitimate
1,0.7631,0,7,0,0,0,0,0,0,0,0,legitimate
0,1.5,1,7,1,1,0,0,1,1,3,1,merchant_substitution
1,0.999,0,7,2,0,1,1,0,1,3,1,subtle_intent_drift
0,1.5,1,7,1,1,0,0,1,1,3,1,merchant_substitution
1,0.6774,0,7,0,0,0,0,0,0,0,0,legitimate
1,0.5201,0,7,0,0,0,0,0,0,0,0,legitimate
1,0.999,0,7,2,0,1,1,0,1,3,1,subtle_intent_drift
0,1.5,1,7,1,1,0,0,1,1,3,1,merchant_substitution
1,0.9062,0,9,1,0,0,0,2,0,2,0,legitimate
1,0.9345,0,7,0,0,0,0,0,0,0,0,legitimate
1,0.999,0,7,2,0,1,1,0,1,3,1,subtle_intent_drift
0,1.5,1,7,1,1,0,0,1,1,3,1,merchant_substitution
1,0.8421,0,7,0,0,0,0,0,0,0,0,legitimate
1,0.689,0,9,1,0,0,0,2,0,2,0,legitimate
1,0.7232,0,7,0,0,0,0,0,0,0,0,legitimate
1,0.8044,0,7,0,0,0,0,0,0,0,0,legitimate
0,1.5,1,7,1,1,0,0,1,1,3,1,merchant_substitution
1,0.8986,0,9,1,0,0,0,2,0,2,0,legitimate
0,1.5,1,7,1,1,0,0,1,1,3,1,merchant_substitution
1,0.7826,0,9,1,0,0,0,2,0,2,0,legitimate
0,1.5,1,7,1,1,0,0,1,1,3,1,merchant_substitution
1,0.8299,0,7,0,0,0,0,0,0,0,0,legitimate
1,0.7772,0,7,0,0,0,0,0,0,0,0,legitimate
1,0.8956,0,7,0,0,0,0,0,0,0,0,legitimate
1,0.999,0,7,2,0,1,1,0,1,3,1,subtle_intent_drift
1,0.8914,0,7,0,0,0,0,0,0,0,0,legitimate
1,0.736,0,7,0,0,0,0,0,0,0,0,legitimate
1,0.999,0,7,2,0,1,1,0,1,3,1,subtle_intent_drift
1,0.999,0,7,2,0,1,1,0,1,3,1,subtle_intent_drift
1,0.765,0,7,0,0,0,0,0,0,0,0,legitimate
1,0.6093,0,7,0,0,0,0,0,0,0,0,legitimate
1,0.999,0,7,2,0,1,1,0,1,3,1,subtle_intent_drift
1,0.999,0,7,2,0,1,1,0,1,3,1,subtle_intent_drift
1,0.957,0,9,1,0,0,0,2,0,2,0,legitimate
1,0.9617,0,9,1,0,0,0,2,0,2,0,legitimate
1,0.6273,0,7,0,0,0,0,0,0,0,0,legitimate
1,0.999,0,7,2,0,1,1,0,1,3,1,subtle_intent_drift
1,0.999,0,7,2,0,1,1,0,1,3,1,subtle_intent_drift
0,1.5,1,7,1,1,0,0,1,1,3,1,merchant_substitution
0,1.5,1,7,1,1,0,0,1,1,3,1,merchant_substitution
1,0.999,0,7,2,0,1,1,0,1,3,1,subtle_intent_drift
1,0.999,0,7,2,0,1,1,0,1,3,1,subtle_intent_drift
0,1.5,1,7,1,1,0,0,1,1,3,1,merchant_substitution
1,0.6761,0,9,1,0,0,0,2,0,2,0,legitimate
1,0.9207,0,7,0,0,0,0,0,0,0,0,legitimate
1,0.7139,0,9,1,0,0,0,2,0,2,0,legitimate
1,0.9322,0,7,0,0,0,0,0,0,0,0,legitimate
1,0.6009,0,7,0,0,0,0,0,0,0,0,legitimate
1,0.999,0,7,2,0,1,1,0,1,3,1,subtle_intent_drift
1,0.5905,0,7,0,0,0,0,0,0,0,0,legitimate
1,0.8706,0,9,1,0,0,0,2,0,2,0,legitimate
1,0.999,0,7,2,0,1,1,0,1,3,1,subtle_intent_drift
1,0.7955,0,7,0,0,0,0,0,0,0,0,legitimate
0,1.5,1,7,1,1,0,0,1,1,3,1,merchant_substitution
1,0.5565,0,9,1,0,0,0,2,0,2,0,legitimate
1,0.999,0,7,2,0,1,1,0,1,3,1,subtle_intent_drift
1,0.999,0,7,2,0,1,1,0,1,3,1,subtle_intent_drift
0,1.5,1,7,1,1,0,0,1,1,3,1,merchant_substitution
0,1.5,1,7,1,1,0,0,1,1,3,1,merchant_substitution
1,0.999,0,7,2,0,1,1,0,1,3,1,subtle_intent_drift
1,0.6434,0,7,0,0,0,0,0,0,0,0,legitimate
1,0.5735,0,9,1,0,0,0,2,0,2,0,legitimate
1,0.8241,0,7,0,0,0,0,0,0,0,0,legitimate
1,0.8398,0,7,0,0,0,0,0,0,0,0,legitimate
1,0.6181,0,7,0,0,0,0,0,0,0,0,legitimate
1,0.6183,0,7,0,0,0,0,0,0,0,0,legitimate
1,0.7158,0,9,1,0,0,0,2,0,2,0,legitimate
1,0.999,0,7,2,0,1,1,0,1,3,1,subtle_intent_drift
1,0.7542,0,9,1,0,0,0,2,0,2,0,legitimate
1,0.7058,0,9,1,0,0,0,2,0,2,0,legitimate
1,0.7919,0,7,0,0,0,0,0,0,0,0,legitimate
1,0.8563,0,7,0,0,0,0,0,0,0,0,legitimate
1,0.7282,0,9,1,0,0,0,2,0,2,0,legitimate
0,1.5,1,7,1,1,0,0,1,1,3,1,merchant_substitution
1,0.903,0,7,0,0,0,0,0,0,0,0,legitimate
0,1.5,1,7,1,1,0,0,1,1,3,1,merchant_substitution
1,0.541,0,7,0,0,0,0,0,0,0,0,legitimate
1,0.7525,0,9,1,0,0,0,2,0,2,0,legitimate
1,0.8648,0,7,0,0,0,0,0,0,0,0,legitimate
0,1.5,1,7,1,1,0,0,1,1,3,1,merchant_substitution
1,0.8865,0,7,0,0,0,0,0,0,0,0,legitimate
1,0.999,0,7,2,0,1,1,0,1,3,1,subtle_intent_drift
1,0.9353,0,7,0,0,0,0,0,0,0,0,legitimate
1,0.999,0,7,2,0,1,1,0,1,3,1,subtle_intent_drift
1,0.5509,0,7,0,0,0,0,0,0,0,0,legitimate
1,0.999,0,7,2,0,1,1,0,1,3,1,subtle_intent_drift
1,0.7678,0,7,0,0,0,0,0,0,0,0,legitimate
1,0.7864,0,7,0,0,0,0,0,0,0,0,legitimate
1,0.6169,0,7,0,0,0,0,0,0,0,0,legitimate
1,0.999,0,7,2,0,1,1,0,1,3,1,subtle_intent_drift
1,0.9729,0,9,1,0,0,0,2,0,2,0,legitimate
1,0.8056,0,9,1,0,0,0,2,0,2,0,legitimate
1,0.8593,0,9,1,0,0,0,2,0,2,0,legitimate
1,0.999,0,7,2,0,1,1,0,1,3,1,subtle_intent_drift
1,0.5526,0,7,0,0,0,0,0,0,0,0,legitimate
0,1.5,1,7,1,1,0,0,1,1,3,1,merchant_substitution
0,1.5,1,7,1,1,0,0,1,1,3,1,merchant_substitution
1,0.999,0,7,2,0,1,1,0,1,3,1,subtle_intent_drift
1,0.569,0,9,1,0,0,0,2,0,2,0,legitimate
1,0.999,0,7,2,0,1,1,0,1,3,1,subtle_intent_drift
1,0.6258,0,9,1,0,0,0,2,0,2,0,legitimate
1,0.6163,0,7,0,0,0,0,0,0,0,0,legitimate
1,0.5186,0,7,0,0,0,0,0,0,0,0,legitimate
1,0.8724,0,7,0,0,0,0,0,0,0,0,legitimate
1,0.6437,0,7,0,0,0,0,0,0,0,0,legitimate
0,1.5,1,7,1,1,0,0,1,1,3,1,merchant_substitution
1,0.5411,0,7,0,0,0,0,0,0,0,0,legitimate
1,0.999,0,7,2,0,1,1,0,1,3,1,subtle_intent_drift
1,0.6563,0,7,0,0,0,0,0,0,0,0,legitimate
1,0.6529,0,7,0,0,0,0,0,0,0,0,legitimate
1,0.7061,0,9,1,0,0,0,2,0,2,0,legitimate
1,0.5515,0,7,0,0,0,0,0,0,0,0,legitimate
1,0.999,0,7,2,0,1,1,0,1,3,1,subtle_intent_drift
1,0.999,0,7,2,0,1,1,0,1,3,1,subtle_intent_drift
1,0.5492,0,9,1,0,0,0,2,0,2,0,legitimate
1,0.5609,0,7,0,0,0,0,0,0,0,0,legitimate
1,0.8104,0,9,1,0,0,0,2,0,2,0,legitimate
1,0.999,0,7,2,0,1,1,0,1,3,1,subtle_intent_drift
1,0.999,0,7,2,0,1,1,0,1,3,1,subtle_intent_drift
1,0.5395,0,7,0,0,0,0,0,0,0,0,legitimate
1,0.6836,0,7,0,0,0,0,0,0,0,0,legitimate
1,0.8766,0,9,1,0,0,0,2,0,2,0,legitimate
1,0.9155,0,7,0,0,0,0,0,0,0,0,legitimate
1,0.999,0,7,2,0,1,1,0,1,3,1,subtle_intent_drift
1,0.9191,0,7,0,0,0,0,0,0,0,0,legitimate
1,0.999,0,7,2,0,1,1,0,1,3,1,subtle_intent_drift
1,0.999,0,7,2,0,1,1,0,1,3,1,subtle_intent_drift
0,1.5,1,7,1,1,0,0,1,1,3,1,merchant_substitution
1,0.8637,0,7,0,0,0,0,0,0,0,0,legitimate
1,0.999,0,7,2,0,1,1,0,1,3,1,subtle_intent_drift
1,0.5073,0,7,0,0,0,0,0,0,0,0,legitimate
1,0.7296,0,7,0,0,0,0,0,0,0,0,legitimate
1,0.6,0,7,0,0,0,0,0,0,0,0,legitimate
1,0.6707,0,7,0,0,0,0,0,0,0,0,legitimate
1,0.999,0,7,2,0,1,1,0,1,3,1,subtle_intent_drift
0,1.5,1,7,1,1,0,0,1,1,3,1,merchant_substitution
1,0.999,0,7,2,0,1,1,0,1,3,1,subtle_intent_drift
0,1.5,1,7,1,1,0,0,1,1,3,1,merchant_substitution
0,1.5,1,7,1,1,0,0,1,1,3,1,merchant_substitution
0,1.5,1,7,1,1,0,0,1,1,3,1,merchant_substitution
1,0.999,0,7,2,0,1,1,0,1,3,1,subtle_intent_drift
1,0.7634,0,7,0,0,0,0,0,0,0,0,legitimate
1,0.9434,0,9,1,0,0,0,2,0,2,0,legitimate
1,0.999,0,7,2,0,1,1,0,1,3,1,subtle_intent_drift
1,0.999,0,7,2,0,1,1,0,1,3,1,subtle_intent_drift
1,0.7653,0,7,0,0,0,0,0,0,0,0,legitimate
0,1.5,1,7,1,1,0,0,1,1,3,1,merchant_substitution
1,0.9723,0,9,1,0,0,0,2,0,2,0,legitimate
1,0.762,0,9,1,0,0,0,2,0,2,0,legitimate
1,0.999,0,7,2,0,1,1,0,1,3,1,subtle_intent_drift
0,1.5,1,7,1,1,0,0,1,1,3,1,merchant_substitution
0,1.5,1,7,1,1,0,0,1,1,3,1,merchant_substitution
0,1.5,1,7,1,1,0,0,1,1,3,1,merchant_substitution
1,0.74,0,7,0,0,0,0,0,0,0,0,legitimate
0,1.5,1,7,1,1,0,0,1,1,3,1,merchant_substitution
0,1.5,1,7,1,1,0,0,1,1,3,1,merchant_substitution
1,0.999,0,7,2,0,1,1,0,1,3,1,subtle_intent_drift
1,0.999,0,7,2,0,1,1,0,1,3,1,subtle_intent_drift
0,1.5,1,7,1,1,0,0,1,1,3,1,merchant_substitution
0,1.5,1,7,1,1,0,0,1,1,3,1,merchant_substitution
1,0.999,0,7,2,0,1,1,0,1,3,1,subtle_intent_drift
1,0.8235,0,7,0,0,0,0,0,0,0,0,legitimate
1,0.999,0,7,2,0,1,1,0,1,3,1,subtle_intent_drift
1,0.9462,0,7,0,0,0,0,0,0,0,0,legitimate
1,0.6198,0,7,0,0,0,0,0,0,0,0,legitimate
1,0.6861,0,9,1,0,0,0,2,0,2,0,legitimate
0,1.5,1,7,1,1,0,0,1,1,3,1,merchant_substitution
0,1.5,1,7,1,1,0,0,1,1,3,1,merchant_substitution
1,0.999,0,7,2,0,1,1,0,1,3,1,subtle_intent_drift
0,1.5,1,7,1,1,0,0,1,1,3,1,merchant_substitution
1,0.5854,0,7,0,0,0,0,0,0,0,0,legitimate
1,0.9287,0,7,0,0,0,0,0,0,0,0,legitimate
1,0.7516,0,9,1,0,0,0,2,0,2,0,legitimate
0,1.5,1,7,1,1,0,0,1,1,3,1,merchant_substitution
0,1.5,1,7,1,1,0,0,1,1,3,1,merchant_substitution
1,0.6426,0,7,0,0,0,0,0,0,0,0,legitimate
1,0.7379,0,9,1,0,0,0,2,0,2,0,legitimate
0,1.5,1,7,1,1,0,0,1,1,3,1,merchant_substitution
1,0.5119,0,7,0,0,0,0,0,0,0,0,legitimate
0,1.5,1,7,1,1,0,0,1,1,3,1,merchant_substitution
1,0.999,0,7,2,0,1,1,0,1,3,1,subtle_intent_drift
1,0.9768,0,7,0,0,0,0,0,0,0,0,legitimate
1,0.999,0,7,2,0,1,1,0,1,3,1,subtle_intent_drift
1,0.5059,0,7,0,0,0,0,0,0,0,0,legitimate
1,0.7259,0,9,1,0,0,0,2,0,2,0,legitimate
1,0.999,0,7,2,0,1,1,0,1,3,1,subtle_intent_drift
1,0.7784,0,7,0,0,0,0,0,0,0,0,legitimate
1,0.9551,0,7,0,0,0,0,0,0,0,0,legitimate
1,0.999,0,7,2,0,1,1,0,1,3,1,subtle_intent_drift
1,0.6261,0,9,1,0,0,0,2,0,2,0,legitimate
1,0.6284,0,7,0,0,0,0,0,0,0,0,legitimate
0,1.5,1,7,1,1,0,0,1,1,3,1,merchant_substitution
1,0.8549,0,9,1,0,0,0,2,0,2,0,legitimate
1,0.999,0,7,2,0,1,1,0,1,3,1,subtle_intent_drift
1,0.999,0,7,2,0,1,1,0,1,3,1,subtle_intent_drift
1,0.6034,0,7,0,0,0,0,0,0,0,0,legitimate
1,0.7899,0,7,0,0,0,0,0,0,0,0,legitimate
0,1.5,1,7,1,1,0,0,1,1,3,1,merchant_substitution
1,0.7081,0,9,1,0,0,0,2,0,2,0,legitimate
1,0.5779,0,7,0,0,0,0,0,0,0,0,legitimate
1,0.999,0,7,2,0,1,1,0,1,3,1,subtle_intent_drift
1,0.6671,0,7,0,0,0,0,0,0,0,0,legitimate
1,0.6009,0,7,0,0,0,0,0,0,0,0,legitimate
1,0.8571,0,9,1,0,0,0,2,0,2,0,legitimate
0,1.5,1,7,1,1,0,0,1,1,3,1,merchant_substitution
1,0.8887,0,7,0,0,0,0,0,0,0,0,legitimate
1,0.9096,0,7,0,0,0,0,0,0,0,0,legitimate
1,0.7106,0,7,0,0,0,0,0,0,0,0,legitimate
1,0.999,0,7,2,0,1,1,0,1,3,1,subtle_intent_drift
1,0.999,0,7,2,0,1,1,0,1,3,1,subtle_intent_drift
1,0.8038,0,7,0,0,0,0,0,0,0,0,legitimate
0,1.5,1,7,1,1,0,0,1,1,3,1,merchant_substitution
1,0.832,0,7,0,0,0,0,0,0,0,0,legitimate
1,0.6738,0,7,0,0,0,0,0,0,0,0,legitimate
0,1.5,1,7,1,1,0,0,1,1,3,1,merchant_substitution
1,0.676,0,7,0,0,0,0,0,0,0,0,legitimate
1,0.6646,0,7,0,0,0,0,0,0,0,0,legitimate
0,1.5,1,7,1,1,0,0,1,1,3,1,merchant_substitution
1,0.6804,0,7,0,0,0,0,0,0,0,0,legitimate
1,0.7503,0,7,0,0,0,0,0,0,0,0,legitimate
1,0.9487,0,7,0,0,0,0,0,0,0,0,legitimate
1,0.6679,0,9,1,0,0,0,2,0,2,0,legitimate
0,1.5,1,7,1,1,0,0,1,1,3,1,merchant_substitution
1,0.999,0,7,2,0,1,1,0,1,3,1,subtle_intent_drift
1,0.518,0,9,1,0,0,0,2,0,2,0,legitimate
1,0.6299,0,9,1,0,0,0,2,0,2,0,legitimate
0,1.5,1,7,1,1,0,0,1,1,3,1,merchant_substitution
0,1.5,1,7,1,1,0,0,1,1,3,1,merchant_substitution
1,0.8033,0,7,0,0,0,0,0,0,0,0,legitimate
1,0.5594,0,7,0,0,0,0,0,0,0,0,legitimate
1,0.5574,0,9,1,0,0,0,2,0,2,0,legitimate
1,0.618,0,7,0,0,0,0,0,0,0,0,legitimate
1,0.5822,0,7,0,0,0,0,0,0,0,0,legitimate
0,1.5,1,7,1,1,0,0,1,1,3,1,merchant_substitution
0,1.5,1,7,1,1,0,0,1,1,3,1,merchant_substitution
1,0.8531,0,7,0,0,0,0,0,0,0,0,legitimate
0,1.5,1,7,1,1,0,0,1,1,3,1,merchant_substitution
0,1.5,1,7,1,1,0,0,1,1,3,1,merchant_substitution
1,0.9231,0,9,1,0,0,0,2,0,2,0,legitimate
1,0.999,0,7,2,0,1,1,0,1,3,1,subtle_intent_drift
1,0.5122,0,9,1,0,0,0,2,0,2,0,legitimate
1,0.8377,0,7,0,0,0,0,0,0,0,0,legitimate
1,0.8582,0,9,1,0,0,0,2,0,2,0,legitimate
1,0.5011,0,9,1,0,0,0,2,0,2,0,legitimate
1,0.8465,0,9,1,0,0,0,2,0,2,0,legitimate
1,0.8652,0,7,0,0,0,0,0,0,0,0,legitimate
1,0.8275,0,9,1,0,0,0,2,0,2,0,legitimate
1,0.999,0,7,2,0,1,1,0,1,3,1,subtle_intent_drift
0,1.5,1,7,1,1,0,0,1,1,3,1,merchant_substitution
0,1.5,1,7,1,1,0,0,1,1,3,1,merchant_substitution
1,0.6446,0,9,1,0,0,0,2,0,2,0,legitimate
0,1.5,1,7,1,1,0,0,1,1,3,1,merchant_substitution
1,0.8046,0,9,1,0,0,0,2,0,2,0,legitimate
0,1.5,1,7,1,1,0,0,1,1,3,1,merchant_substitution
0,1.5,1,7,1,1,0,0,1,1,3,1,merchant_substitution
1,0.999,0,7,2,0,1,1,0,1,3,1,subtle_intent_drift
0,1.5,1,7,1,1,0,0,1,1,3,1,merchant_substitution
1,0.7148,0,7,0,0,0,0,0,0,0,0,legitimate
0,1.5,1,7,1,1,0,0,1,1,3,1,merchant_substitution
1,0.6655,0,9,1,0,0,0,2,0,2,0,legitimate
0,1.5,1,7,1,1,0,0,1,1,3,1,merchant_substitution
1,0.7914,0,9,1,0,0,0,2,0,2,0,legitimate
1,0.8089,0,7,0,0,0,0,0,0,0,0,legitimate
1,0.8245,0,9,1,0,0,0,2,0,2,0,legitimate
1,0.8214,0,7,0,0,0,0,0,0,0,0,legitimate
1,0.8336,0,7,0,0,0,0,0,0,0,0,legitimate
1,0.6111,0,7,0,0,0,0,0,0,0,0,legitimate
1,0.5661,0,9,1,0,0,0,2,0,2,0,legitimate
1,0.5498,0,7,0,0,0,0,0,0,0,0,legitimate
1,0.999,0,7,2,0,1,1,0,1,3,1,subtle_intent_drift
1,0.999,0,7,2,0,1,1,0,1,3,1,subtle_intent_drift
1,0.999,0,7,2,0,1,1,0,1,3,1,subtle_intent_drift
1,0.6036,0,9,1,0,0,0,2,0,2,0,legitimate
1,0.5341,0,9,1,0,0,0,2,0,2,0,legitimate
0,1.5,1,7,1,1,0,0,1,1,3,1,merchant_substitution
1,0.999,0,7,2,0,1,1,0,1,3,1,subtle_intent_drift
1,0.6883,0,9,1,0,0,0,2,0,2,0,legitimate
1,0.8581,0,7,0,0,0,0,0,0,0,0,legitimate
0,1.5,1,7,1,1,0,0,1,1,3,1,merchant_substitution
1,0.9158,0,7,0,0,0,0,0,0,0,0,legitimate
1,0.8327,0,9,1,0,0,0,2,0,2,0,legitimate
1,0.7421,0,7,0,0,0,0,0,0,0,0,legitimate
1,0.8352,0,7,0,0,0,0,0,0,0,0,legitimate
1,0.999,0,7,2,0,1,1,0,1,3,1,subtle_intent_drift
0,1.5,1,7,1,1,0,0,1,1,3,1,merchant_substitution
1,0.8315,0,9,1,0,0,0,2,0,2,0,legitimate
0,1.5,1,7,1,1,0,0,1,1,3,1,merchant_substitution
1,0.6681,0,7,0,0,0,0,0,0,0,0,legitimate
1,0.999,0,7,2,0,1,1,0,1,3,1,subtle_intent_drift
1,0.999,0,7,2,0,1,1,0,1,3,1,subtle_intent_drift
1,0.8329,0,7,0,0,0,0,0,0,0,0,legitimate
1,0.6754,0,9,1,0,0,0,2,0,2,0,legitimate
1,0.999,0,7,2,0,1,1,0,1,3,1,subtle_intent_drift
1,0.9646,0,7,0,0,0,0,0,0,0,0,legitimate
0,1.5,1,7,1,1,0,0,1,1,3,1,merchant_substitution
0,1.5,1,7,1,1,0,0,1,1,3,1,merchant_substitution
1,0.5236,0,7,0,0,0,0,0,0,0,0,legitimate
0,1.5,1,7,1,1,0,0,1,1,3,1,merchant_substitution
0,1.5,1,7,1,1,0,0,1,1,3,1,merchant_substitution
1,0.999,0,7,2,0,1,1,0,1,3,1,subtle_intent_drift
1,0.6487,0,9,1,0,0,0,2,0,2,0,legitimate
1,0.999,0,7,2,0,1,1,0,1,3,1,subtle_intent_drift
1,0.999,0,7,2,0,1,1,0,1,3,1,subtle_intent_drift
1,0.7234,0,7,0,0,0,0,0,0,0,0,legitimate
1,0.9042,0,7,0,0,0,0,0,0,0,0,legitimate
1,0.7272,0,9,1,0,0,0,2,0,2,0,legitimate
1,0.6534,0,9,1,0,0,0,2,0,2,0,legitimate
0,1.5,1,7,1,1,0,0,1,1,3,1,merchant_substitution
1,0.999,0,7,2,0,1,1,0,1,3,1,subtle_intent_drift
0,1.5,1,7,1,1,0,0,1,1,3,1,merchant_substitution
0,1.5,1,7,1,1,0,0,1,1,3,1,merchant_substitution
1,0.999,0,7,2,0,1,1,0,1,3,1,subtle_intent_drift
1,0.8794,0,7,0,0,0,0,0,0,0,0,legitimate
1,0.999,0,7,2,0,1,1,0,1,3,1,subtle_intent_drift
1,0.8111,0,9,1,0,0,0,2,0,2,0,legitimate
1,0.6905,0,7,0,0,0,0,0,0,0,0,legitimate
1,0.999,0,7,2,0,1,1,0,1,3,1,subtle_intent_drift
1,0.9328,0,7,0,0,0,0,0,0,0,0,legitimate
1,0.6852,0,7,0,0,0,0,0,0,0,0,legitimate
1,0.6071,0,7,0,0,0,0,0,0,0,0,legitimate
0,1.5,1,7,1,1,0,0,1,1,3,1,merchant_substitution
1,0.999,0,7,2,0,1,1,0,1,3,1,subtle_intent_drift
1,0.59,0,7,0,0,0,0,0,0,0,0,legitimate
1,0.5434,0,7,0,0,0,0,0,0,0,0,legitimate
0,1.5,1,7,1,1,0,0,1,1,3,1,merchant_substitution
0,1.5,1,7,1,1,0,0,1,1,3,1,merchant_substitution
0,1.5,1,7,1,1,0,0,1,1,3,1,merchant_substitution
1,0.7359,0,7,0,0,0,0,0,0,0,0,legitimate
1,0.999,0,7,2,0,1,1,0,1,3,1,subtle_intent_drift
0,1.5,1,7,1,1,0,0,1,1,3,1,merchant_substitution
1,0.999,0,7,2,0,1,1,0,1,3,1,subtle_intent_drift
1,0.8776,0,9,1,0,0,0,2,0,2,0,legitimate
1,0.8185,0,7,0,0,0,0,0,0,0,0,legitimate
1,0.9387,0,9,1,0,0,0,2,0,2,0,legitimate
0,1.5,1,7,1,1,0,0,1,1,3,1,merchant_substitution
1,0.9741,0,7,0,0,0,0,0,0,0,0,legitimate
1,0.6169,0,7,0,0,0,0,0,0,0,0,legitimate
0,1.5,1,7,1,1,0,0,1,1,3,1,merchant_substitution
0,1.5,1,7,1,1,0,0,1,1,3,1,merchant_substitution
0,1.5,1,7,1,1,0,0,1,1,3,1,merchant_substitution
1,0.7384,0,9,1,0,0,0,2,0,2,0,legitimate
1,0.999,0,7,2,0,1,1,0,1,3,1,subtle_intent_drift
0,1.5,1,7,1,1,0,0,1,1,3,1,merchant_substitution
1,0.8961,0,9,1,0,0,0,2,0,2,0,legitimate
1,0.999,0,7,2,0,1,1,0,1,3,1,subtle_intent_drift
1,0.999,0,7,2,0,1,1,0,1,3,1,subtle_intent_drift
1,0.5987,0,7,0,0,0,0,0,0,0,0,legitimate
0,1.5,1,7,1,1,0,0,1,1,3,1,merchant_substitution
1,0.5453,0,7,0,0,0,0,0,0,0,0,legitimate
1,0.5553,0,7,0,0,0,0,0,0,0,0,legitimate
1,0.7484,0,7,0,0,0,0,0,0,0,0,legitimate
1,0.999,0,7,2,0,1,1,0,1,3,1,subtle_intent_drift
0,1.5,1,7,1,1,0,0,1,1,3,1,merchant_substitution
0,1.5,1,7,1,1,0,0,1,1,3,1,merchant_substitution
0,1.5,1,7,1,1,0,0,1,1,3,1,merchant_substitution
1,0.999,0,7,2,0,1,1,0,1,3,1,subtle_intent_drift
1,0.999,0,7,2,0,1,1,0,1,3,1,subtle_intent_drift
1,0.999,0,7,2,0,1,1,0,1,3,1,subtle_intent_drift
1,0.999,0,7,2,0,1,1,0,1,3,1,subtle_intent_drift
1,0.5483,0,9,1,0,0,0,2,0,2,0,legitimate
0,1.5,1,7,1,1,0,0,1,1,3,1,merchant_substitution
0,1.5,1,7,1,1,0,0,1,1,3,1,merchant_substitution
1,0.9026,0,7,0,0,0,0,0,0,0,0,legitimate
0,1.5,1,7,1,1,0,0,1,1,3,1,merchant_substitution
1,0.999,0,7,2,0,1,1,0,1,3,1,subtle_intent_drift
1,0.5328,0,9,1,0,0,0,2,0,2,0,legitimate
1,0.642,0,7,0,0,0,0,0,0,0,0,legitimate
1,0.5894,0,9,1,0,0,0,2,0,2,0,legitimate
0,1.5,1,7,1,1,0,0,1,1,3,1,merchant_substitution
1,0.6887,0,7,0,0,0,0,0,0,0,0,legitimate
1,0.8525,0,9,1,0,0,0,2,0,2,0,legitimate
1,0.8504,0,7,0,0,0,0,0,0,0,0,legitimate
1,0.999,0,7,2,0,1,1,0,1,3,1,subtle_intent_drift
0,1.5,1,7,1,1,0,0,1,1,3,1,merchant_substitution
1,0.6554,0,9,1,0,0,0,2,0,2,0,legitimate
1,0.999,0,7,2,0,1,1,0,1,3,1,subtle_intent_drift
1,0.999,0,7,2,0,1,1,0,1,3,1,subtle_intent_drift
1,0.8364,0,9,1,0,0,0,2,0,2,0,legitimate
0,1.5,1,7,1,1,0,0,1,1,3,1,merchant_substitution
1,0.6881,0,9,1,0,0,0,2,0,2,0,legitimate
1,0.9501,0,7,0,0,0,0,0,0,0,0,legitimate
1,0.999,0,7,2,0,1,1,0,1,3,1,subtle_intent_drift
1,0.7658,0,7,0,0,0,0,0,0,0,0,legitimate
1,0.5887,0,7,0,0,0,0,0,0,0,0,legitimate
1,0.999,0,7,2,0,1,1,0,1,3,1,subtle_intent_drift
1,0.7149,0,9,1,0,0,0,2,0,2,0,legitimate
0,1.5,1,7,1,1,0,0,1,1,3,1,merchant_substitution
0,1.5,1,7,1,1,0,0,1,1,3,1,merchant_substitution
1,0.5113,0,7,0,0,0,0,0,0,0,0,legitimate
1,0.7427,0,7,0,0,0,0,0,0,0,0,legitimate
1,0.5624,0,7,0,0,0,0,0,0,0,0,legitimate
1,0.6484,0,7,0,0,0,0,0,0,0,0,legitimate
0,1.5,1,7,1,1,0,0,1,1,3,1,merchant_substitution
1,0.999,0,7,2,0,1,1,0,1,3,1,subtle_intent_drift
1,0.5191,0,7,0,0,0,0,0,0,0,0,legitimate
1,0.702,0,9,1,0,0,0,2,0,2,0,legitimate
1,0.6696,0,9,1,0,0,0,2,0,2,0,legitimate
0,1.5,1,7,1,1,0,0,1,1,3,1,merchant_substitution
1,0.8511,0,7,0,0,0,0,0,0,0,0,legitimate
1,0.999,0,7,2,0,1,1,0,1,3,1,subtle_intent_drift
1,0.835,0,7,0,0,0,0,0,0,0,0,legitimate
1,0.6719,0,9,1,0,0,0,2,0,2,0,legitimate
0,1.5,1,7,1,1,0,0,1,1,3,1,merchant_substitution
1,0.7242,0,9,1,0,0,0,2,0,2,0,legitimate
1,0.6407,0,9,1,0,0,0,2,0,2,0,legitimate
1,0.7459,0,9,1,0,0,0,2,0,2,0,legitimate
1,0.8619,0,7,0,0,0,0,0,0,0,0,legitimate
0,1.5,1,7,1,1,0,0,1,1,3,1,merchant_substitution
0,1.5,1,7,1,1,0,0,1,1,3,1,merchant_substitution
1,0.999,0,7,2,0,1,1,0,1,3,1,subtle_intent_drift
1,0.999,0,7,2,0,1,1,0,1,3,1,subtle_intent_drift
1,0.999,0,7,2,0,1,1,0,1,3,1,subtle_intent_drift
1,0.9379,0,9,1,0,0,0,2,0,2,0,legitimate
1,0.999,0,7,2,0,1,1,0,1,3,1,subtle_intent_drift
1,0.751,0,9,1,0,0,0,2,0,2,0,legitimate
1,0.5937,0,9,1,0,0,0,2,0,2,0,legitimate
0,1.5,1,7,1,1,0,0,1,1,3,1,merchant_substitution
1,0.974,0,7,0,0,0,0,0,0,0,0,legitimate
1,0.9368,0,7,0,0,0,0,0,0,0,0,legitimate
0,1.5,1,7,1,1,0,0,1,1,3,1,merchant_substitution
1,0.8998,0,9,1,0,0,0,2,0,2,0,legitimate
0,1.5,1,7,1,1,0,0,1,1,3,1,merchant_substitution
1,0.999,0,7,2,0,1,1,0,1,3,1,subtle_intent_drift
0,1.5,1,7,1,1,0,0,1,1,3,1,merchant_substitution
1,0.8704,0,7,0,0,0,0,0,0,0,0,legitimate
1,0.7002,0,9,1,0,0,0,2,0,2,0,legitimate
1,0.9034,0,9,1,0,0,0,2,0,2,0,legitimate
1,0.6143,0,7,0,0,0,0,0,0,0,0,legitimate
1,0.8199,0,7,0,0,0,0,0,0,0,0,legitimate
1,0.5652,0,9,1,0,0,0,2,0,2,0,legitimate
1,0.999,0,7,2,0,1,1,0,1,3,1,subtle_intent_drift
1,0.6606,0,9,1,0,0,0,2,0,2,0,legitimate
1,0.6731,0,7,0,0,0,0,0,0,0,0,legitimate
0,1.5,1,7,1,1,0,0,1,1,3,1,merchant_substitution
1,0.6879,0,9,1,0,0,0,2,0,2,0,legitimate
1,0.6913,0,7,0,0,0,0,0,0,0,0,legitimate
1,0.509,0,9,1,0,0,0,2,0,2,0,legitimate
1,0.8259,0,7,0,0,0,0,0,0,0,0,legitimate
0,1.5,1,7,1,1,0,0,1,1,3,1,merchant_substitution
1,0.8485,0,7,0,0,0,0,0,0,0,0,legitimate
1,0.5257,0,7,0,0,0,0,0,0,0,0,legitimate
0,1.5,1,7,1,1,0,0,1,1,3,1,merchant_substitution
1,0.6817,0,9,1,0,0,0,2,0,2,0,legitimate
1,0.999,0,7,2,0,1,1,0,1,3,1,subtle_intent_drift
1,0.9316,0,7,0,0,0,0,0,0,0,0,legitimate
0,1.5,1,7,1,1,0,0,1,1,3,1,merchant_substitution
1,0.6567,0,7,0,0,0,0,0,0,0,0,legitimate
1,0.5867,0,7,0,0,0,0,0,0,0,0,legitimate
1,0.507,0,7,0,0,0,0,0,0,0,0,legitimate
0,1.5,1,7,1,1,0,0,1,1,3,1,merchant_substitution
1,0.999,0,7,2,0,1,1,0,1,3,1,subtle_intent_drift
1,0.9399,0,7,0,0,0,0,0,0,0,0,legitimate
1,0.999,0,7,2,0,1,1,0,1,3,1,subtle_intent_drift
1,0.9653,0,7,0,0,0,0,0,0,0,0,legitimate
1,0.8816,0,9,1,0,0,0,2,0,2,0,legitimate
1,0.5974,0,7,0,0,0,0,0,0,0,0,legitimate
1,0.8203,0,7,0,0,0,0,0,0,0,0,legitimate
0,1.5,1,7,1,1,0,0,1,1,3,1,merchant_substitution
1,0.9105,0,7,0,0,0,0,0,0,0,0,legitimate
1,0.6881,0,7,0,0,0,0,0,0,0,0,legitimate
1,0.8884,0,7,0,0,0,0,0,0,0,0,legitimate
1,0.9542,0,7,0,0,0,0,0,0,0,0,legitimate
0,1.5,1,7,1,1,0,0,1,1,3,1,merchant_substitution
1,0.885,0,7,0,0,0,0,0,0,0,0,legitimate
1,0.8375,0,7,0,0,0,0,0,0,0,0,legitimate
1,0.999,0,7,2,0,1,1,0,1,3,1,subtle_intent_drift
1,0.7486,0,7,0,0,0,0,0,0,0,0,legitimate
0,1.5,1,7,1,1,0,0,1,1,3,1,merchant_substitution
0,1.5,1,7,1,1,0,0,1,1,3,1,merchant_substitution
1,0.8284,0,7,0,0,0,0,0,0,0,0,legitimate
1,0.9205,0,9,1,0,0,0,2,0,2,0,legitimate
0,1.5,1,7,1,1,0,0,1,1,3,1,merchant_substitution
1,0.9595,0,9,1,0,0,0,2,0,2,0,legitimate
0,1.5,1,7,1,1,0,0,1,1,3,1,merchant_substitution
1,0.8883,0,7,0,0,0,0,0,0,0,0,legitimate
0,1.5,1,7,1,1,0,0,1,1,3,1,merchant_substitution
0,1.5,1,7,1,1,0,0,1,1,3,1,merchant_substitution
1,0.5706,0,7,0,0,0,0,0,0,0,0,legitimate
1,0.999,0,7,2,0,1,1,0,1,3,1,subtle_intent_drift
1,0.7414,0,7,0,0,0,0,0,0,0,0,legitimate
1,0.999,0,7,2,0,1,1,0,1,3,1,subtle_intent_drift
1,0.6338,0,7,0,0,0,0,0,0,0,0,legitimate
0,1.5,1,7,1,1,0,0,1,1,3,1,merchant_substitution
1,0.8419,0,7,0,0,0,0,0,0,0,0,legitimate
0,1.5,1,7,1,1,0,0,1,1,3,1,merchant_substitution
1,0.5505,0,9,1,0,0,0,2,0,2,0,legitimate
1,0.999,0,7,2,0,1,1,0,1,3,1,subtle_intent_drift
1,0.999,0,7,2,0,1,1,0,1,3,1,subtle_intent_drift
0,1.5,1,7,1,1,0,0,1,1,3,1,merchant_substitution
1,0.901,0,9,1,0,0,0,2,0,2,0,legitimate
1,0.6843,0,7,0,0,0,0,0,0,0,0,legitimate
1,0.999,0,7,2,0,1,1,0,1,3,1,subtle_intent_drift
1,0.8827,0,9,1,0,0,0,2,0,2,0,legitimate
1,0.999,0,7,2,0,1,1,0,1,3,1,subtle_intent_drift
1,0.999,0,7,2,0,1,1,0,1,3,1,subtle_intent_drift
0,1.5,1,7,1,1,0,0,1,1,3,1,merchant_substitution
0,1.5,1,7,1,1,0,0,1,1,3,1,merchant_substitution
1,0.8616,0,7,0,0,0,0,0,0,0,0,legitimate
1,0.6929,0,7,0,0,0,0,0,0,0,0,legitimate
1,0.702,0,7,0,0,0,0,0,0,0,0,legitimate
1,0.5156,0,9,1,0,0,0,2,0,2,0,legitimate
1,0.9354,0,9,1,0,0,0,2,0,2,0,legitimate
0,1.5,1,7,1,1,0,0,1,1,3,1,merchant_substitution
1,0.8233,0,7,0,0,0,0,0,0,0,0,legitimate
1,0.999,0,7,2,0,1,1,0,1,3,1,subtle_intent_drift
1,0.8513,0,7,0,0,0,0,0,0,0,0,legitimate
0,1.5,1,7,1,1,0,0,1,1,3,1,merchant_substitution
1,0.6006,0,7,0,0,0,0,0,0,0,0,legitimate
1,0.5425,0,9,1,0,0,0,2,0,2,0,legitimate
0,1.5,1,7,1,1,0,0,1,1,3,1,merchant_substitution
1,0.5307,0,7,0,0,0,0,0,0,0,0,legitimate
1,0.8032,0,7,0,0,0,0,0,0,0,0,legitimate
1,0.999,0,7,2,0,1,1,0,1,3,1,subtle_intent_drift
1,0.5855,0,7,0,0,0,0,0,0,0,0,legitimate
1,0.6572,0,7,0,0,0,0,0,0,0,0,legitimate
1,0.8054,0,9,1,0,0,0,2,0,2,0,legitimate
1,0.8388,0,7,0,0,0,0,0,0,0,0,legitimate
1,0.999,0,7,2,0,1,1,0,1,3,1,subtle_intent_drift
1,0.6463,0,7,0,0,0,0,0,0,0,0,legitimate
1,0.6151,0,7,0,0,0,0,0,0,0,0,legitimate
1,0.999,0,7,2,0,1,1,0,1,3,1,subtle_intent_drift
1,0.999,0,7,2,0,1,1,0,1,3,1,subtle_intent_drift
0,1.5,1,7,1,1,0,0,1,1,3,1,merchant_substitution
1,0.999,0,7,2,0,1,1,0,1,3,1,subtle_intent_drift
1,0.6419,0,7,0,0,0,0,0,0,0,0,legitimate
1,0.7781,0,7,0,0,0,0,0,0,0,0,legitimate
0,1.5,1,7,1,1,0,0,1,1,3,1,merchant_substitution
1,0.5198,0,9,1,0,0,0,2,0,2,0,legitimate
1,0.999,0,7,2,0,1,1,0,1,3,1,subtle_intent_drift
1,0.999,0,7,2,0,1,1,0,1,3,1,subtle_intent_drift
1,0.999,0,7,2,0,1,1,0,1,3,1,subtle_intent_drift
1,0.999,0,7,2,0,1,1,0,1,3,1,subtle_intent_drift
1,0.999,0,7,2,0,1,1,0,1,3,1,subtle_intent_drift
0,1.5,1,7,1,1,0,0,1,1,3,1,merchant_substitution
1,0.7308,0,7,0,0,0,0,0,0,0,0,legitimate
0,1.5,1,7,1,1,0,0,1,1,3,1,merchant_substitution
0,1.5,1,7,1,1,0,0,1,1,3,1,merchant_substitution
1,0.8133,0,7,0,0,0,0,0,0,0,0,legitimate
0,1.5,1,7,1,1,0,0,1,1,3,1,merchant_substitution
1,0.5528,0,9,1,0,0,0,2,0,2,0,legitimate
1,0.999,0,7,2,0,1,1,0,1,3,1,subtle_intent_drift
1,0.999,0,7,2,0,1,1,0,1,3,1,subtle_intent_drift
1,0.8441,0,9,1,0,0,0,2,0,2,0,legitimate
1,0.5172,0,7,0,0,0,0,0,0,0,0,legitimate
0,1.5,1,7,1,1,0,0,1,1,3,1,merchant_substitution
1,0.6198,0,9,1,0,0,0,2,0,2,0,legitimate
0,1.5,1,7,1,1,0,0,1,1,3,1,merchant_substitution
1,0.5431,0,7,0,0,0,0,0,0,0,0,legitimate
0,1.5,1,7,1,1,0,0,1,1,3,1,merchant_substitution
1,0.999,0,7,2,0,1,1,0,1,3,1,subtle_intent_drift
1,0.999,0,7,2,0,1,1,0,1,3,1,subtle_intent_drift
1,0.713,0,7,0,0,0,0,0,0,0,0,legitimate
1,0.8241,0,7,0,0,0,0,0,0,0,0,legitimate
1,0.8225,0,7,0,0,0,0,0,0,0,0,legitimate
1,0.999,0,7,2,0,1,1,0,1,3,1,subtle_intent_drift
0,1.5,1,7,1,1,0,0,1,1,3,1,merchant_substitution
0,1.5,1,7,1,1,0,0,1,1,3,1,merchant_substitution
0,1.5,1,7,1,1,0,0,1,1,3,1,merchant_substitution
1,0.999,0,7,2,0,1,1,0,1,3,1,subtle_intent_drift
0,1.5,1,7,1,1,0,0,1,1,3,1,merchant_substitution
1,0.6019,0,7,0,0,0,0,0,0,0,0,legitimate
1,0.5254,0,9,1,0,0,0,2,0,2,0,legitimate
1,0.999,0,7,2,0,1,1,0,1,3,1,subtle_intent_drift
1,0.5127,0,7,0,0,0,0,0,0,0,0,legitimate
0,1.5,1,7,1,1,0,0,1,1,3,1,merchant_substitution
1,0.7901,0,7,0,0,0,0,0,0,0,0,legitimate
1,0.9531,0,9,1,0,0,0,2,0,2,0,legitimate
0,1.5,1,7,1,1,0,0,1,1,3,1,merchant_substitution
1,0.588,0,9,1,0,0,0,2,0,2,0,legitimate
1,0.6932,0,7,0,0,0,0,0,0,0,0,legitimate
0,1.5,1,7,1,1,0,0,1,1,3,1,merchant_substitution
0,1.5,1,7,1,1,0,0,1,1,3,1,merchant_substitution
0,1.5,1,7,1,1,0,0,1,1,3,1,merchant_substitution
1,0.8115,0,7,0,0,0,0,0,0,0,0,legitimate
1,0.6304,0,7,0,0,0,0,0,0,0,0,legitimate
1,0.999,0,7,2,0,1,1,0,1,3,1,subtle_intent_drift
1,0.999,0,7,2,0,1,1,0,1,3,1,subtle_intent_drift
1,0.999,0,7,2,0,1,1,0,1,3,1,subtle_intent_drift
1,0.8712,0,7,0,0,0,0,0,0,0,0,legitimate
1,0.5772,0,7,0,0,0,0,0,0,0,0,legitimate
1,0.8556,0,7,0,0,0,0,0,0,0,0,legitimate
1,0.7957,0,7,0,0,0,0,0,0,0,0,legitimate
1,0.999,0,7,2,0,1,1,0,1,3,1,subtle_intent_drift
1,0.8589,0,7,0,0,0,0,0,0,0,0,legitimate
1,0.999,0,7,2,0,1,1,0,1,3,1,subtle_intent_drift
0,1.5,1,7,1,1,0,0,1,1,3,1,merchant_substitution
0,1.5,1,7,1,1,0,0,1,1,3,1,merchant_substitution
1,0.5423,0,7,0,0,0,0,0,0,0,0,legitimate
1,0.7994,0,9,1,0,0,0,2,0,2,0,legitimate
1,0.8996,0,9,1,0,0,0,2,0,2,0,legitimate
1,0.8269,0,7,0,0,0,0,0,0,0,0,legitimate
1,0.7801,0,7,0,0,0,0,0,0,0,0,legitimate
1,0.8394,0,7,0,0,0,0,0,0,0,0,legitimate
1,0.999,0,7,2,0,1,1,0,1,3,1,subtle_intent_drift
1,0.999,0,7,2,0,1,1,0,1,3,1,subtle_intent_drift
1,0.999,0,7,2,0,1,1,0,1,3,1,subtle_intent_drift
1,0.6392,0,9,1,0,0,0,2,0,2,0,legitimate
1,0.5825,0,7,0,0,0,0,0,0,0,0,legitimate
0,1.5,1,7,1,1,0,0,1,1,3,1,merchant_substitution
1,0.7284,0,7,0,0,0,0,0,0,0,0,legitimate
1,0.7972,0,7,0,0,0,0,0,0,0,0,legitimate
1,0.8487,0,7,0,0,0,0,0,0,0,0,legitimate
1,0.999,0,7,2,0,1,1,0,1,3,1,subtle_intent_drift
1,0.999,0,7,2,0,1,1,0,1,3,1,subtle_intent_drift
0,1.5,1,7,1,1,0,0,1,1,3,1,merchant_substitution
1,0.789,0,9,1,0,0,0,2,0,2,0,legitimate
1,0.9299,0,7,0,0,0,0,0,0,0,0,legitimate
1,0.999,0,7,2,0,1,1,0,1,3,1,subtle_intent_drift
0,1.5,1,7,1,1,0,0,1,1,3,1,merchant_substitution
1,0.5388,0,7,0,0,0,0,0,0,0,0,legitimate
1,0.7083,0,7,0,0,0,0,0,0,0,0,legitimate
1,0.999,0,7,2,0,1,1,0,1,3,1,subtle_intent_drift
1,0.999,0,7,2,0,1,1,0,1,3,1,subtle_intent_drift
1,0.8492,0,7,0,0,0,0,0,0,0,0,legitimate
0,1.5,1,7,1,1,0,0,1,1,3,1,merchant_substitution
1,0.999,0,7,2,0,1,1,0,1,3,1,subtle_intent_drift
1,0.9566,0,7,0,0,0,0,0,0,0,0,legitimate
1,0.5421,0,9,1,0,0,0,2,0,2,0,legitimate
0,1.5,1,7,1,1,0,0,1,1,3,1,merchant_substitution
1,0.6761,0,7,0,0,0,0,0,0,0,0,legitimate
1,0.999,0,7,2,0,1,1,0,1,3,1,subtle_intent_drift
1,0.6889,0,7,0,0,0,0,0,0,0,0,legitimate
1,0.999,0,7,2,0,1,1,0,1,3,1,subtle_intent_drift
1,0.7113,0,7,0,0,0,0,0,0,0,0,legitimate
1,0.8186,0,7,0,0,0,0,0,0,0,0,legitimate
1,0.999,0,7,2,0,1,1,0,1,3,1,subtle_intent_drift
1,0.8887,0,7,0,0,0,0,0,0,0,0,legitimate
1,0.7787,0,7,0,0,0,0,0,0,0,0,legitimate
1,0.7676,0,7,0,0,0,0,0,0,0,0,legitimate
1,0.999,0,7,2,0,1,1,0,1,3,1,subtle_intent_drift
1,0.7842,0,9,1,0,0,0,2,0,2,0,legitimate
0,1.5,1,7,1,1,0,0,1,1,3,1,merchant_substitution
1,0.6811,0,7,0,0,0,0,0,0,0,0,legitimate
0,1.5,1,7,1,1,0,0,1,1,3,1,merchant_substitution
1,0.7587,0,9,1,0,0,0,2,0,2,0,legitimate
1,0.6139,0,7,0,0,0,0,0,0,0,0,legitimate
0,1.5,1,7,1,1,0,0,1,1,3,1,merchant_substitution
0,1.5,1,7,1,1,0,0,1,1,3,1,merchant_substitution
1,0.999,0,7,2,0,1,1,0,1,3,1,subtle_intent_drift
1,0.8322,0,7,0,0,0,0,0,0,0,0,legitimate
1,0.7208,0,7,0,0,0,0,0,0,0,0,legitimate
0,1.5,1,7,1,1,0,0,1,1,3,1,merchant_substitution
1,0.8367,0,7,0,0,0,0,0,0,0,0,legitimate
1,0.6675,0,9,1,0,0,0,2,0,2,0,legitimate
1,0.5436,0,7,0,0,0,0,0,0,0,0,legitimate
1,0.999,0,7,2,0,1,1,0,1,3,1,subtle_intent_drift
1,0.7037,0,7,0,0,0,0,0,0,0,0,legitimate
0,1.5,1,7,1,1,0,0,1,1,3,1,merchant_substitution
1,0.9619,0,9,1,0,0,0,2,0,2,0,legitimate
1,0.999,0,7,2,0,1,1,0,1,3,1,subtle_intent_drift
1,0.9717,0,9,1,0,0,0,2,0,2,0,legitimate
0,1.5,1,7,1,1,0,0,1,1,3,1,merchant_substitution
0,1.5,1,7,1,1,0,0,1,1,3,1,merchant_substitution
1,0.999,0,7,2,0,1,1,0,1,3,1,subtle_intent_drift
1,0.999,0,7,2,0,1,1,0,1,3,1,subtle_intent_drift
1,0.9102,0,9,1,0,0,0,2,0,2,0,legitimate
0,1.5,1,7,1,1,0,0,1,1,3,1,merchant_substitution
0,1.5,1,7,1,1,0,0,1,1,3,1,merchant_substitution
1,0.999,0,7,2,0,1,1,0,1,3,1,subtle_intent_drift
1,0.7164,0,7,0,0,0,0,0,0,0,0,legitimate
0,1.5,1,7,1,1,0,0,1,1,3,1,merchant_substitution
1,0.9136,0,7,0,0,0,0,0,0,0,0,legitimate
1,0.7331,0,9,1,0,0,0,2,0,2,0,legitimate
1,0.5005,0,7,0,0,0,0,0,0,0,0,legitimate
1,0.5353,0,7,0,0,0,0,0,0,0,0,legitimate
1,0.999,0,7,2,0,1,1,0,1,3,1,subtle_intent_drift
1,0.999,0,7,2,0,1,1,0,1,3,1,subtle_intent_drift
1,0.6889,0,9,1,0,0,0,2,0,2,0,legitimate
1,0.9471,0,7,0,0,0,0,0,0,0,0,legitimate
1,0.5833,0,9,1,0,0,0,2,0,2,0,legitimate
0,1.5,1,7,1,1,0,0,1,1,3,1,merchant_substitution
1,0.6617,0,9,1,0,0,0,2,0,2,0,legitimate
1,0.9246,0,7,0,0,0,0,0,0,0,0,legitimate
1,0.5568,0,9,1,0,0,0,2,0,2,0,legitimate
1,0.9468,0,9,1,0,0,0,2,0,2,0,legitimate
1,0.9153,0,9,1,0,0,0,2,0,2,0,legitimate
0,1.5,1,7,1,1,0,0,1,1,3,1,merchant_substitution
1,0.7422,0,9,1,0,0,0,2,0,2,0,legitimate
1,0.999,0,7,2,0,1,1,0,1,3,1,subtle_intent_drift
0,1.5,1,7,1,1,0,0,1,1,3,1,merchant_substitution
0,1.5,1,7,1,1,0,0,1,1,3,1,merchant_substitution
1,0.999,0,7,2,0,1,1,0,1,3,1,subtle_intent_drift
0,1.5,1,7,1,1,0,0,1,1,3,1,merchant_substitution
1,0.6637,0,7,0,0,0,0,0,0,0,0,legitimate
1,0.5796,0,7,0,0,0,0,0,0,0,0,legitimate
1,0.7013,0,7,0,0,0,0,0,0,0,0,legitimate
1,0.864,0,7,0,0,0,0,0,0,0,0,legitimate
0,1.5,1,7,1,1,0,0,1,1,3,1,merchant_substitution
0,1.5,1,7,1,1,0,0,1,1,3,1,merchant_substitution
1,0.746,0,7,0,0,0,0,0,0,0,0,legitimate
1,0.707,0,9,1,0,0,0,2,0,2,0,legitimate
1,0.7689,0,7,0,0,0,0,0,0,0,0,legitimate
1,0.9461,0,9,1,0,0,0,2,0,2,0,legitimate
0,1.5,1,7,1,1,0,0,1,1,3,1,merchant_substitution
1,0.7086,0,7,0,0,0,0,0,0,0,0,legitimate
1,0.8959,0,7,0,0,0,0,0,0,0,0,legitimate
1,0.999,0,7,2,0,1,1,0,1,3,1,subtle_intent_drift
1,0.7271,0,7,0,0,0,0,0,0,0,0,legitimate
1,0.999,0,7,2,0,1,1,0,1,3,1,subtle_intent_drift
1,0.999,0,7,2,0,1,1,0,1,3,1,subtle_intent_drift
0,1.5,1,7,1,1,0,0,1,1,3,1,merchant_substitution
1,0.999,0,7,2,0,1,1,0,1,3,1,subtle_intent_drift
0,1.5,1,7,1,1,0,0,1,1,3,1,merchant_substitution
0,1.5,1,7,1,1,0,0,1,1,3,1,merchant_substitution
1,0.999,0,7,2,0,1,1,0,1,3,1,subtle_intent_drift
1,0.5068,0,7,0,0,0,0,0,0,0,0,legitimate
0,1.5,1,7,1,1,0,0,1,1,3,1,merchant_substitution
1,0.6331,0,7,0,0,0,0,0,0,0,0,legitimate
1,0.9005,0,9,1,0,0,0,2,0,2,0,legitimate
1,0.7621,0,7,0,0,0,0,0,0,0,0,legitimate
0,1.5,1,7,1,1,0,0,1,1,3,1,merchant_substitution
1,0.87,0,7,0,0,0,0,0,0,0,0,legitimate
0,1.5,1,7,1,1,0,0,1,1,3,1,merchant_substitution
1,0.999,0,7,2,0,1,1,0,1,3,1,subtle_intent_drift
1,0.8742,0,7,0,0,0,0,0,0,0,0,legitimate
1,0.5377,0,9,1,0,0,0,2,0,2,0,legitimate
1,0.999,0,7,2,0,1,1,0,1,3,1,subtle_intent_drift
1,0.6942,0,9,1,0,0,0,2,0,2,0,legitimate
0,1.5,1,7,1,1,0,0,1,1,3,1,merchant_substitution
1,0.5237,0,7,0,0,0,0,0,0,0,0,legitimate
1,0.999,0,7,2,0,1,1,0,1,3,1,subtle_intent_drift
0,1.5,1,7,1,1,0,0,1,1,3,1,merchant_substitution
1,0.6166,0,7,0,0,0,0,0,0,0,0,legitimate
0,1.5,1,7,1,1,0,0,1,1,3,1,merchant_substitution
0,1.5,1,7,1,1,0,0,1,1,3,1,merchant_substitution
1,0.7437,0,7,0,0,0,0,0,0,0,0,legitimate
1,0.8768,0,7,0,0,0,0,0,0,0,0,legitimate
1,0.999,0,7,2,0,1,1,0,1,3,1,subtle_intent_drift
1,0.8054,0,7,0,0,0,0,0,0,0,0,legitimate
1,0.8879,0,7,0,0,0,0,0,0,0,0,legitimate
1,0.999,0,7,2,0,1,1,0,1,3,1,subtle_intent_drift
0,1.5,1,7,1,1,0,0,1,1,3,1,merchant_substitution
0,1.5,1,7,1,1,0,0,1,1,3,1,merchant_substitution
1,0.999,0,7,2,0,1,1,0,1,3,1,subtle_intent_drift
1,0.6278,0,7,0,0,0,0,0,0,0,0,legitimate
1,0.9517,0,7,0,0,0,0,0,0,0,0,legitimate
0,1.5,1,7,1,1,0,0,1,1,3,1,merchant_substitution
1,0.5504,0,9,1,0,0,0,2,0,2,0,legitimate
0,1.5,1,7,1,1,0,0,1,1,3,1,merchant_substitution
1,0.9758,0,7,0,0,0,0,0,0,0,0,legitimate
1,0.5998,0,9,1,0,0,0,2,0,2,0,legitimate
1,0.5518,0,7,0,0,0,0,0,0,0,0,legitimate
0,1.5,1,7,1,1,0,0,1,1,3,1,merchant_substitution
1,0.5168,0,9,1,0,0,0,2,0,2,0,legitimate
1,0.8926,0,9,1,0,0,0,2,0,2,0,legitimate
1,0.999,0,7,2,0,1,1,0,1,3,1,subtle_intent_drift
1,0.8847,0,9,1,0,0,0,2,0,2,0,legitimate
1,0.7524,0,7,0,0,0,0,0,0,0,0,legitimate
1,0.8001,0,9,1,0,0,0,2,0,2,0,legitimate
1,0.6176,0,7,0,0,0,0,0,0,0,0,legitimate
1,0.6594,0,7,0,0,0,0,0,0,0,0,legitimate
1,0.999,0,7,2,0,1,1,0,1,3,1,subtle_intent_drift
1,0.7369,0,7,0,0,0,0,0,0,0,0,legitimate
1,0.999,0,7,2,0,1,1,0,1,3,1,subtle_intent_drift
1,0.7191,0,7,0,0,0,0,0,0,0,0,legitimate
1,0.9476,0,7,0,0,0,0,0,0,0,0,legitimate
1,0.9328,0,7,0,0,0,0,0,0,0,0,legitimate
1,0.7803,0,9,1,0,0,0,2,0,2,0,legitimate
1,0.9286,0,9,1,0,0,0,2,0,2,0,legitimate
1,0.5616,0,9,1,0,0,0,2,0,2,0,legitimate
1,0.999,0,7,2,0,1,1,0,1,3,1,subtle_intent_drift
1,0.8673,0,9,1,0,0,0,2,0,2,0,legitimate
0,1.5,1,7,1,1,0,0,1,1,3,1,merchant_substitution
1,0.999,0,7,2,0,1,1,0,1,3,1,subtle_intent_drift
0,1.5,1,7,1,1,0,0,1,1,3,1,merchant_substitution
1,0.5223,0,7,0,0,0,0,0,0,0,0,legitimate
1,0.999,0,7,2,0,1,1,0,1,3,1,subtle_intent_drift
0,1.5,1,7,1,1,0,0,1,1,3,1,merchant_substitution
1,0.999,0,7,2,0,1,1,0,1,3,1,subtle_intent_drift
1,0.8169,0,7,0,0,0,0,0,0,0,0,legitimate
1,0.9343,0,7,0,0,0,0,0,0,0,0,legitimate
0,1.5,1,7,1,1,0,0,1,1,3,1,merchant_substitution
0,1.5,1,7,1,1,0,0,1,1,3,1,merchant_substitution
0,1.5,1,7,1,1,0,0,1,1,3,1,merchant_substitution
0,1.5,1,7,1,1,0,0,1,1,3,1,merchant_substitution
1,0.8798,0,7,0,0,0,0,0,0,0,0,legitimate
0,1.5,1,7,1,1,0,0,1,1,3,1,merchant_substitution
1,0.7044,0,7,0,0,0,0,0,0,0,0,legitimate
1,0.6949,0,7,0,0,0,0,0,0,0,0,legitimate
1,0.5329,0,7,0,0,0,0,0,0,0,0,legitimate
1,0.999,0,7,2,0,1,1,0,1,3,1,subtle_intent_drift
1,0.6501,0,9,1,0,0,0,2,0,2,0,legitimate
0,1.5,1,7,1,1,0,0,1,1,3,1,merchant_substitution
1,0.999,0,7,2,0,1,1,0,1,3,1,subtle_intent_drift
1,0.6233,0,7,0,0,0,0,0,0,0,0,legitimate
1,0.999,0,7,2,0,1,1,0,1,3,1,subtle_intent_drift
0,1.5,1,7,1,1,0,0,1,1,3,1,merchant_substitution
0,1.5,1,7,1,1,0,0,1,1,3,1,merchant_substitution
1,0.5973,0,9,1,0,0,0,2,0,2,0,legitimate
1,0.775,0,9,1,0,0,0,2,0,2,0,legitimate
1,0.9224,0,7,0,0,0,0,0,0,0,0,legitimate
1,0.999,0,7,2,0,1,1,0,1,3,1,subtle_intent_drift
0,1.5,1,7,1,1,0,0,1,1,3,1,merchant_substitution
1,0.7144,0,7,0,0,0,0,0,0,0,0,legitimate
1,0.897,0,7,0,0,0,0,0,0,0,0,legitimate
0,1.5,1,7,1,1,0,0,1,1,3,1,merchant_substitution
1,0.7718,0,9,1,0,0,0,2,0,2,0,legitimate
1,0.8295,0,7,0,0,0,0,0,0,0,0,legitimate
0,1.5,1,7,1,1,0,0,1,1,3,1,merchant_substitution
1,0.745,0,7,0,0,0,0,0,0,0,0,legitimate
0,1.5,1,7,1,1,0,0,1,1,3,1,merchant_substitution
0,1.5,1,7,1,1,0,0,1,1,3,1,merchant_substitution
1,0.6178,0,9,1,0,0,0,2,0,2,0,legitimate
0,1.5,1,7,1,1,0,0,1,1,3,1,merchant_substitution
1,0.585,0,7,0,0,0,0,0,0,0,0,legitimate
1,0.999,0,7,2,0,1,1,0,1,3,1,subtle_intent_drift
1,0.6564,0,7,0,0,0,0,0,0,0,0,legitimate
1,0.5981,0,7,0,0,0,0,0,0,0,0,legitimate
1,0.7234,0,9,1,0,0,0,2,0,2,0,legitimate
1,0.999,0,7,2,0,1,1,0,1,3,1,subtle_intent_drift
1,0.999,0,7,2,0,1,1,0,1,3,1,subtle_intent_drift
0,1.5,1,7,1,1,0,0,1,1,3,1,merchant_substitution
1,0.999,0,7,2,0,1,1,0,1,3,1,subtle_intent_drift
1,0.7173,0,7,0,0,0,0,0,0,0,0,legitimate
1,0.6468,0,9,1,0,0,0,2,0,2,0,legitimate
1,0.999,0,7,2,0,1,1,0,1,3,1,subtle_intent_drift
1,0.5776,0,7,0,0,0,0,0,0,0,0,legitimate
1,0.5734,0,7,0,0,0,0,0,0,0,0,legitimate
1,0.9225,0,7,0,0,0,0,0,0,0,0,legitimate
0,1.5,1,7,1,1,0,0,1,1,3,1,merchant_substitution
1,0.9081,0,7,0,0,0,0,0,0,0,0,legitimate
0,1.5,1,7,1,1,0,0,1,1,3,1,merchant_substitution
1,0.8002,0,9,1,0,0,0,2,0,2,0,legitimate
0,1.5,1,7,1,1,0,0,1,1,3,1,merchant_substitution
1,0.8433,0,7,0,0,0,0,0,0,0,0,legitimate
0,1.5,1,7,1,1,0,0,1,1,3,1,merchant_substitution
1,0.5001,0,7,0,0,0,0,0,0,0,0,legitimate
1,0.999,0,7,2,0,1,1,0,1,3,1,subtle_intent_drift
1,0.999,0,7,2,0,1,1,0,1,3,1,subtle_intent_drift
1,0.9126,0,7,0,0,0,0,0,0,0,0,legitimate
1,0.5414,0,9,1,0,0,0,2,0,2,0,legitimate
1,0.999,0,7,2,0,1,1,0,1,3,1,subtle_intent_drift
1,0.64,0,9,1,0,0,0,2,0,2,0,legitimate
0,1.5,1,7,1,1,0,0,1,1,3,1,merchant_substitution
1,0.98,0,9,1,0,0,0,2,0,2,0,legitimate
1,0.7301,0,7,0,0,0,0,0,0,0,0,legitimate
1,0.6605,0,7,0,0,0,0,0,0,0,0,legitimate
1,0.667,0,7,0,0,0,0,0,0,0,0,legitimate
1,0.6609,0,7,0,0,0,0,0,0,0,0,legitimate
0,1.5,1,7,1,1,0,0,1,1,3,1,merchant_substitution
0,1.5,1,7,1,1,0,0,1,1,3,1,merchant_substitution
1,0.9454,0,9,1,0,0,0,2,0,2,0,legitimate
1,0.999,0,7,2,0,1,1,0,1,3,1,subtle_intent_drift
1,0.733,0,7,0,0,0,0,0,0,0,0,legitimate
0,1.5,1,7,1,1,0,0,1,1,3,1,merchant_substitution
1,0.999,0,7,2,0,1,1,0,1,3,1,subtle_intent_drift
1,0.999,0,7,2,0,1,1,0,1,3,1,subtle_intent_drift
1,0.7309,0,9,1,0,0,0,2,0,2,0,legitimate
1,0.6576,0,7,0,0,0,0,0,0,0,0,legitimate
0,1.5,1,7,1,1,0,0,1,1,3,1,merchant_substitution
1,0.999,0,7,2,0,1,1,0,1,3,1,subtle_intent_drift
1,0.5178,0,9,1,0,0,0,2,0,2,0,legitimate
1,0.999,0,7,2,0,1,1,0,1,3,1,subtle_intent_drift
1,0.999,0,7,2,0,1,1,0,1,3,1,subtle_intent_drift
1,0.7217,0,7,0,0,0,0,0,0,0,0,legitimate
1,0.5473,0,9,1,0,0,0,2,0,2,0,legitimate
1,0.541,0,7,0,0,0,0,0,0,0,0,legitimate
1,0.999,0,7,2,0,1,1,0,1,3,1,subtle_intent_drift
0,1.5,1,7,1,1,0,0,1,1,3,1,merchant_substitution
0,1.5,1,7,1,1,0,0,1,1,3,1,merchant_substitution
0,1.5,1,7,1,1,0,0,1,1,3,1,merchant_substitution
1,0.887,0,7,0,0,0,0,0,0,0,0,legitimate
0,1.5,1,7,1,1,0,0,1,1,3,1,merchant_substitution
1,0.8747,0,9,1,0,0,0,2,0,2,0,legitimate
1,0.5286,0,9,1,0,0,0,2,0,2,0,legitimate
1,0.9423,0,9,1,0,0,0,2,0,2,0,legitimate
1,0.999,0,7,2,0,1,1,0,1,3,1,subtle_intent_drift
1,0.8464,0,7,0,0,0,0,0,0,0,0,legitimate
0,1.5,1,7,1,1,0,0,1,1,3,1,merchant_substitution
0,1.5,1,7,1,1,0,0,1,1,3,1,merchant_substitution
0,1.5,1,7,1,1,0,0,1,1,3,1,merchant_substitution
1,0.6619,0,7,0,0,0,0,0,0,0,0,legitimate
1,0.8756,0,7,0,0,0,0,0,0,0,0,legitimate
0,1.5,1,7,1,1,0,0,1,1,3,1,merchant_substitution
1,0.999,0,7,2,0,1,1,0,1,3,1,subtle_intent_drift
1,0.999,0,7,2,0,1,1,0,1,3,1,subtle_intent_drift
0,1.5,1,7,1,1,0,0,1,1,3,1,merchant_substitution
1,0.8276,0,7,0,0,0,0,0,0,0,0,legitimate
1,0.576,0,7,0,0,0,0,0,0,0,0,legitimate
0,1.5,1,7,1,1,0,0,1,1,3,1,merchant_substitution
0,1.5,1,7,1,1,0,0,1,1,3,1,merchant_substitution
0,1.5,1,7,1,1,0,0,1,1,3,1,merchant_substitution
0,1.5,1,7,1,1,0,0,1,1,3,1,merchant_substitution
1,0.9232,0,7,0,0,0,0,0,0,0,0,legitimate
0,1.5,1,7,1,1,0,0,1,1,3,1,merchant_substitution
0,1.5,1,7,1,1,0,0,1,1,3,1,merchant_substitution
0,1.5,1,7,1,1,0,0,1,1,3,1,merchant_substitution
1,0.999,0,7,2,0,1,1,0,1,3,1,subtle_intent_drift
1,0.999,0,7,2,0,1,1,0,1,3,1,subtle_intent_drift
1,0.6935,0,7,0,0,0,0,0,0,0,0,legitimate
0,1.5,1,7,1,1,0,0,1,1,3,1,merchant_substitution
1,0.999,0,7,2,0,1,1,0,1,3,1,subtle_intent_drift
1,0.999,0,7,2,0,1,1,0,1,3,1,subtle_intent_drift
0,1.5,1,7,1,1,0,0,1,1,3,1,merchant_substitution
0,1.5,1,7,1,1,0,0,1,1,3,1,merchant_substitution
1,0.9764,0,7,0,0,0,0,0,0,0,0,legitimate
1,0.6694,0,9,1,0,0,0,2,0,2,0,legitimate
1,0.8781,0,7,0,0,0,0,0,0,0,0,legitimate
0,1.5,1,7,1,1,0,0,1,1,3,1,merchant_substitution
1,0.999,0,7,2,0,1,1,0,1,3,1,subtle_intent_drift
1,0.8237,0,9,1,0,0,0,2,0,2,0,legitimate
0,1.5,1,7,1,1,0,0,1,1,3,1,merchant_substitution
0,1.5,1,7,1,1,0,0,1,1,3,1,merchant_substitution
0,1.5,1,7,1,1,0,0,1,1,3,1,merchant_substitution
1,0.6475,0,9,1,0,0,0,2,0,2,0,legitimate
1,0.5206,0,7,0,0,0,0,0,0,0,0,legitimate
0,1.5,1,7,1,1,0,0,1,1,3,1,merchant_substitution
1,0.9297,0,7,0,0,0,0,0,0,0,0,legitimate
0,1.5,1,7,1,1,0,0,1,1,3,1,merchant_substitution
1,0.999,0,7,2,0,1,1,0,1,3,1,subtle_intent_drift
1,0.574,0,7,0,0,0,0,0,0,0,0,legitimate
1,0.999,0,7,2,0,1,1,0,1,3,1,subtle_intent_drift
1,0.999,0,7,2,0,1,1,0,1,3,1,subtle_intent_drift
0,1.5,1,7,1,1,0,0,1,1,3,1,merchant_substitution
1,0.999,0,7,2,0,1,1,0,1,3,1,subtle_intent_drift
1,0.8067,0,7,0,0,0,0,0,0,0,0,legitimate
1,0.999,0,7,2,0,1,1,0,1,3,1,subtle_intent_drift
0,1.5,1,7,1,1,0,0,1,1,3,1,merchant_substitution
1,0.7728,0,9,1,0,0,0,2,0,2,0,legitimate
0,1.5,1,7,1,1,0,0,1,1,3,1,merchant_substitution
0,1.5,1,7,1,1,0,0,1,1,3,1,merchant_substitution
1,0.661,0,9,1,0,0,0,2,0,2,0,legitimate
1,0.5168,0,7,0,0,0,0,0,0,0,0,legitimate
1,0.6658,0,9,1,0,0,0,2,0,2,0,legitimate
1,0.999,0,7,2,0,1,1,0,1,3,1,subtle_intent_drift
0,1.5,1,7,1,1,0,0,1,1,3,1,merchant_substitution
0,1.5,1,7,1,1,0,0,1,1,3,1,merchant_substitution
1,0.7103,0,9,1,0,0,0,2,0,2,0,legitimate
1,0.6928,0,9,1,0,0,0,2,0,2,0,legitimate
1,0.6351,0,7,0,0,0,0,0,0,0,0,legitimate
1,0.999,0,7,2,0,1,1,0,1,3,1,subtle_intent_drift
1,0.7865,0,7,0,0,0,0,0,0,0,0,legitimate
0,1.5,1,7,1,1,0,0,1,1,3,1,merchant_substitution
0,1.5,1,7,1,1,0,0,1,1,3,1,merchant_substitution
0,1.5,1,7,1,1,0,0,1,1,3,1,merchant_substitution
1,0.8209,0,9,1,0,0,0,2,0,2,0,legitimate
1,0.999,0,7,2,0,1,1,0,1,3,1,subtle_intent_drift
1,0.9036,0,7,0,0,0,0,0,0,0,0,legitimate
1,0.7122,0,7,0,0,0,0,0,0,0,0,legitimate
1,0.933,0,9,1,0,0,0,2,0,2,0,legitimate
0,1.5,1,7,1,1,0,0,1,1,3,1,merchant_substitution
1,0.999,0,7,2,0,1,1,0,1,3,1,subtle_intent_drift
0,1.5,1,7,1,1,0,0,1,1,3,1,merchant_substitution
0,1.5,1,7,1,1,0,0,1,1,3,1,merchant_substitution
0,1.5,1,7,1,1,0,0,1,1,3,1,merchant_substitution
0,1.5,1,7,1,1,0,0,1,1,3,1,merchant_substitution
1,0.999,0,7,2,0,1,1,0,1,3,1,subtle_intent_drift
1,0.999,0,7,2,0,1,1,0,1,3,1,subtle_intent_drift
1,0.8566,0,7,0,0,0,0,0,0,0,0,legitimate
1,0.8757,0,7,0,0,0,0,0,0,0,0,legitimate
1,0.9538,0,9,1,0,0,0,2,0,2,0,legitimate
1,0.8402,0,7,0,0,0,0,0,0,0,0,legitimate
0,1.5,1,7,1,1,0,0,1,1,3,1,merchant_substitution
1,0.999,0,7,2,0,1,1,0,1,3,1,subtle_intent_drift
0,1.5,1,7,1,1,0,0,1,1,3,1,merchant_substitution
1,0.999,0,7,2,0,1,1,0,1,3,1,subtle_intent_drift
1,0.8327,0,9,1,0,0,0,2,0,2,0,legitimate
1,0.661,0,7,0,0,0,0,0,0,0,0,legitimate
0,1.5,1,7,1,1,0,0,1,1,3,1,merchant_substitution
0,1.5,1,7,1,1,0,0,1,1,3,1,merchant_substitution
1,0.6908,0,9,1,0,0,0,2,0,2,0,legitimate
0,1.5,1,7,1,1,0,0,1,1,3,1,merchant_substitution
1,0.9077,0,7,0,0,0,0,0,0,0,0,legitimate
1,0.6268,0,7,0,0,0,0,0,0,0,0,legitimate
1,0.6275,0,9,1,0,0,0,2,0,2,0,legitimate
1,0.6727,0,7,0,0,0,0,0,0,0,0,legitimate
1,0.7689,0,7,0,0,0,0,0,0,0,0,legitimate
1,0.95,0,9,1,0,0,0,2,0,2,0,legitimate
1,0.7176,0,7,0,0,0,0,0,0,0,0,legitimate
0,1.5,1,7,1,1,0,0,1,1,3,1,merchant_substitution
1,0.999,0,7,2,0,1,1,0,1,3,1,subtle_intent_drift
1,0.7037,0,9,1,0,0,0,2,0,2,0,legitimate
1,0.7348,0,7,0,0,0,0,0,0,0,0,legitimate
1,0.999,0,7,2,0,1,1,0,1,3,1,subtle_intent_drift
1,0.8948,0,9,1,0,0,0,2,0,2,0,legitimate
0,1.5,1,7,1,1,0,0,1,1,3,1,merchant_substitution
0,1.5,1,7,1,1,0,0,1,1,3,1,merchant_substitution
1,0.7619,0,9,1,0,0,0,2,0,2,0,legitimate
0,1.5,1,7,1,1,0,0,1,1,3,1,merchant_substitution
1,0.6039,0,7,0,0,0,0,0,0,0,0,legitimate
0,1.5,1,7,1,1,0,0,1,1,3,1,merchant_substitution
0,1.5,1,7,1,1,0,0,1,1,3,1,merchant_substitution
1,0.9067,0,7,0,0,0,0,0,0,0,0,legitimate
1,0.999,0,7,2,0,1,1,0,1,3,1,subtle_intent_drift
0,1.5,1,7,1,1,0,0,1,1,3,1,merchant_substitution
0,1.5,1,7,1,1,0,0,1,1,3,1,merchant_substitution
1,0.52,0,9,1,0,0,0,2,0,2,0,legitimate
1,0.9599,0,9,1,0,0,0,2,0,2,0,legitimate
1,0.7981,0,7,0,0,0,0,0,0,0,0,legitimate
1,0.999,0,7,2,0,1,1,0,1,3,1,subtle_intent_drift
0,1.5,1,7,1,1,0,0,1,1,3,1,merchant_substitution
0,1.5,1,7,1,1,0,0,1,1,3,1,merchant_substitution
1,0.8903,0,9,1,0,0,0,2,0,2,0,legitimate
1,0.999,0,7,2,0,1,1,0,1,3,1,subtle_intent_drift
1,0.5443,0,7,0,0,0,0,0,0,0,0,legitimate
1,0.5879,0,7,0,0,0,0,0,0,0,0,legitimate
1,0.8479,0,7,0,0,0,0,0,0,0,0,legitimate
0,1.5,1,7,1,1,0,0,1,1,3,1,merchant_substitution
1,0.9604,0,9,1,0,0,0,2,0,2,0,legitimate
1,0.5778,0,7,0,0,0,0,0,0,0,0,legitimate
1,0.788,0,9,1,0,0,0,2,0,2,0,legitimate
1,0.9036,0,7,0,0,0,0,0,0,0,0,legitimate
1,0.9334,0,7,0,0,0,0,0,0,0,0,legitimate
0,1.5,1,7,1,1,0,0,1,1,3,1,merchant_substitution
0,1.5,1,7,1,1,0,0,1,1,3,1,merchant_substitution
1,0.8046,0,9,1,0,0,0,2,0,2,0,legitimate
1,0.8901,0,7,0,0,0,0,0,0,0,0,legitimate
1,0.893,0,9,1,0,0,0,2,0,2,0,legitimate
1,0.999,0,7,2,0,1,1,0,1,3,1,subtle_intent_drift
1,0.9198,0,7,0,0,0,0,0,0,0,0,legitimate
0,1.5,1,7,1,1,0,0,1,1,3,1,merchant_substitution
1,0.6796,0,7,0,0,0,0,0,0,0,0,legitimate
1,0.6587,0,7,0,0,0,0,0,0,0,0,legitimate
1,0.999,0,7,2,0,1,1,0,1,3,1,subtle_intent_drift
1,0.999,0,7,2,0,1,1,0,1,3,1,subtle_intent_drift
1,0.5286,0,7,0,0,0,0,0,0,0,0,legitimate
0,1.5,1,7,1,1,0,0,1,1,3,1,merchant_substitution
1,0.8866,0,9,1,0,0,0,2,0,2,0,legitimate
0,1.5,1,7,1,1,0,0,1,1,3,1,merchant_substitution
1,0.7861,0,7,0,0,0,0,0,0,0,0,legitimate
1,0.999,0,7,2,0,1,1,0,1,3,1,subtle_intent_drift
1,0.999,0,7,2,0,1,1,0,1,3,1,subtle_intent_drift
1,0.9403,0,7,0,0,0,0,0,0,0,0,legitimate
1,0.6883,0,9,1,0,0,0,2,0,2,0,legitimate
0,1.5,1,7,1,1,0,0,1,1,3,1,merchant_substitution
1,0.999,0,7,2,0,1,1,0,1,3,1,subtle_intent_drift
1,0.6538,0,7,0,0,0,0,0,0,0,0,legitimate
1,0.6092,0,7,0,0,0,0,0,0,0,0,legitimate
0,1.5,1,7,1,1,0,0,1,1,3,1,merchant_substitution
1,0.748,0,7,0,0,0,0,0,0,0,0,legitimate
1,0.5048,0,9,1,0,0,0,2,0,2,0,legitimate
0,1.5,1,7,1,1,0,0,1,1,3,1,merchant_substitution
0,1.5,1,7,1,1,0,0,1,1,3,1,merchant_substitution
1,0.5495,0,7,0,0,0,0,0,0,0,0,legitimate
1,0.5303,0,7,0,0,0,0,0,0,0,0,legitimate
0,1.5,1,7,1,1,0,0,1,1,3,1,merchant_substitution
1,0.6211,0,9,1,0,0,0,2,0,2,0,legitimate
1,0.999,0,7,2,0,1,1,0,1,3,1,subtle_intent_drift
1,0.862,0,9,1,0,0,0,2,0,2,0,legitimate
1,0.999,0,7,2,0,1,1,0,1,3,1,subtle_intent_drift
1,0.5559,0,9,1,0,0,0,2,0,2,0,legitimate
1,0.8676,0,9,1,0,0,0,2,0,2,0,legitimate
1,0.7129,0,7,0,0,0,0,0,0,0,0,legitimate
1,0.6108,0,7,0,0,0,0,0,0,0,0,legitimate
1,0.999,0,7,2,0,1,1,0,1,3,1,subtle_intent_drift
1,0.7772,0,7,0,0,0,0,0,0,0,0,legitimate
1,0.9688,0,7,0,0,0,0,0,0,0,0,legitimate
1,0.6051,0,7,0,0,0,0,0,0,0,0,legitimate
1,0.8452,0,7,0,0,0,0,0,0,0,0,legitimate
1,0.9641,0,7,0,0,0,0,0,0,0,0,legitimate
0,1.5,1,7,1,1,0,0,1,1,3,1,merchant_substitution
1,0.999,0,7,2,0,1,1,0,1,3,1,subtle_intent_drift
0,1.5,1,7,1,1,0,0,1,1,3,1,merchant_substitution
1,0.8039,0,9,1,0,0,0,2,0,2,0,legitimate
1,0.999,0,7,2,0,1,1,0,1,3,1,subtle_intent_drift
1,0.5542,0,7,0,0,0,0,0,0,0,0,legitimate
1,0.999,0,7,2,0,1,1,0,1,3,1,subtle_intent_drift
1,0.5013,0,9,1,0,0,0,2,0,2,0,legitimate
1,0.999,0,7,2,0,1,1,0,1,3,1,subtle_intent_drift
0,1.5,1,7,1,1,0,0,1,1,3,1,merchant_substitution
1,0.7576,0,7,0,0,0,0,0,0,0,0,legitimate
0,1.5,1,7,1,1,0,0,1,1,3,1,merchant_substitution
1,0.999,0,7,2,0,1,1,0,1,3,1,subtle_intent_drift
0,1.5,1,7,1,1,0,0,1,1,3,1,merchant_substitution
1,0.999,0,7,2,0,1,1,0,1,3,1,subtle_intent_drift
1,0.999,0,7,2,0,1,1,0,1,3,1,subtle_intent_drift
1,0.999,0,7,2,0,1,1,0,1,3,1,subtle_intent_drift
0,1.5,1,7,1,1,0,0,1,1,3,1,merchant_substitution
1,0.6331,0,7,0,0,0,0,0,0,0,0,legitimate
1,0.7817,0,7,0,0,0,0,0,0,0,0,legitimate
1,0.7992,0,7,0,0,0,0,0,0,0,0,legitimate
1,0.999,0,7,2,0,1,1,0,1,3,1,subtle_intent_drift
1,0.8513,0,7,0,0,0,0,0,0,0,0,legitimate
1,0.999,0,7,2,0,1,1,0,1,3,1,subtle_intent_drift
1,0.6934,0,9,1,0,0,0,2,0,2,0,legitimate
1,0.999,0,7,2,0,1,1,0,1,3,1,subtle_intent_drift
1,0.7793,0,9,1,0,0,0,2,0,2,0,legitimate
0,1.5,1,7,1,1,0,0,1,1,3,1,merchant_substitution
1,0.999,0,7,2,0,1,1,0,1,3,1,subtle_intent_drift
1,0.7064,0,7,0,0,0,0,0,0,0,0,legitimate
1,0.999,0,7,2,0,1,1,0,1,3,1,subtle_intent_drift
0,1.5,1,7,1,1,0,0,1,1,3,1,merchant_substitution
1,0.9146,0,7,0,0,0,0,0,0,0,0,legitimate
1,0.9519,0,7,0,0,0,0,0,0,0,0,legitimate
0,1.5,1,7,1,1,0,0,1,1,3,1,merchant_substitution
1,0.8094,0,7,0,0,0,0,0,0,0,0,legitimate
1,0.5626,0,7,0,0,0,0,0,0,0,0,legitimate
1,0.8698,0,9,1,0,0,0,2,0,2,0,legitimate
1,0.7104,0,7,0,0,0,0,0,0,0,0,legitimate
1,0.8148,0,7,0,0,0,0,0,0,0,0,legitimate
1,0.6047,0,7,0,0,0,0,0,0,0,0,legitimate
1,0.999,0,7,2,0,1,1,0,1,3,1,subtle_intent_drift
0,1.5,1,7,1,1,0,0,1,1,3,1,merchant_substitution
1,0.814,0,7,0,0,0,0,0,0,0,0,legitimate
1,0.7783,0,7,0,0,0,0,0,0,0,0,legitimate
1,0.999,0,7,2,0,1,1,0,1,3,1,subtle_intent_drift
1,0.6335,0,7,0,0,0,0,0,0,0,0,legitimate
0,1.5,1,7,1,1,0,0,1,1,3,1,merchant_substitution
0,1.5,1,7,1,1,0,0,1,1,3,1,merchant_substitution
1,0.5039,0,9,1,0,0,0,2,0,2,0,legitimate
1,0.8122,0,9,1,0,0,0,2,0,2,0,legitimate
1,0.685,0,9,1,0,0,0,2,0,2,0,legitimate
1,0.999,0,7,2,0,1,1,0,1,3,1,subtle_intent_drift
1,0.5569,0,7,0,0,0,0,0,0,0,0,legitimate
0,1.5,1,7,1,1,0,0,1,1,3,1,merchant_substitution
1,0.8863,0,7,0,0,0,0,0,0,0,0,legitimate
0,1.5,1,7,1,1,0,0,1,1,3,1,merchant_substitution
1,0.6637,0,7,0,0,0,0,0,0,0,0,legitimate
1,0.7048,0,7,0,0,0,0,0,0,0,0,legitimate
1,0.6867,0,9,1,0,0,0,2,0,2,0,legitimate
1,0.8059,0,7,0,0,0,0,0,0,0,0,legitimate
1,0.555,0,7,0,0,0,0,0,0,0,0,legitimate
1,0.8179,0,7,0,0,0,0,0,0,0,0,legitimate
0,1.5,1,7,1,1,0,0,1,1,3,1,merchant_substitution
1,0.5403,0,7,0,0,0,0,0,0,0,0,legitimate
1,0.7709,0,7,0,0,0,0,0,0,0,0,legitimate
1,0.8984,0,9,1,0,0,0,2,0,2,0,legitimate
1,0.9124,0,9,1,0,0,0,2,0,2,0,legitimate
1,0.5666,0,7,0,0,0,0,0,0,0,0,legitimate
1,0.6639,0,9,1,0,0,0,2,0,2,0,legitimate
1,0.999,0,7,2,0,1,1,0,1,3,1,subtle_intent_drift
0,1.5,1,7,1,1,0,0,1,1,3,1,merchant_substitution
1,0.999,0,7,2,0,1,1,0,1,3,1,subtle_intent_drift
1,0.8063,0,7,0,0,0,0,0,0,0,0,legitimate
1,0.999,0,7,2,0,1,1,0,1,3,1,subtle_intent_drift
1,0.999,0,7,2,0,1,1,0,1,3,1,subtle_intent_drift
1,0.6969,0,7,0,0,0,0,0,0,0,0,legitimate
1,0.6344,0,7,0,0,0,0,0,0,0,0,legitimate
1,0.7666,0,9,1,0,0,0,2,0,2,0,legitimate
0,1.5,1,7,1,1,0,0,1,1,3,1,merchant_substitution
1,0.6802,0,9,1,0,0,0,2,0,2,0,legitimate
0,1.5,1,7,1,1,0,0,1,1,3,1,merchant_substitution
1,0.6737,0,9,1,0,0,0,2,0,2,0,legitimate
1,0.999,0,7,2,0,1,1,0,1,3,1,subtle_intent_drift
1,0.8933,0,9,1,0,0,0,2,0,2,0,legitimate
1,0.999,0,7,2,0,1,1,0,1,3,1,subtle_intent_drift
1,0.5138,0,7,0,0,0,0,0,0,0,0,legitimate
1,0.999,0,7,2,0,1,1,0,1,3,1,subtle_intent_drift
1,0.999,0,7,2,0,1,1,0,1,3,1,subtle_intent_drift
1,0.7461,0,9,1,0,0,0,2,0,2,0,legitimate
1,0.9771,0,9,1,0,0,0,2,0,2,0,legitimate
0,1.5,1,7,1,1,0,0,1,1,3,1,merchant_substitution
1,0.6732,0,9,1,0,0,0,2,0,2,0,legitimate
1,0.999,0,7,2,0,1,1,0,1,3,1,subtle_intent_drift
1,0.744,0,7,0,0,0,0,0,0,0,0,legitimate
0,1.5,1,7,1,1,0,0,1,1,3,1,merchant_substitution
1,0.7873,0,7,0,0,0,0,0,0,0,0,legitimate
1,0.8071,0,9,1,0,0,0,2,0,2,0,legitimate
1,0.5859,0,7,0,0,0,0,0,0,0,0,legitimate
1,0.5371,0,7,0,0,0,0,0,0,0,0,legitimate
1,0.999,0,7,2,0,1,1,0,1,3,1,subtle_intent_drift
1,0.8581,0,7,0,0,0,0,0,0,0,0,legitimate
0,1.5,1,7,1,1,0,0,1,1,3,1,merchant_substitution
1,0.9775,0,7,0,0,0,0,0,0,0,0,legitimate
1,0.9756,0,9,1,0,0,0,2,0,2,0,legitimate
1,0.792,0,7,0,0,0,0,0,0,0,0,legitimate
0,1.5,1,7,1,1,0,0,1,1,3,1,merchant_substitution
1,0.8097,0,9,1,0,0,0,2,0,2,0,legitimate
0,1.5,1,7,1,1,0,0,1,1,3,1,merchant_substitution
1,0.653,0,9,1,0,0,0,2,0,2,0,legitimate
0,1.5,1,7,1,1,0,0,1,1,3,1,merchant_substitution
1,0.7657,0,9,1,0,0,0,2,0,2,0,legitimate
0,1.5,1,7,1,1,0,0,1,1,3,1,merchant_substitution
1,0.999,0,7,2,0,1,1,0,1,3,1,subtle_intent_drift
1,0.999,0,7,2,0,1,1,0,1,3,1,subtle_intent_drift
1,0.8512,0,7,0,0,0,0,0,0,0,0,legitimate
1,0.5915,0,9,1,0,0,0,2,0,2,0,legitimate
1,0.5534,0,9,1,0,0,0,2,0,2,0,legitimate
1,0.999,0,7,2,0,1,1,0,1,3,1,subtle_intent_drift
0,1.5,1,7,1,1,0,0,1,1,3,1,merchant_substitution
0,1.5,1,7,1,1,0,0,1,1,3,1,merchant_substitution
0,1.5,1,7,1,1,0,0,1,1,3,1,merchant_substitution
0,1.5,1,7,1,1,0,0,1,1,3,1,merchant_substitution
1,0.999,0,7,2,0,1,1,0,1,3,1,subtle_intent_drift
1,0.7972,0,7,0,0,0,0,0,0,0,0,legitimate
0,1.5,1,7,1,1,0,0,1,1,3,1,merchant_substitution
1,0.999,0,7,2,0,1,1,0,1,3,1,subtle_intent_drift
0,1.5,1,7,1,1,0,0,1,1,3,1,merchant_substitution
1,0.6563,0,7,0,0,0,0,0,0,0,0,legitimate
1,0.999,0,7,2,0,1,1,0,1,3,1,subtle_intent_drift
1,0.8316,0,7,0,0,0,0,0,0,0,0,legitimate
1,0.999,0,7,2,0,1,1,0,1,3,1,subtle_intent_drift
1,0.7805,0,9,1,0,0,0,2,0,2,0,legitimate
1,0.8161,0,7,0,0,0,0,0,0,0,0,legitimate
0,1.5,1,7,1,1,0,0,1,1,3,1,merchant_substitution
1,0.999,0,7,2,0,1,1,0,1,3,1,subtle_intent_drift
1,0.9505,0,7,0,0,0,0,0,0,0,0,legitimate
1,0.5349,0,9,1,0,0,0,2,0,2,0,legitimate
1,0.7428,0,9,1,0,0,0,2,0,2,0,legitimate
1,0.999,0,7,2,0,1,1,0,1,3,1,subtle_intent_drift
1,0.6826,0,9,1,0,0,0,2,0,2,0,legitimate
0,1.5,1,7,1,1,0,0,1,1,3,1,merchant_substitution
1,0.791,0,7,0,0,0,0,0,0,0,0,legitimate
0,1.5,1,7,1,1,0,0,1,1,3,1,merchant_substitution
1,0.5666,0,7,0,0,0,0,0,0,0,0,legitimate
0,1.5,1,7,1,1,0,0,1,1,3,1,merchant_substitution
1,0.5432,0,7,0,0,0,0,0,0,0,0,legitimate
1,0.8906,0,7,0,0,0,0,0,0,0,0,legitimate
0,1.5,1,7,1,1,0,0,1,1,3,1,merchant_substitution
1,0.999,0,7,2,0,1,1,0,1,3,1,subtle_intent_drift
1,0.9527,0,7,0,0,0,0,0,0,0,0,legitimate
1,0.999,0,7,2,0,1,1,0,1,3,1,subtle_intent_drift
1,0.999,0,7,2,0,1,1,0,1,3,1,subtle_intent_drift
1,0.999,0,7,2,0,1,1,0,1,3,1,subtle_intent_drift
0,1.5,1,7,1,1,0,0,1,1,3,1,merchant_substitution
0,1.5,1,7,1,1,0,0,1,1,3,1,merchant_substitution
1,0.9778,0,7,0,0,0,0,0,0,0,0,legitimate
1,0.8046,0,9,1,0,0,0,2,0,2,0,legitimate
1,0.7634,0,7,0,0,0,0,0,0,0,0,legitimate
0,1.5,1,7,1,1,0,0,1,1,3,1,merchant_substitution
0,1.5,1,7,1,1,0,0,1,1,3,1,merchant_substitution
1,0.999,0,7,2,0,1,1,0,1,3,1,subtle_intent_drift
1,0.66,0,7,0,0,0,0,0,0,0,0,legitimate
1,0.577,0,7,0,0,0,0,0,0,0,0,legitimate
0,1.5,1,7,1,1,0,0,1,1,3,1,merchant_substitution
1,0.6818,0,9,1,0,0,0,2,0,2,0,legitimate
0,1.5,1,7,1,1,0,0,1,1,3,1,merchant_substitution
1,0.6281,0,9,1,0,0,0,2,0,2,0,legitimate
0,1.5,1,7,1,1,0,0,1,1,3,1,merchant_substitution
1,0.7787,0,7,0,0,0,0,0,0,0,0,legitimate
0,1.5,1,7,1,1,0,0,1,1,3,1,merchant_substitution
1,0.7243,0,9,1,0,0,0,2,0,2,0,legitimate
0,1.5,1,7,1,1,0,0,1,1,3,1,merchant_substitution
1,0.578,0,7,0,0,0,0,0,0,0,0,legitimate
0,1.5,1,7,1,1,0,0,1,1,3,1,merchant_substitution
0,1.5,1,7,1,1,0,0,1,1,3,1,merchant_substitution
1,0.999,0,7,2,0,1,1,0,1,3,1,subtle_intent_drift
0,1.5,1,7,1,1,0,0,1,1,3,1,merchant_substitution
0,1.5,1,7,1,1,0,0,1,1,3,1,merchant_substitution
0,1.5,1,7,1,1,0,0,1,1,3,1,merchant_substitution
0,1.5,1,7,1,1,0,0,1,1,3,1,merchant_substitution
0,1.5,1,7,1,1,0,0,1,1,3,1,merchant_substitution
1,0.553,0,9,1,0,0,0,2,0,2,0,legitimate
1,0.999,0,7,2,0,1,1,0,1,3,1,subtle_intent_drift
1,0.5818,0,7,0,0,0,0,0,0,0,0,legitimate
1,0.6978,0,9,1,0,0,0,2,0,2,0,legitimate
1,0.999,0,7,2,0,1,1,0,1,3,1,subtle_intent_drift
1,0.999,0,7,2,0,1,1,0,1,3,1,subtle_intent_drift
1,0.999,0,7,2,0,1,1,0,1,3,1,subtle_intent_drift
0,1.5,1,7,1,1,0,0,1,1,3,1,merchant_substitution
1,0.999,0,7,2,0,1,1,0,1,3,1,subtle_intent_drift
1,0.999,0,7,2,0,1,1,0,1,3,1,subtle_intent_drift
1,0.999,0,7,2,0,1,1,0,1,3,1,subtle_intent_drift
1,0.999,0,7,2,0,1,1,0,1,3,1,subtle_intent_drift
1,0.5802,0,9,1,0,0,0,2,0,2,0,legitimate
0,1.5,1,7,1,1,0,0,1,1,3,1,merchant_substitution
1,0.999,0,7,2,0,1,1,0,1,3,1,subtle_intent_drift
1,0.9136,0,7,0,0,0,0,0,0,0,0,legitimate
1,0.999,0,7,2,0,1,1,0,1,3,1,subtle_intent_drift
1,0.999,0,7,2,0,1,1,0,1,3,1,subtle_intent_drift
1,0.848,0,7,0,0,0,0,0,0,0,0,legitimate
1,0.999,0,7,2,0,1,1,0,1,3,1,subtle_intent_drift
1,0.6578,0,7,0,0,0,0,0,0,0,0,legitimate
1,0.851,0,9,1,0,0,0,2,0,2,0,legitimate
1,0.8961,0,9,1,0,0,0,2,0,2,0,legitimate
1,0.9286,0,7,0,0,0,0,0,0,0,0,legitimate
0,1.5,1,7,1,1,0,0,1,1,3,1,merchant_substitution
1,0.6616,0,7,0,0,0,0,0,0,0,0,legitimate
0,1.5,1,7,1,1,0,0,1,1,3,1,merchant_substitution
1,0.5367,0,9,1,0,0,0,2,0,2,0,legitimate
1,0.8456,0,7,0,0,0,0,0,0,0,0,legitimate
1,0.7401,0,9,1,0,0,0,2,0,2,0,legitimate
1,0.8817,0,9,1,0,0,0,2,0,2,0,legitimate
1,0.999,0,7,2,0,1,1,0,1,3,1,subtle_intent_drift
1,0.974,0,7,0,0,0,0,0,0,0,0,legitimate
1,0.7019,0,7,0,0,0,0,0,0,0,0,legitimate
0,1.5,1,7,1,1,0,0,1,1,3,1,merchant_substitution
1,0.8751,0,7,0,0,0,0,0,0,0,0,legitimate
1,0.6213,0,7,0,0,0,0,0,0,0,0,legitimate
1,0.9414,0,9,1,0,0,0,2,0,2,0,legitimate
1,0.7016,0,9,1,0,0,0,2,0,2,0,legitimate
1,0.8424,0,7,0,0,0,0,0,0,0,0,legitimate
1,0.8282,0,9,1,0,0,0,2,0,2,0,legitimate
0,1.5,1,7,1,1,0,0,1,1,3,1,merchant_substitution
1,0.999,0,7,2,0,1,1,0,1,3,1,subtle_intent_drift
1,0.9526,0,7,0,0,0,0,0,0,0,0,legitimate
0,1.5,1,7,1,1,0,0,1,1,3,1,merchant_substitution
1,0.5035,0,7,0,0,0,0,0,0,0,0,legitimate
1,0.999,0,7,2,0,1,1,0,1,3,1,subtle_intent_drift
0,1.5,1,7,1,1,0,0,1,1,3,1,merchant_substitution
1,0.9209,0,7,0,0,0,0,0,0,0,0,legitimate
1,0.999,0,7,2,0,1,1,0,1,3,1,subtle_intent_drift
0,1.5,1,7,1,1,0,0,1,1,3,1,merchant_substitution
1,0.6259,0,7,0,0,0,0,0,0,0,0,legitimate
0,1.5,1,7,1,1,0,0,1,1,3,1,merchant_substitution
1,0.999,0,7,2,0,1,1,0,1,3,1,subtle_intent_drift
0,1.5,1,7,1,1,0,0,1,1,3,1,merchant_substitution
0,1.5,1,7,1,1,0,0,1,1,3,1,merchant_substitution
0,1.5,1,7,1,1,0,0,1,1,3,1,merchant_substitution
0,1.5,1,7,1,1,0,0,1,1,3,1,merchant_substitution
0,1.5,1,7,1,1,0,0,1,1,3,1,merchant_substitution
0,1.5,1,7,1,1,0,0,1,1,3,1,merchant_substitution
1,0.9723,0,7,0,0,0,0,0,0,0,0,legitimate
1,0.7076,0,7,0,0,0,0,0,0,0,0,legitimate
0,1.5,1,7,1,1,0,0,1,1,3,1,merchant_substitution
1,0.8358,0,7,0,0,0,0,0,0,0,0,legitimate
1,0.999,0,7,2,0,1,1,0,1,3,1,subtle_intent_drift
1,0.5079,0,7,0,0,0,0,0,0,0,0,legitimate
0,1.5,1,7,1,1,0,0,1,1,3,1,merchant_substitution
0,1.5,1,7,1,1,0,0,1,1,3,1,merchant_substitution
1,0.8701,0,7,0,0,0,0,0,0,0,0,legitimate
0,1.5,1,7,1,1,0,0,1,1,3,1,merchant_substitution
1,0.7607,0,9,1,0,0,0,2,0,2,0,legitimate
1,0.999,0,7,2,0,1,1,0,1,3,1,subtle_intent_drift
1,0.6172,0,9,1,0,0,0,2,0,2,0,legitimate
1,0.5812,0,7,0,0,0,0,0,0,0,0,legitimate
1,0.999,0,7,2,0,1,1,0,1,3,1,subtle_intent_drift
1,0.8296,0,7,0,0,0,0,0,0,0,0,legitimate
1,0.999,0,7,2,0,1,1,0,1,3,1,subtle_intent_drift
0,1.5,1,7,1,1,0,0,1,1,3,1,merchant_substitution
1,0.8788,0,7,0,0,0,0,0,0,0,0,legitimate
1,0.7497,0,9,1,0,0,0,2,0,2,0,legitimate
1,0.999,0,7,2,0,1,1,0,1,3,1,subtle_intent_drift
0,1.5,1,7,1,1,0,0,1,1,3,1,merchant_substitution
0,1.5,1,7,1,1,0,0,1,1,3,1,merchant_substitution
1,0.9376,0,7,0,0,0,0,0,0,0,0,legitimate
1,0.5909,0,7,0,0,0,0,0,0,0,0,legitimate
1,0.5971,0,7,0,0,0,0,0,0,0,0,legitimate
1,0.999,0,7,2,0,1,1,0,1,3,1,subtle_intent_drift
1,0.6914,0,7,0,0,0,0,0,0,0,0,legitimate
0,1.5,1,7,1,1,0,0,1,1,3,1,merchant_substitution
0,1.5,1,7,1,1,0,0,1,1,3,1,merchant_substitution
1,0.7633,0,7,0,0,0,0,0,0,0,0,legitimate
0,1.5,1,7,1,1,0,0,1,1,3,1,merchant_substitution
0,1.5,1,7,1,1,0,0,1,1,3,1,merchant_substitution
1,0.8729,0,7,0,0,0,0,0,0,0,0,legitimate
0,1.5,1,7,1,1,0,0,1,1,3,1,merchant_substitution
1,0.999,0,7,2,0,1,1,0,1,3,1,subtle_intent_drift
1,0.6807,0,7,0,0,0,0,0,0,0,0,legitimate
0,1.5,1,7,1,1,0,0,1,1,3,1,merchant_substitution
0,1.5,1,7,1,1,0,0,1,1,3,1,merchant_substitution
0,1.5,1,7,1,1,0,0,1,1,3,1,merchant_substitution
1,0.6319,0,7,0,0,0,0,0,0,0,0,legitimate
1,0.675,0,9,1,0,0,0,2,0,2,0,legitimate
1,0.5493,0,9,1,0,0,0,2,0,2,0,legitimate
1,0.6567,0,7,0,0,0,0,0,0,0,0,legitimate
0,1.5,1,7,1,1,0,0,1,1,3,1,merchant_substitution
1,0.6176,0,7,0,0,0,0,0,0,0,0,legitimate
1,0.8956,0,7,0,0,0,0,0,0,0,0,legitimate
1,0.6738,0,9,1,0,0,0,2,0,2,0,legitimate
1,0.8317,0,7,0,0,0,0,0,0,0,0,legitimate
1,0.999,0,7,2,0,1,1,0,1,3,1,subtle_intent_drift
1,0.999,0,7,2,0,1,1,0,1,3,1,subtle_intent_drift
0,1.5,1,7,1,1,0,0,1,1,3,1,merchant_substitution
1,0.9755,0,7,0,0,0,0,0,0,0,0,legitimate
1,0.999,0,7,2,0,1,1,0,1,3,1,subtle_intent_drift
1,0.7843,0,7,0,0,0,0,0,0,0,0,legitimate
1,0.999,0,7,2,0,1,1,0,1,3,1,subtle_intent_drift
1,0.999,0,7,2,0,1,1,0,1,3,1,subtle_intent_drift
1,0.999,0,7,2,0,1,1,0,1,3,1,subtle_intent_drift
0,1.5,1,7,1,1,0,0,1,1,3,1,merchant_substitution
1,0.962,0,7,0,0,0,0,0,0,0,0,legitimate
0,1.5,1,7,1,1,0,0,1,1,3,1,merchant_substitution
1,0.999,0,7,2,0,1,1,0,1,3,1,subtle_intent_drift
0,1.5,1,7,1,1,0,0,1,1,3,1,merchant_substitution
1,0.999,0,7,2,0,1,1,0,1,3,1,subtle_intent_drift
0,1.5,1,7,1,1,0,0,1,1,3,1,merchant_substitution
0,1.5,1,7,1,1,0,0,1,1,3,1,merchant_substitution
1,0.6488,0,7,0,0,0,0,0,0,0,0,legitimate
0,1.5,1,7,1,1,0,0,1,1,3,1,merchant_substitution
0,1.5,1,7,1,1,0,0,1,1,3,1,merchant_substitution
1,0.7519,0,9,1,0,0,0,2,0,2,0,legitimate
1,0.999,0,7,2,0,1,1,0,1,3,1,subtle_intent_drift
0,1.5,1,7,1,1,0,0,1,1,3,1,merchant_substitution
1,0.6737,0,7,0,0,0,0,0,0,0,0,legitimate
1,0.999,0,7,2,0,1,1,0,1,3,1,subtle_intent_drift
1,0.9274,0,7,0,0,0,0,0,0,0,0,legitimate
0,1.5,1,7,1,1,0,0,1,1,3,1,merchant_substitution
1,0.9312,0,7,0,0,0,0,0,0,0,0,legitimate
1,0.7423,0,7,0,0,0,0,0,0,0,0,legitimate
1,0.6025,0,7,0,0,0,0,0,0,0,0,legitimate
1,0.8226,0,9,1,0,0,0,2,0,2,0,legitimate
1,0.6368,0,9,1,0,0,0,2,0,2,0,legitimate
1,0.5671,0,7,0,0,0,0,0,0,0,0,legitimate
1,0.6,0,9,1,0,0,0,2,0,2,0,legitimate
1,0.5848,0,7,0,0,0,0,0,0,0,0,legitimate
1,0.999,0,7,2,0,1,1,0,1,3,1,subtle_intent_drift
0,1.5,1,7,1,1,0,0,1,1,3,1,merchant_substitution
1,0.999,0,7,2,0,1,1,0,1,3,1,subtle_intent_drift
1,0.999,0,7,2,0,1,1,0,1,3,1,subtle_intent_drift
1,0.7036,0,9,1,0,0,0,2,0,2,0,legitimate
1,0.7432,0,7,0,0,0,0,0,0,0,0,legitimate
1,0.6307,0,9,1,0,0,0,2,0,2,0,legitimate
1,0.9772,0,9,1,0,0,0,2,0,2,0,legitimate
1,0.9742,0,7,0,0,0,0,0,0,0,0,legitimate
0,1.5,1,7,1,1,0,0,1,1,3,1,merchant_substitution
1,0.9237,0,9,1,0,0,0,2,0,2,0,legitimate
0,1.5,1,7,1,1,0,0,1,1,3,1,merchant_substitution
0,1.5,1,7,1,1,0,0,1,1,3,1,merchant_substitution
1,0.6476,0,7,0,0,0,0,0,0,0,0,legitimate
1,0.999,0,7,2,0,1,1,0,1,3,1,subtle_intent_drift
1,0.819,0,7,0,0,0,0,0,0,0,0,legitimate
1,0.5516,0,7,0,0,0,0,0,0,0,0,legitimate
1,0.7479,0,7,0,0,0,0,0,0,0,0,legitimate
0,1.5,1,7,1,1,0,0,1,1,3,1,merchant_substitution
0,1.5,1,7,1,1,0,0,1,1,3,1,merchant_substitution
1,0.999,0,7,2,0,1,1,0,1,3,1,subtle_intent_drift
1,0.999,0,7,2,0,1,1,0,1,3,1,subtle_intent_drift
1,0.999,0,7,2,0,1,1,0,1,3,1,subtle_intent_drift
0,1.5,1,7,1,1,0,0,1,1,3,1,merchant_substitution
1,0.7505,0,7,0,0,0,0,0,0,0,0,legitimate
1,0.9769,0,7,0,0,0,0,0,0,0,0,legitimate
0,1.5,1,7,1,1,0,0,1,1,3,1,merchant_substitution
0,1.5,1,7,1,1,0,0,1,1,3,1,merchant_substitution
1,0.5366,0,9,1,0,0,0,2,0,2,0,legitimate
1,0.9686,0,7,0,0,0,0,0,0,0,0,legitimate
1,0.7697,0,9,1,0,0,0,2,0,2,0,legitimate
1,0.999,0,7,2,0,1,1,0,1,3,1,subtle_intent_drift
1,0.999,0,7,2,0,1,1,0,1,3,1,subtle_intent_drift
1,0.999,0,7,2,0,1,1,0,1,3,1,subtle_intent_drift
1,0.999,0,7,2,0,1,1,0,1,3,1,subtle_intent_drift
1,0.6439,0,7,0,0,0,0,0,0,0,0,legitimate
0,1.5,1,7,1,1,0,0,1,1,3,1,merchant_substitution
1,0.9632,0,7,0,0,0,0,0,0,0,0,legitimate
1,0.7783,0,7,0,0,0,0,0,0,0,0,legitimate
1,0.9089,0,9,1,0,0,0,2,0,2,0,legitimate
1,0.7151,0,9,1,0,0,0,2,0,2,0,legitimate
1,0.999,0,7,2,0,1,1,0,1,3,1,subtle_intent_drift
1,0.5634,0,9,1,0,0,0,2,0,2,0,legitimate
1,0.999,0,7,2,0,1,1,0,1,3,1,subtle_intent_drift
0,1.5,1,7,1,1,0,0,1,1,3,1,merchant_substitution
1,0.6237,0,7,0,0,0,0,0,0,0,0,legitimate
1,0.5636,0,7,0,0,0,0,0,0,0,0,legitimate
1,0.5737,0,7,0,0,0,0,0,0,0,0,legitimate
1,0.999,0,7,2,0,1,1,0,1,3,1,subtle_intent_drift
0,1.5,1,7,1,1,0,0,1,1,3,1,merchant_substitution
1,0.999,0,7,2,0,1,1,0,1,3,1,subtle_intent_drift
1,0.999,0,7,2,0,1,1,0,1,3,1,subtle_intent_drift
1,0.614,0,7,0,0,0,0,0,0,0,0,legitimate
0,1.5,1,7,1,1,0,0,1,1,3,1,merchant_substitution
0,1.5,1,7,1,1,0,0,1,1,3,1,merchant_substitution
1,0.657,0,9,1,0,0,0,2,0,2,0,legitimate
1,0.999,0,7,2,0,1,1,0,1,3,1,subtle_intent_drift
1,0.6054,0,7,0,0,0,0,0,0,0,0,legitimate
1,0.5244,0,7,0,0,0,0,0,0,0,0,legitimate
1,0.8697,0,9,1,0,0,0,2,0,2,0,legitimate
1,0.9761,0,7,0,0,0,0,0,0,0,0,legitimate
0,1.5,1,7,1,1,0,0,1,1,3,1,merchant_substitution
1,0.5743,0,7,0,0,0,0,0,0,0,0,legitimate
0,1.5,1,7,1,1,0,0,1,1,3,1,merchant_substitution
1,0.5349,0,7,0,0,0,0,0,0,0,0,legitimate
1,0.5169,0,7,0,0,0,0,0,0,0,0,legitimate
1,0.999,0,7,2,0,1,1,0,1,3,1,subtle_intent_drift
0,1.5,1,7,1,1,0,0,1,1,3,1,merchant_substitution
1,0.999,0,7,2,0,1,1,0,1,3,1,subtle_intent_drift
1,0.8226,0,9,1,0,0,0,2,0,2,0,legitimate
1,0.9491,0,7,0,0,0,0,0,0,0,0,legitimate
0,1.5,1,7,1,1,0,0,1,1,3,1,merchant_substitution
1,0.999,0,7,2,0,1,1,0,1,3,1,subtle_intent_drift
0,1.5,1,7,1,1,0,0,1,1,3,1,merchant_substitution
1,0.8551,0,7,0,0,0,0,0,0,0,0,legitimate
1,0.999,0,7,2,0,1,1,0,1,3,1,subtle_intent_drift
0,1.5,1,7,1,1,0,0,1,1,3,1,merchant_substitution
1,0.5976,0,7,0,0,0,0,0,0,0,0,legitimate
1,0.8863,0,9,1,0,0,0,2,0,2,0,legitimate
1,0.999,0,7,2,0,1,1,0,1,3,1,subtle_intent_drift
1,0.9324,0,7,0,0,0,0,0,0,0,0,legitimate
0,1.5,1,7,1,1,0,0,1,1,3,1,merchant_substitution
1,0.999,0,7,2,0,1,1,0,1,3,1,subtle_intent_drift
1,0.6347,0,9,1,0,0,0,2,0,2,0,legitimate
1,0.999,0,7,2,0,1,1,0,1,3,1,subtle_intent_drift
1,0.9519,0,7,0,0,0,0,0,0,0,0,legitimate
1,0.897,0,7,0,0,0,0,0,0,0,0,legitimate
1,0.8817,0,9,1,0,0,0,2,0,2,0,legitimate
1,0.999,0,7,2,0,1,1,0,1,3,1,subtle_intent_drift
0,1.5,1,7,1,1,0,0,1,1,3,1,merchant_substitution
1,0.999,0,7,2,0,1,1,0,1,3,1,subtle_intent_drift
1,0.8006,0,7,0,0,0,0,0,0,0,0,legitimate
1,0.7455,0,7,0,0,0,0,0,0,0,0,legitimate
1,0.79,0,9,1,0,0,0,2,0,2,0,legitimate
1,0.6284,0,7,0,0,0,0,0,0,0,0,legitimate
1,0.999,0,7,2,0,1,1,0,1,3,1,subtle_intent_drift
1,0.9022,0,7,0,0,0,0,0,0,0,0,legitimate
1,0.5229,0,7,0,0,0,0,0,0,0,0,legitimate
0,1.5,1,7,1,1,0,0,1,1,3,1,merchant_substitution
1,0.584,0,9,1,0,0,0,2,0,2,0,legitimate
1,0.999,0,7,2,0,1,1,0,1,3,1,subtle_intent_drift
1,0.999,0,7,2,0,1,1,0,1,3,1,subtle_intent_drift
1,0.5167,0,7,0,0,0,0,0,0,0,0,legitimate
0,1.5,1,7,1,1,0,0,1,1,3,1,merchant_substitution
1,0.999,0,7,2,0,1,1,0,1,3,1,subtle_intent_drift
1,0.6381,0,9,1,0,0,0,2,0,2,0,legitimate
0,1.5,1,7,1,1,0,0,1,1,3,1,merchant_substitution
1,0.6508,0,7,0,0,0,0,0,0,0,0,legitimate
1,0.999,0,7,2,0,1,1,0,1,3,1,subtle_intent_drift
1,0.7211,0,7,0,0,0,0,0,0,0,0,legitimate
1,0.7472,0,7,0,0,0,0,0,0,0,0,legitimate
1,0.999,0,7,2,0,1,1,0,1,3,1,subtle_intent_drift
1,0.999,0,7,2,0,1,1,0,1,3,1,subtle_intent_drift
1,0.999,0,7,2,0,1,1,0,1,3,1,subtle_intent_drift
0,1.5,1,7,1,1,0,0,1,1,3,1,merchant_substitution
1,0.999,0,7,2,0,1,1,0,1,3,1,subtle_intent_drift
0,1.5,1,7,1,1,0,0,1,1,3,1,merchant_substitution
1,0.836,0,9,1,0,0,0,2,0,2,0,legitimate
1,0.999,0,7,2,0,1,1,0,1,3,1,subtle_intent_drift
1,0.999,0,7,2,0,1,1,0,1,3,1,subtle_intent_drift
0,1.5,1,7,1,1,0,0,1,1,3,1,merchant_substitution
1,0.6575,0,9,1,0,0,0,2,0,2,0,legitimate
0,1.5,1,7,1,1,0,0,1,1,3,1,merchant_substitution
0,1.5,1,7,1,1,0,0,1,1,3,1,merchant_substitution
1,0.8431,0,7,0,0,0,0,0,0,0,0,legitimate
1,0.849,0,7,0,0,0,0,0,0,0,0,legitimate
1,0.999,0,7,2,0,1,1,0,1,3,1,subtle_intent_drift
1,0.999,0,7,2,0,1,1,0,1,3,1,subtle_intent_drift
0,1.5,1,7,1,1,0,0,1,1,3,1,merchant_substitution
1,0.999,0,7,2,0,1,1,0,1,3,1,subtle_intent_drift
1,0.8904,0,7,0,0,0,0,0,0,0,0,legitimate
1,0.6002,0,7,0,0,0,0,0,0,0,0,legitimate
1,0.6355,0,7,0,0,0,0,0,0,0,0,legitimate
1,0.9268,0,7,0,0,0,0,0,0,0,0,legitimate
1,0.6041,0,9,1,0,0,0,2,0,2,0,legitimate
0,1.5,1,7,1,1,0,0,1,1,3,1,merchant_substitution
0,1.5,1,7,1,1,0,0,1,1,3,1,merchant_substitution
1,0.999,0,7,2,0,1,1,0,1,3,1,subtle_intent_drift
1,0.9729,0,7,0,0,0,0,0,0,0,0,legitimate
1,0.929,0,7,0,0,0,0,0,0,0,0,legitimate
0,1.5,1,7,1,1,0,0,1,1,3,1,merchant_substitution
1,0.7625,0,9,1,0,0,0,2,0,2,0,legitimate
1,0.5507,0,7,0,0,0,0,0,0,0,0,legitimate
0,1.5,1,7,1,1,0,0,1,1,3,1,merchant_substitution
1,0.6803,0,7,0,0,0,0,0,0,0,0,legitimate
0,1.5,1,7,1,1,0,0,1,1,3,1,merchant_substitution
0,1.5,1,7,1,1,0,0,1,1,3,1,merchant_substitution
1,0.999,0,7,2,0,1,1,0,1,3,1,subtle_intent_drift
1,0.6194,0,7,0,0,0,0,0,0,0,0,legitimate
1,0.6269,0,7,0,0,0,0,0,0,0,0,legitimate
0,1.5,1,7,1,1,0,0,1,1,3,1,merchant_substitution
1,0.7724,0,7,0,0,0,0,0,0,0,0,legitimate
1,0.999,0,7,2,0,1,1,0,1,3,1,subtle_intent_drift
1,0.999,0,7,2,0,1,1,0,1,3,1,subtle_intent_drift
1,0.9198,0,7,0,0,0,0,0,0,0,0,legitimate
1,0.7935,0,7,0,0,0,0,0,0,0,0,legitimate
1,0.628,0,7,0,0,0,0,0,0,0,0,legitimate
1,0.8013,0,7,0,0,0,0,0,0,0,0,legitimate
1,0.7125,0,9,1,0,0,0,2,0,2,0,legitimate
1,0.7474,0,9,1,0,0,0,2,0,2,0,legitimate
1,0.6662,0,7,0,0,0,0,0,0,0,0,legitimate
1,0.9562,0,7,0,0,0,0,0,0,0,0,legitimate
1,0.999,0,7,2,0,1,1,0,1,3,1,subtle_intent_drift
1,0.6923,0,9,1,0,0,0,2,0,2,0,legitimate
1,0.999,0,7,2,0,1,1,0,1,3,1,subtle_intent_drift
1,0.6151,0,7,0,0,0,0,0,0,0,0,legitimate
1,0.8107,0,7,0,0,0,0,0,0,0,0,legitimate
1,0.6075,0,7,0,0,0,0,0,0,0,0,legitimate
1,0.5334,0,7,0,0,0,0,0,0,0,0,legitimate
1,0.633,0,7,0,0,0,0,0,0,0,0,legitimate
1,0.7299,0,7,0,0,0,0,0,0,0,0,legitimate
1,0.999,0,7,2,0,1,1,0,1,3,1,subtle_intent_drift
1,0.7598,0,9,1,0,0,0,2,0,2,0,legitimate
1,0.9499,0,9,1,0,0,0,2,0,2,0,legitimate
1,0.9537,0,7,0,0,0,0,0,0,0,0,legitimate
1,0.6842,0,7,0,0,0,0,0,0,0,0,legitimate
1,0.7738,0,9,1,0,0,0,2,0,2,0,legitimate
1,0.5866,0,9,1,0,0,0,2,0,2,0,legitimate
1,0.8874,0,7,0,0,0,0,0,0,0,0,legitimate
1,0.999,0,7,2,0,1,1,0,1,3,1,subtle_intent_drift
0,1.5,1,7,1,1,0,0,1,1,3,1,merchant_substitution
0,1.5,1,7,1,1,0,0,1,1,3,1,merchant_substitution
1,0.999,0,7,2,0,1,1,0,1,3,1,subtle_intent_drift
0,1.5,1,7,1,1,0,0,1,1,3,1,merchant_substitution
0,1.5,1,7,1,1,0,0,1,1,3,1,merchant_substitution
0,1.5,1,7,1,1,0,0,1,1,3,1,merchant_substitution
1,0.999,0,7,2,0,1,1,0,1,3,1,subtle_intent_drift
1,0.999,0,7,2,0,1,1,0,1,3,1,subtle_intent_drift
1,0.6151,0,7,0,0,0,0,0,0,0,0,legitimate
0,1.5,1,7,1,1,0,0,1,1,3,1,merchant_substitution
1,0.8965,0,7,0,0,0,0,0,0,0,0,legitimate
0,1.5,1,7,1,1,0,0,1,1,3,1,merchant_substitution
0,1.5,1,7,1,1,0,0,1,1,3,1,merchant_substitution
1,0.6707,0,7,0,0,0,0,0,0,0,0,legitimate
1,0.6017,0,7,0,0,0,0,0,0,0,0,legitimate
1,0.5684,0,9,1,0,0,0,2,0,2,0,legitimate
1,0.999,0,7,2,0,1,1,0,1,3,1,subtle_intent_drift
0,1.5,1,7,1,1,0,0,1,1,3,1,merchant_substitution
0,1.5,1,7,1,1,0,0,1,1,3,1,merchant_substitution
1,0.6064,0,7,0,0,0,0,0,0,0,0,legitimate
1,0.5858,0,7,0,0,0,0,0,0,0,0,legitimate
1,0.6439,0,7,0,0,0,0,0,0,0,0,legitimate
1,0.7077,0,7,0,0,0,0,0,0,0,0,legitimate
1,0.6125,0,7,0,0,0,0,0,0,0,0,legitimate
0,1.5,1,7,1,1,0,0,1,1,3,1,merchant_substitution
1,0.9748,0,9,1,0,0,0,2,0,2,0,legitimate
0,1.5,1,7,1,1,0,0,1,1,3,1,merchant_substitution
1,0.9524,0,7,0,0,0,0,0,0,0,0,legitimate
1,0.9235,0,7,0,0,0,0,0,0,0,0,legitimate
0,1.5,1,7,1,1,0,0,1,1,3,1,merchant_substitution
1,0.5455,0,9,1,0,0,0,2,0,2,0,legitimate
1,0.8606,0,9,1,0,0,0,2,0,2,0,legitimate
1,0.5678,0,7,0,0,0,0,0,0,0,0,legitimate
1,0.999,0,7,2,0,1,1,0,1,3,1,subtle_intent_drift
0,1.5,1,7,1,1,0,0,1,1,3,1,merchant_substitution
1,0.7924,0,7,0,0,0,0,0,0,0,0,legitimate
0,1.5,1,7,1,1,0,0,1,1,3,1,merchant_substitution
0,1.5,1,7,1,1,0,0,1,1,3,1,merchant_substitution
1,0.5386,0,7,0,0,0,0,0,0,0,0,legitimate
1,0.999,0,7,2,0,1,1,0,1,3,1,subtle_intent_drift
1,0.999,0,7,2,0,1,1,0,1,3,1,subtle_intent_drift
0,1.5,1,7,1,1,0,0,1,1,3,1,merchant_substitution
0,1.5,1,7,1,1,0,0,1,1,3,1,merchant_substitution
0,1.5,1,7,1,1,0,0,1,1,3,1,merchant_substitution
1,0.5056,0,7,0,0,0,0,0,0,0,0,legitimate
1,0.999,0,7,2,0,1,1,0,1,3,1,subtle_intent_drift
1,0.7402,0,7,0,0,0,0,0,0,0,0,legitimate
1,0.999,0,7,2,0,1,1,0,1,3,1,subtle_intent_drift
1,0.7299,0,7,0,0,0,0,0,0,0,0,legitimate
1,0.7936,0,9,1,0,0,0,2,0,2,0,legitimate
1,0.9314,0,7,0,0,0,0,0,0,0,0,legitimate
1,0.999,0,7,2,0,1,1,0,1,3,1,subtle_intent_drift
1,0.5557,0,9,1,0,0,0,2,0,2,0,legitimate
1,0.999,0,7,2,0,1,1,0,1,3,1,subtle_intent_drift
1,0.999,0,7,2,0,1,1,0,1,3,1,subtle_intent_drift
1,0.7529,0,9,1,0,0,0,2,0,2,0,legitimate
0,1.5,1,7,1,1,0,0,1,1,3,1,merchant_substitution
1,0.896,0,7,0,0,0,0,0,0,0,0,legitimate
1,0.9021,0,7,0,0,0,0,0,0,0,0,legitimate
1,0.6184,0,7,0,0,0,0,0,0,0,0,legitimate
1,0.7581,0,9,1,0,0,0,2,0,2,0,legitimate
1,0.999,0,7,2,0,1,1,0,1,3,1,subtle_intent_drift
1,0.9258,0,9,1,0,0,0,2,0,2,0,legitimate
1,0.6384,0,9,1,0,0,0,2,0,2,0,legitimate
1,0.999,0,7,2,0,1,1,0,1,3,1,subtle_intent_drift
1,0.7359,0,9,1,0,0,0,2,0,2,0,legitimate
1,0.9121,0,9,1,0,0,0,2,0,2,0,legitimate
0,1.5,1,7,1,1,0,0,1,1,3,1,merchant_substitution
1,0.8716,0,9,1,0,0,0,2,0,2,0,legitimate
0,1.5,1,7,1,1,0,0,1,1,3,1,merchant_substitution
1,0.999,0,7,2,0,1,1,0,1,3,1,subtle_intent_drift
1,0.999,0,7,2,0,1,1,0,1,3,1,subtle_intent_drift
1,0.607,0,9,1,0,0,0,2,0,2,0,legitimate
1,0.999,0,7,2,0,1,1,0,1,3,1,subtle_intent_drift
1,0.7321,0,7,0,0,0,0,0,0,0,0,legitimate
1,0.6181,0,7,0,0,0,0,0,0,0,0,legitimate
1,0.8129,0,9,1,0,0,0,2,0,2,0,legitimate
1,0.648,0,7,0,0,0,0,0,0,0,0,legitimate
1,0.999,0,7,2,0,1,1,0,1,3,1,subtle_intent_drift
0,1.5,1,7,1,1,0,0,1,1,3,1,merchant_substitution
1,0.9463,0,9,1,0,0,0,2,0,2,0,legitimate
0,1.5,1,7,1,1,0,0,1,1,3,1,merchant_substitution
0,1.5,1,7,1,1,0,0,1,1,3,1,merchant_substitution
1,0.8328,0,9,1,0,0,0,2,0,2,0,legitimate
1,0.999,0,7,2,0,1,1,0,1,3,1,subtle_intent_drift
1,0.999,0,7,2,0,1,1,0,1,3,1,subtle_intent_drift
1,0.8458,0,9,1,0,0,0,2,0,2,0,legitimate
1,0.5623,0,7,0,0,0,0,0,0,0,0,legitimate
1,0.999,0,7,2,0,1,1,0,1,3,1,subtle_intent_drift
1,0.6962,0,7,0,0,0,0,0,0,0,0,legitimate
1,0.9697,0,9,1,0,0,0,2,0,2,0,legitimate
0,1.5,1,7,1,1,0,0,1,1,3,1,merchant_substitution
1,0.999,0,7,2,0,1,1,0,1,3,1,subtle_intent_drift
1,0.6455,0,7,0,0,0,0,0,0,0,0,legitimate
1,0.999,0,7,2,0,1,1,0,1,3,1,subtle_intent_drift
1,0.7739,0,7,0,0,0,0,0,0,0,0,legitimate
1,0.9389,0,7,0,0,0,0,0,0,0,0,legitimate
1,0.7101,0,7,0,0,0,0,0,0,0,0,legitimate
1,0.872,0,7,0,0,0,0,0,0,0,0,legitimate
1,0.5263,0,7,0,0,0,0,0,0,0,0,legitimate
1,0.7042,0,7,0,0,0,0,0,0,0,0,legitimate
1,0.6257,0,9,1,0,0,0,2,0,2,0,legitimate
1,0.999,0,7,2,0,1,1,0,1,3,1,subtle_intent_drift
1,0.999,0,7,2,0,1,1,0,1,3,1,subtle_intent_drift
1,0.999,0,7,2,0,1,1,0,1,3,1,subtle_intent_drift
1,0.999,0,7,2,0,1,1,0,1,3,1,subtle_intent_drift
1,0.999,0,7,2,0,1,1,0,1,3,1,subtle_intent_drift
1,0.5807,0,9,1,0,0,0,2,0,2,0,legitimate
1,0.555,0,9,1,0,0,0,2,0,2,0,legitimate
0,1.5,1,7,1,1,0,0,1,1,3,1,merchant_substitution
0,1.5,1,7,1,1,0,0,1,1,3,1,merchant_substitution
1,0.7785,0,9,1,0,0,0,2,0,2,0,legitimate
0,1.5,1,7,1,1,0,0,1,1,3,1,merchant_substitution
0,1.5,1,7,1,1,0,0,1,1,3,1,merchant_substitution
1,0.5588,0,7,0,0,0,0,0,0,0,0,legitimate
1,0.7823,0,9,1,0,0,0,2,0,2,0,legitimate
0,1.5,1,7,1,1,0,0,1,1,3,1,merchant_substitution
1,0.9603,0,9,1,0,0,0,2,0,2,0,legitimate
1,0.9604,0,9,1,0,0,0,2,0,2,0,legitimate
1,0.999,0,7,2,0,1,1,0,1,3,1,subtle_intent_drift
1,0.8032,0,7,0,0,0,0,0,0,0,0,legitimate
1,0.7483,0,7,0,0,0,0,0,0,0,0,legitimate
0,1.5,1,7,1,1,0,0,1,1,3,1,merchant_substitution
1,0.999,0,7,2,0,1,1,0,1,3,1,subtle_intent_drift
0,1.5,1,7,1,1,0,0,1,1,3,1,merchant_substitution
1,0.8784,0,7,0,0,0,0,0,0,0,0,legitimate
0,1.5,1,7,1,1,0,0,1,1,3,1,merchant_substitution
0,1.5,1,7,1,1,0,0,1,1,3,1,merchant_substitution
1,0.8405,0,7,0,0,0,0,0,0,0,0,legitimate
1,0.999,0,7,2,0,1,1,0,1,3,1,subtle_intent_drift
1,0.7137,0,7,0,0,0,0,0,0,0,0,legitimate
1,0.999,0,7,2,0,1,1,0,1,3,1,subtle_intent_drift
0,1.5,1,7,1,1,0,0,1,1,3,1,merchant_substitution
0,1.5,1,7,1,1,0,0,1,1,3,1,merchant_substitution
1,0.6981,0,7,0,0,0,0,0,0,0,0,legitimate
0,1.5,1,7,1,1,0,0,1,1,3,1,merchant_substitution
1,0.8513,0,9,1,0,0,0,2,0,2,0,legitimate
1,0.7891,0,7,0,0,0,0,0,0,0,0,legitimate
1,0.9212,0,9,1,0,0,0,2,0,2,0,legitimate
1,0.999,0,7,2,0,1,1,0,1,3,1,subtle_intent_drift
0,1.5,1,7,1,1,0,0,1,1,3,1,merchant_substitution
0,1.5,1,7,1,1,0,0,1,1,3,1,merchant_substitution
1,0.6899,0,7,0,0,0,0,0,0,0,0,legitimate
1,0.7774,0,7,0,0,0,0,0,0,0,0,legitimate
1,0.9772,0,7,0,0,0,0,0,0,0,0,legitimate
1,0.999,0,7,2,0,1,1,0,1,3,1,subtle_intent_drift
0,1.5,1,7,1,1,0,0,1,1,3,1,merchant_substitution
0,1.5,1,7,1,1,0,0,1,1,3,1,merchant_substitution
1,0.5059,0,7,0,0,0,0,0,0,0,0,legitimate
0,1.5,1,7,1,1,0,0,1,1,3,1,merchant_substitution
1,0.8682,0,7,0,0,0,0,0,0,0,0,legitimate
0,1.5,1,7,1,1,0,0,1,1,3,1,merchant_substitution
1,0.999,0,7,2,0,1,1,0,1,3,1,subtle_intent_drift
1,0.999,0,7,2,0,1,1,0,1,3,1,subtle_intent_drift
1,0.7305,0,9,1,0,0,0,2,0,2,0,legitimate
1,0.999,0,7,2,0,1,1,0,1,3,1,subtle_intent_drift
1,0.9159,0,7,0,0,0,0,0,0,0,0,legitimate
0,1.5,1,7,1,1,0,0,1,1,3,1,merchant_substitution
1,0.683,0,7,0,0,0,0,0,0,0,0,legitimate
1,0.9178,0,7,0,0,0,0,0,0,0,0,legitimate
0,1.5,1,7,1,1,0,0,1,1,3,1,merchant_substitution
1,0.7581,0,7,0,0,0,0,0,0,0,0,legitimate
1,0.999,0,7,2,0,1,1,0,1,3,1,subtle_intent_drift
0,1.5,1,7,1,1,0,0,1,1,3,1,merchant_substitution
1,0.999,0,7,2,0,1,1,0,1,3,1,subtle_intent_drift
0,1.5,1,7,1,1,0,0,1,1,3,1,merchant_substitution
1,0.9646,0,9,1,0,0,0,2,0,2,0,legitimate
0,1.5,1,7,1,1,0,0,1,1,3,1,merchant_substitution
1,0.6622,0,7,0,0,0,0,0,0,0,0,legitimate
1,0.5828,0,7,0,0,0,0,0,0,0,0,legitimate
1,0.999,0,7,2,0,1,1,0,1,3,1,subtle_intent_drift
1,0.6452,0,7,0,0,0,0,0,0,0,0,legitimate
0,1.5,1,7,1,1,0,0,1,1,3,1,merchant_substitution
0,1.5,1,7,1,1,0,0,1,1,3,1,merchant_substitution
1,0.5308,0,7,0,0,0,0,0,0,0,0,legitimate
0,1.5,1,7,1,1,0,0,1,1,3,1,merchant_substitution
0,1.5,1,7,1,1,0,0,1,1,3,1,merchant_substitution
0,1.5,1,7,1,1,0,0,1,1,3,1,merchant_substitution
1,0.7941,0,9,1,0,0,0,2,0,2,0,legitimate
1,0.999,0,7,2,0,1,1,0,1,3,1,subtle_intent_drift
1,0.7256,0,7,0,0,0,0,0,0,0,0,legitimate
0,1.5,1,7,1,1,0,0,1,1,3,1,merchant_substitution
1,0.6871,0,7,0,0,0,0,0,0,0,0,legitimate
0,1.5,1,7,1,1,0,0,1,1,3,1,merchant_substitution
1,0.739,0,9,1,0,0,0,2,0,2,0,legitimate
1,0.7348,0,9,1,0,0,0,2,0,2,0,legitimate
1,0.9355,0,7,0,0,0,0,0,0,0,0,legitimate
1,0.6031,0,9,1,0,0,0,2,0,2,0,legitimate
1,0.577,0,7,0,0,0,0,0,0,0,0,legitimate
1,0.999,0,7,2,0,1,1,0,1,3,1,subtle_intent_drift
1,0.541,0,7,0,0,0,0,0,0,0,0,legitimate
1,0.7441,0,9,1,0,0,0,2,0,2,0,legitimate
1,0.8958,0,7,0,0,0,0,0,0,0,0,legitimate
1,0.9727,0,7,0,0,0,0,0,0,0,0,legitimate
1,0.999,0,7,2,0,1,1,0,1,3,1,subtle_intent_drift
1,0.999,0,7,2,0,1,1,0,1,3,1,subtle_intent_drift
1,0.9219,0,9,1,0,0,0,2,0,2,0,legitimate
1,0.905,0,9,1,0,0,0,2,0,2,0,legitimate
1,0.999,0,7,2,0,1,1,0,1,3,1,subtle_intent_drift
1,0.999,0,7,2,0,1,1,0,1,3,1,subtle_intent_drift
1,0.9173,0,9,1,0,0,0,2,0,2,0,legitimate
0,1.5,1,7,1,1,0,0,1,1,3,1,merchant_substitution
1,0.999,0,7,2,0,1,1,0,1,3,1,subtle_intent_drift
1,0.999,0,7,2,0,1,1,0,1,3,1,subtle_intent_drift
1,0.8052,0,7,0,0,0,0,0,0,0,0,legitimate
0,1.5,1,7,1,1,0,0,1,1,3,1,merchant_substitution
1,0.999,0,7,2,0,1,1,0,1,3,1,subtle_intent_drift
1,0.999,0,7,2,0,1,1,0,1,3,1,subtle_intent_drift
1,0.999,0,7,2,0,1,1,0,1,3,1,subtle_intent_drift
1,0.6686,0,9,1,0,0,0,2,0,2,0,legitimate
1,0.5625,0,7,0,0,0,0,0,0,0,0,legitimate
1,0.849,0,7,0,0,0,0,0,0,0,0,legitimate
1,0.6232,0,9,1,0,0,0,2,0,2,0,legitimate
1,0.6531,0,9,1,0,0,0,2,0,2,0,legitimate
1,0.8022,0,9,1,0,0,0,2,0,2,0,legitimate
0,1.5,1,7,1,1,0,0,1,1,3,1,merchant_substitution
1,0.6618,0,7,0,0,0,0,0,0,0,0,legitimate
1,0.5483,0,7,0,0,0,0,0,0,0,0,legitimate
1,0.8288,0,9,1,0,0,0,2,0,2,0,legitimate
1,0.999,0,7,2,0,1,1,0,1,3,1,subtle_intent_drift
1,0.999,0,7,2,0,1,1,0,1,3,1,subtle_intent_drift
1,0.6556,0,7,0,0,0,0,0,0,0,0,legitimate
1,0.7121,0,7,0,0,0,0,0,0,0,0,legitimate
0,1.5,1,7,1,1,0,0,1,1,3,1,merchant_substitution
1,0.5716,0,7,0,0,0,0,0,0,0,0,legitimate
1,0.6229,0,7,0,0,0,0,0,0,0,0,legitimate
1,0.6786,0,7,0,0,0,0,0,0,0,0,legitimate
0,1.5,1,7,1,1,0,0,1,1,3,1,merchant_substitution
1,0.6495,0,9,1,0,0,0,2,0,2,0,legitimate
1,0.5589,0,7,0,0,0,0,0,0,0,0,legitimate
1,0.5276,0,7,0,0,0,0,0,0,0,0,legitimate
1,0.9158,0,7,0,0,0,0,0,0,0,0,legitimate
1,0.7735,0,9,1,0,0,0,2,0,2,0,legitimate
0,1.5,1,7,1,1,0,0,1,1,3,1,merchant_substitution
0,1.5,1,7,1,1,0,0,1,1,3,1,merchant_substitution
0,1.5,1,7,1,1,0,0,1,1,3,1,merchant_substitution
1,0.9308,0,7,0,0,0,0,0,0,0,0,legitimate
1,0.5686,0,7,0,0,0,0,0,0,0,0,legitimate
1,0.999,0,7,2,0,1,1,0,1,3,1,subtle_intent_drift
1,0.999,0,7,2,0,1,1,0,1,3,1,subtle_intent_drift
0,1.5,1,7,1,1,0,0,1,1,3,1,merchant_substitution
1,0.5132,0,7,0,0,0,0,0,0,0,0,legitimate
1,0.999,0,7,2,0,1,1,0,1,3,1,subtle_intent_drift
1,0.5704,0,7,0,0,0,0,0,0,0,0,legitimate
0,1.5,1,7,1,1,0,0,1,1,3,1,merchant_substitution
1,0.7344,0,7,0,0,0,0,0,0,0,0,legitimate
1,0.5799,0,7,0,0,0,0,0,0,0,0,legitimate
0,1.5,1,7,1,1,0,0,1,1,3,1,merchant_substitution
0,1.5,1,7,1,1,0,0,1,1,3,1,merchant_substitution
1,0.6962,0,7,0,0,0,0,0,0,0,0,legitimate
1,0.5623,0,7,0,0,0,0,0,0,0,0,legitimate
1,0.8662,0,7,0,0,0,0,0,0,0,0,legitimate
1,0.999,0,7,2,0,1,1,0,1,3,1,subtle_intent_drift
1,0.8795,0,7,0,0,0,0,0,0,0,0,legitimate
0,1.5,1,7,1,1,0,0,1,1,3,1,merchant_substitution
0,1.5,1,7,1,1,0,0,1,1,3,1,merchant_substitution
0,1.5,1,7,1,1,0,0,1,1,3,1,merchant_substitution
1,0.8682,0,7,0,0,0,0,0,0,0,0,legitimate
0,1.5,1,7,1,1,0,0,1,1,3,1,merchant_substitution
1,0.7245,0,9,1,0,0,0,2,0,2,0,legitimate
1,0.567,0,7,0,0,0,0,0,0,0,0,legitimate
1,0.7823,0,7,0,0,0,0,0,0,0,0,legitimate
1,0.999,0,7,2,0,1,1,0,1,3,1,subtle_intent_drift
0,1.5,1,7,1,1,0,0,1,1,3,1,merchant_substitution
1,0.999,0,7,2,0,1,1,0,1,3,1,subtle_intent_drift
1,0.8985,0,7,0,0,0,0,0,0,0,0,legitimate
1,0.999,0,7,2,0,1,1,0,1,3,1,subtle_intent_drift
1,0.5645,0,7,0,0,0,0,0,0,0,0,legitimate
0,1.5,1,7,1,1,0,0,1,1,3,1,merchant_substitution
1,0.871,0,9,1,0,0,0,2,0,2,0,legitimate
1,0.9452,0,7,0,0,0,0,0,0,0,0,legitimate
0,1.5,1,7,1,1,0,0,1,1,3,1,merchant_substitution
1,0.9257,0,7,0,0,0,0,0,0,0,0,legitimate
1,0.999,0,7,2,0,1,1,0,1,3,1,subtle_intent_drift
1,0.999,0,7,2,0,1,1,0,1,3,1,subtle_intent_drift
1,0.7059,0,7,0,0,0,0,0,0,0,0,legitimate
0,1.5,1,7,1,1,0,0,1,1,3,1,merchant_substitution
1,0.5123,0,9,1,0,0,0,2,0,2,0,legitimate
0,1.5,1,7,1,1,0,0,1,1,3,1,merchant_substitution
1,0.6177,0,9,1,0,0,0,2,0,2,0,legitimate
0,1.5,1,7,1,1,0,0,1,1,3,1,merchant_substitution
1,0.7028,0,7,0,0,0,0,0,0,0,0,legitimate
1,0.6686,0,7,0,0,0,0,0,0,0,0,legitimate
1,0.757,0,7,0,0,0,0,0,0,0,0,legitimate
1,0.999,0,7,2,0,1,1,0,1,3,1,subtle_intent_drift
1,0.999,0,7,2,0,1,1,0,1,3,1,subtle_intent_drift
1,0.5183,0,7,0,0,0,0,0,0,0,0,legitimate
1,0.999,0,7,2,0,1,1,0,1,3,1,subtle_intent_drift
1,0.999,0,7,2,0,1,1,0,1,3,1,subtle_intent_drift
0,1.5,1,7,1,1,0,0,1,1,3,1,merchant_substitution
1,0.728,0,7,0,0,0,0,0,0,0,0,legitimate
1,0.9213,0,7,0,0,0,0,0,0,0,0,legitimate
1,0.999,0,7,2,0,1,1,0,1,3,1,subtle_intent_drift
1,0.8983,0,7,0,0,0,0,0,0,0,0,legitimate
1,0.999,0,7,2,0,1,1,0,1,3,1,subtle_intent_drift
0,1.5,1,7,1,1,0,0,1,1,3,1,merchant_substitution
1,0.5968,0,7,0,0,0,0,0,0,0,0,legitimate
1,0.999,0,7,2,0,1,1,0,1,3,1,subtle_intent_drift
0,1.5,1,7,1,1,0,0,1,1,3,1,merchant_substitution
1,0.5088,0,7,0,0,0,0,0,0,0,0,legitimate
1,0.999,0,7,2,0,1,1,0,1,3,1,subtle_intent_drift
1,0.6949,0,7,0,0,0,0,0,0,0,0,legitimate
1,0.999,0,7,2,0,1,1,0,1,3,1,subtle_intent_drift
1,0.999,0,7,2,0,1,1,0,1,3,1,subtle_intent_drift
0,1.5,1,7,1,1,0,0,1,1,3,1,merchant_substitution
1,0.999,0,7,2,0,1,1,0,1,3,1,subtle_intent_drift
0,1.5,1,7,1,1,0,0,1,1,3,1,merchant_substitution
1,0.5194,0,7,0,0,0,0,0,0,0,0,legitimate
1,0.5332,0,7,0,0,0,0,0,0,0,0,legitimate
1,0.8361,0,7,0,0,0,0,0,0,0,0,legitimate
0,1.5,1,7,1,1,0,0,1,1,3,1,merchant_substitution
1,0.999,0,7,2,0,1,1,0,1,3,1,subtle_intent_drift
1,0.999,0,7,2,0,1,1,0,1,3,1,subtle_intent_drift
1,0.5011,0,7,0,0,0,0,0,0,0,0,legitimate
1,0.6819,0,7,0,0,0,0,0,0,0,0,legitimate
1,0.999,0,7,2,0,1,1,0,1,3,1,subtle_intent_drift
1,0.9099,0,7,0,0,0,0,0,0,0,0,legitimate
1,0.5433,0,9,1,0,0,0,2,0,2,0,legitimate
1,0.999,0,7,2,0,1,1,0,1,3,1,subtle_intent_drift
1,0.641,0,7,0,0,0,0,0,0,0,0,legitimate
1,0.7119,0,7,0,0,0,0,0,0,0,0,legitimate
1,0.999,0,7,2,0,1,1,0,1,3,1,subtle_intent_drift
1,0.7795,0,7,0,0,0,0,0,0,0,0,legitimate
1,0.8866,0,7,0,0,0,0,0,0,0,0,legitimate
0,1.5,1,7,1,1,0,0,1,1,3,1,merchant_substitution
1,0.7762,0,7,0,0,0,0,0,0,0,0,legitimate
0,1.5,1,7,1,1,0,0,1,1,3,1,merchant_substitution
1,0.7003,0,7,0,0,0,0,0,0,0,0,legitimate
0,1.5,1,7,1,1,0,0,1,1,3,1,merchant_substitution
1,0.5184,0,9,1,0,0,0,2,0,2,0,legitimate
1,0.6013,0,9,1,0,0,0,2,0,2,0,legitimate
0,1.5,1,7,1,1,0,0,1,1,3,1,merchant_substitution
1,0.999,0,7,2,0,1,1,0,1,3,1,subtle_intent_drift
1,0.7895,0,7,0,0,0,0,0,0,0,0,legitimate
1,0.9444,0,7,0,0,0,0,0,0,0,0,legitimate
1,0.999,0,7,2,0,1,1,0,1,3,1,subtle_intent_drift
1,0.9673,0,7,0,0,0,0,0,0,0,0,legitimate
1,0.9244,0,7,0,0,0,0,0,0,0,0,legitimate
1,0.8911,0,7,0,0,0,0,0,0,0,0,legitimate
1,0.999,0,7,2,0,1,1,0,1,3,1,subtle_intent_drift
0,1.5,1,7,1,1,0,0,1,1,3,1,merchant_substitution
0,1.5,1,7,1,1,0,0,1,1,3,1,merchant_substitution
1,0.6025,0,7,0,0,0,0,0,0,0,0,legitimate
0,1.5,1,7,1,1,0,0,1,1,3,1,merchant_substitution
1,0.7249,0,7,0,0,0,0,0,0,0,0,legitimate
1,0.8722,0,9,1,0,0,0,2,0,2,0,legitimate
1,0.999,0,7,2,0,1,1,0,1,3,1,subtle_intent_drift
1,0.5186,0,9,1,0,0,0,2,0,2,0,legitimate
1,0.9215,0,7,0,0,0,0,0,0,0,0,legitimate
0,1.5,1,7,1,1,0,0,1,1,3,1,merchant_substitution
0,1.5,1,7,1,1,0,0,1,1,3,1,merchant_substitution
1,0.999,0,7,2,0,1,1,0,1,3,1,subtle_intent_drift
1,0.8595,0,9,1,0,0,0,2,0,2,0,legitimate
0,1.5,1,7,1,1,0,0,1,1,3,1,merchant_substitution
0,1.5,1,7,1,1,0,0,1,1,3,1,merchant_substitution
1,0.9554,0,7,0,0,0,0,0,0,0,0,legitimate
0,1.5,1,7,1,1,0,0,1,1,3,1,merchant_substitution
1,0.999,0,7,2,0,1,1,0,1,3,1,subtle_intent_drift
1,0.8199,0,7,0,0,0,0,0,0,0,0,legitimate
0,1.5,1,7,1,1,0,0,1,1,3,1,merchant_substitution
1,0.7754,0,9,1,0,0,0,2,0,2,0,legitimate
1,0.999,0,7,2,0,1,1,0,1,3,1,subtle_intent_drift
1,0.8605,0,7,0,0,0,0,0,0,0,0,legitimate
1,0.9368,0,7,0,0,0,0,0,0,0,0,legitimate
1,0.8398,0,7,0,0,0,0,0,0,0,0,legitimate
1,0.5776,0,7,0,0,0,0,0,0,0,0,legitimate
1,0.999,0,7,2,0,1,1,0,1,3,1,subtle_intent_drift
0,1.5,1,7,1,1,0,0,1,1,3,1,merchant_substitution
1,0.999,0,7,2,0,1,1,0,1,3,1,subtle_intent_drift
1,0.9712,0,9,1,0,0,0,2,0,2,0,legitimate
0,1.5,1,7,1,1,0,0,1,1,3,1,merchant_substitution
1,0.999,0,7,2,0,1,1,0,1,3,1,subtle_intent_drift
0,1.5,1,7,1,1,0,0,1,1,3,1,merchant_substitution
1,0.7912,0,7,0,0,0,0,0,0,0,0,legitimate
0,1.5,1,7,1,1,0,0,1,1,3,1,merchant_substitution
0,1.5,1,7,1,1,0,0,1,1,3,1,merchant_substitution
0,1.5,1,7,1,1,0,0,1,1,3,1,merchant_substitution
1,0.9414,0,7,0,0,0,0,0,0,0,0,legitimate
1,0.9305,0,9,1,0,0,0,2,0,2,0,legitimate
1,0.999,0,7,2,0,1,1,0,1,3,1,subtle_intent_drift
0,1.5,1,7,1,1,0,0,1,1,3,1,merchant_substitution
0,1.5,1,7,1,1,0,0,1,1,3,1,merchant_substitution
0,1.5,1,7,1,1,0,0,1,1,3,1,merchant_substitution
1,0.9696,0,7,0,0,0,0,0,0,0,0,legitimate
0,1.5,1,7,1,1,0,0,1,1,3,1,merchant_substitution
1,0.6288,0,9,1,0,0,0,2,0,2,0,legitimate
1,0.8447,0,9,1,0,0,0,2,0,2,0,legitimate
1,0.8633,0,9,1,0,0,0,2,0,2,0,legitimate
0,1.5,1,7,1,1,0,0,1,1,3,1,merchant_substitution
0,1.5,1,7,1,1,0,0,1,1,3,1,merchant_substitution
0,1.5,1,7,1,1,0,0,1,1,3,1,merchant_substitution
0,1.5,1,7,1,1,0,0,1,1,3,1,merchant_substitution
0,1.5,1,7,1,1,0,0,1,1,3,1,merchant_substitution
1,0.7578,0,9,1,0,0,0,2,0,2,0,legitimate
1,0.999,0,7,2,0,1,1,0,1,3,1,subtle_intent_drift
1,0.9554,0,7,0,0,0,0,0,0,0,0,legitimate
0,1.5,1,7,1,1,0,0,1,1,3,1,merchant_substitution
1,0.999,0,7,2,0,1,1,0,1,3,1,subtle_intent_drift
0,1.5,1,7,1,1,0,0,1,1,3,1,merchant_substitution
1,0.999,0,7,2,0,1,1,0,1,3,1,subtle_intent_drift
1,0.999,0,7,2,0,1,1,0,1,3,1,subtle_intent_drift
0,1.5,1,7,1,1,0,0,1,1,3,1,merchant_substitution
0,1.5,1,7,1,1,0,0,1,1,3,1,merchant_substitution
1,0.7198,0,7,0,0,0,0,0,0,0,0,legitimate
1,0.999,0,7,2,0,1,1,0,1,3,1,subtle_intent_drift
1,0.738,0,9,1,0,0,0,2,0,2,0,legitimate
1,0.999,0,7,2,0,1,1,0,1,3,1,subtle_intent_drift
1,0.814,0,7,0,0,0,0,0,0,0,0,legitimate
1,0.6438,0,9,1,0,0,0,2,0,2,0,legitimate
0,1.5,1,7,1,1,0,0,1,1,3,1,merchant_substitution
1,0.5449,0,7,0,0,0,0,0,0,0,0,legitimate
1,0.999,0,7,2,0,1,1,0,1,3,1,subtle_intent_drift
1,0.9206,0,9,1,0,0,0,2,0,2,0,legitimate
0,1.5,1,7,1,1,0,0,1,1,3,1,merchant_substitution
0,1.5,1,7,1,1,0,0,1,1,3,1,merchant_substitution
1,0.5768,0,7,0,0,0,0,0,0,0,0,legitimate
1,0.999,0,7,2,0,1,1,0,1,3,1,subtle_intent_drift
1,0.999,0,7,2,0,1,1,0,1,3,1,subtle_intent_drift
1,0.9499,0,7,0,0,0,0,0,0,0,0,legitimate
1,0.5845,0,9,1,0,0,0,2,0,2,0,legitimate
1,0.6119,0,9,1,0,0,0,2,0,2,0,legitimate
0,1.5,1,7,1,1,0,0,1,1,3,1,merchant_substitution
1,0.8621,0,7,0,0,0,0,0,0,0,0,legitimate
0,1.5,1,7,1,1,0,0,1,1,3,1,merchant_substitution
1,0.999,0,7,2,0,1,1,0,1,3,1,subtle_intent_drift
0,1.5,1,7,1,1,0,0,1,1,3,1,merchant_substitution
1,0.7186,0,7,0,0,0,0,0,0,0,0,legitimate
1,0.6411,0,7,0,0,0,0,0,0,0,0,legitimate
1,0.6861,0,7,0,0,0,0,0,0,0,0,legitimate
1,0.6369,0,7,0,0,0,0,0,0,0,0,legitimate
1,0.9788,0,9,1,0,0,0,2,0,2,0,legitimate
1,0.607,0,9,1,0,0,0,2,0,2,0,legitimate
1,0.7798,0,7,0,0,0,0,0,0,0,0,legitimate
1,0.59,0,7,0,0,0,0,0,0,0,0,legitimate
0,1.5,1,7,1,1,0,0,1,1,3,1,merchant_substitution
1,0.5064,0,7,0,0,0,0,0,0,0,0,legitimate
1,0.6828,0,7,0,0,0,0,0,0,0,0,legitimate
1,0.7014,0,9,1,0,0,0,2,0,2,0,legitimate
1,0.999,0,7,2,0,1,1,0,1,3,1,subtle_intent_drift
1,0.774,0,7,0,0,0,0,0,0,0,0,legitimate
0,1.5,1,7,1,1,0,0,1,1,3,1,merchant_substitution
0,1.5,1,7,1,1,0,0,1,1,3,1,merchant_substitution
1,0.999,0,7,2,0,1,1,0,1,3,1,subtle_intent_drift
1,0.999,0,7,2,0,1,1,0,1,3,1,subtle_intent_drift
1,0.5394,0,9,1,0,0,0,2,0,2,0,legitimate
1,0.999,0,7,2,0,1,1,0,1,3,1,subtle_intent_drift
1,0.999,0,7,2,0,1,1,0,1,3,1,subtle_intent_drift
1,0.999,0,7,2,0,1,1,0,1,3,1,subtle_intent_drift
1,0.5746,0,9,1,0,0,0,2,0,2,0,legitimate
1,0.9425,0,7,0,0,0,0,0,0,0,0,legitimate
1,0.7343,0,7,0,0,0,0,0,0,0,0,legitimate
1,0.887,0,7,0,0,0,0,0,0,0,0,legitimate
1,0.8346,0,9,1,0,0,0,2,0,2,0,legitimate
1,0.999,0,7,2,0,1,1,0,1,3,1,subtle_intent_drift
0,1.5,1,7,1,1,0,0,1,1,3,1,merchant_substitution
1,0.9179,0,9,1,0,0,0,2,0,2,0,legitimate
1,0.999,0,7,2,0,1,1,0,1,3,1,subtle_intent_drift
1,0.999,0,7,2,0,1,1,0,1,3,1,subtle_intent_drift
1,0.8014,0,7,0,0,0,0,0,0,0,0,legitimate
0,1.5,1,7,1,1,0,0,1,1,3,1,merchant_substitution
1,0.5132,0,7,0,0,0,0,0,0,0,0,legitimate
1,0.999,0,7,2,0,1,1,0,1,3,1,subtle_intent_drift
1,0.644,0,9,1,0,0,0,2,0,2,0,legitimate
1,0.718,0,7,0,0,0,0,0,0,0,0,legitimate
1,0.8344,0,7,0,0,0,0,0,0,0,0,legitimate
1,0.5886,0,7,0,0,0,0,0,0,0,0,legitimate
1,0.8032,0,7,0,0,0,0,0,0,0,0,legitimate
1,0.999,0,7,2,0,1,1,0,1,3,1,subtle_intent_drift
1,0.98,0,7,0,0,0,0,0,0,0,0,legitimate
0,1.5,1,7,1,1,0,0,1,1,3,1,merchant_substitution
1,0.999,0,7,2,0,1,1,0,1,3,1,subtle_intent_drift
1,0.5188,0,9,1,0,0,0,2,0,2,0,legitimate
1,0.999,0,7,2,0,1,1,0,1,3,1,subtle_intent_drift
1,0.999,0,7,2,0,1,1,0,1,3,1,subtle_intent_drift
0,1.5,1,7,1,1,0,0,1,1,3,1,merchant_substitution
0,1.5,1,7,1,1,0,0,1,1,3,1,merchant_substitution
0,1.5,1,7,1,1,0,0,1,1,3,1,merchant_substitution
1,0.6815,0,7,0,0,0,0,0,0,0,0,legitimate
0,1.5,1,7,1,1,0,0,1,1,3,1,merchant_substitution
1,0.6234,0,7,0,0,0,0,0,0,0,0,legitimate
1,0.999,0,7,2,0,1,1,0,1,3,1,subtle_intent_drift
1,0.5999,0,9,1,0,0,0,2,0,2,0,legitimate
1,0.999,0,7,2,0,1,1,0,1,3,1,subtle_intent_drift
1,0.7631,0,9,1,0,0,0,2,0,2,0,legitimate
1,0.7566,0,7,0,0,0,0,0,0,0,0,legitimate
1,0.8315,0,7,0,0,0,0,0,0,0,0,legitimate
1,0.999,0,7,2,0,1,1,0,1,3,1,subtle_intent_drift
1,0.8784,0,7,0,0,0,0,0,0,0,0,legitimate
1,0.999,0,7,2,0,1,1,0,1,3,1,subtle_intent_drift
1,0.9039,0,7,0,0,0,0,0,0,0,0,legitimate
1,0.5255,0,7,0,0,0,0,0,0,0,0,legitimate
1,0.9509,0,7,0,0,0,0,0,0,0,0,legitimate
1,0.8874,0,9,1,0,0,0,2,0,2,0,legitimate
1,0.999,0,7,2,0,1,1,0,1,3,1,subtle_intent_drift
0,1.5,1,7,1,1,0,0,1,1,3,1,merchant_substitution
1,0.999,0,7,2,0,1,1,0,1,3,1,subtle_intent_drift
0,1.5,1,7,1,1,0,0,1,1,3,1,merchant_substitution
1,0.5241,0,7,0,0,0,0,0,0,0,0,legitimate
1,0.999,0,7,2,0,1,1,0,1,3,1,subtle_intent_drift
1,0.662,0,9,1,0,0,0,2,0,2,0,legitimate
0,1.5,1,7,1,1,0,0,1,1,3,1,merchant_substitution
1,0.9444,0,7,0,0,0,0,0,0,0,0,legitimate
1,0.999,0,7,2,0,1,1,0,1,3,1,subtle_intent_drift
0,1.5,1,7,1,1,0,0,1,1,3,1,merchant_substitution
1,0.7397,0,9,1,0,0,0,2,0,2,0,legitimate
0,1.5,1,7,1,1,0,0,1,1,3,1,merchant_substitution
0,1.5,1,7,1,1,0,0,1,1,3,1,merchant_substitution
1,0.999,0,7,2,0,1,1,0,1,3,1,subtle_intent_drift
0,1.5,1,7,1,1,0,0,1,1,3,1,merchant_substitution
1,0.999,0,7,2,0,1,1,0,1,3,1,subtle_intent_drift
1,0.9533,0,7,0,0,0,0,0,0,0,0,legitimate
1,0.999,0,7,2,0,1,1,0,1,3,1,subtle_intent_drift
1,0.7921,0,9,1,0,0,0,2,0,2,0,legitimate
1,0.999,0,7,2,0,1,1,0,1,3,1,subtle_intent_drift
0,1.5,1,7,1,1,0,0,1,1,3,1,merchant_substitution
0,1.5,1,7,1,1,0,0,1,1,3,1,merchant_substitution
1,0.999,0,7,2,0,1,1,0,1,3,1,subtle_intent_drift
1,0.999,0,7,2,0,1,1,0,1,3,1,subtle_intent_drift
0,1.5,1,7,1,1,0,0,1,1,3,1,merchant_substitution
1,0.5214,0,7,0,0,0,0,0,0,0,0,legitimate
0,1.5,1,7,1,1,0,0,1,1,3,1,merchant_substitution
0,1.5,1,7,1,1,0,0,1,1,3,1,merchant_substitution
1,0.8313,0,7,0,0,0,0,0,0,0,0,legitimate
1,0.782,0,9,1,0,0,0,2,0,2,0,legitimate
1,0.999,0,7,2,0,1,1,0,1,3,1,subtle_intent_drift
1,0.999,0,7,2,0,1,1,0,1,3,1,subtle_intent_drift
0,1.5,1,7,1,1,0,0,1,1,3,1,merchant_substitution
1,0.8718,0,7,0,0,0,0,0,0,0,0,legitimate
0,1.5,1,7,1,1,0,0,1,1,3,1,merchant_substitution
1,0.6109,0,9,1,0,0,0,2,0,2,0,legitimate
1,0.6803,0,9,1,0,0,0,2,0,2,0,legitimate
0,1.5,1,7,1,1,0,0,1,1,3,1,merchant_substitution
0,1.5,1,7,1,1,0,0,1,1,3,1,merchant_substitution
1,0.6082,0,7,0,0,0,0,0,0,0,0,legitimate
1,0.9014,0,7,0,0,0,0,0,0,0,0,legitimate
1,0.999,0,7,2,0,1,1,0,1,3,1,subtle_intent_drift
1,0.6146,0,9,1,0,0,0,2,0,2,0,legitimate
1,0.999,0,7,2,0,1,1,0,1,3,1,subtle_intent_drift
1,0.975,0,7,0,0,0,0,0,0,0,0,legitimate
0,1.5,1,7,1,1,0,0,1,1,3,1,merchant_substitution
1,0.746,0,7,0,0,0,0,0,0,0,0,legitimate
1,0.999,0,7,2,0,1,1,0,1,3,1,subtle_intent_drift
1,0.8666,0,9,1,0,0,0,2,0,2,0,legitimate
1,0.999,0,7,2,0,1,1,0,1,3,1,subtle_intent_drift
1,0.999,0,7,2,0,1,1,0,1,3,1,subtle_intent_drift
1,0.999,0,7,2,0,1,1,0,1,3,1,subtle_intent_drift
0,1.5,1,7,1,1,0,0,1,1,3,1,merchant_substitution
1,0.5356,0,9,1,0,0,0,2,0,2,0,legitimate
1,0.6875,0,7,0,0,0,0,0,0,0,0,legitimate
1,0.999,0,7,2,0,1,1,0,1,3,1,subtle_intent_drift
1,0.9452,0,7,0,0,0,0,0,0,0,0,legitimate
1,0.9484,0,7,0,0,0,0,0,0,0,0,legitimate
0,1.5,1,7,1,1,0,0,1,1,3,1,merchant_substitution
0,1.5,1,7,1,1,0,0,1,1,3,1,merchant_substitution
0,1.5,1,7,1,1,0,0,1,1,3,1,merchant_substitution
1,0.6234,0,9,1,0,0,0,2,0,2,0,legitimate
0,1.5,1,7,1,1,0,0,1,1,3,1,merchant_substitution
1,0.999,0,7,2,0,1,1,0,1,3,1,subtle_intent_drift
1,0.9215,0,9,1,0,0,0,2,0,2,0,legitimate
1,0.999,0,7,2,0,1,1,0,1,3,1,subtle_intent_drift
1,0.6576,0,7,0,0,0,0,0,0,0,0,legitimate
1,0.999,0,7,2,0,1,1,0,1,3,1,subtle_intent_drift
1,0.6583,0,9,1,0,0,0,2,0,2,0,legitimate
1,0.5646,0,7,0,0,0,0,0,0,0,0,legitimate
1,0.999,0,7,2,0,1,1,0,1,3,1,subtle_intent_drift
1,0.5324,0,7,0,0,0,0,0,0,0,0,legitimate
1,0.5675,0,7,0,0,0,0,0,0,0,0,legitimate
1,0.999,0,7,2,0,1,1,0,1,3,1,subtle_intent_drift
1,0.7724,0,7,0,0,0,0,0,0,0,0,legitimate
1,0.564,0,7,0,0,0,0,0,0,0,0,legitimate
1,0.999,0,7,2,0,1,1,0,1,3,1,subtle_intent_drift
1,0.8386,0,7,0,0,0,0,0,0,0,0,legitimate
1,0.999,0,7,2,0,1,1,0,1,3,1,subtle_intent_drift
0,1.5,1,7,1,1,0,0,1,1,3,1,merchant_substitution
1,0.7977,0,9,1,0,0,0,2,0,2,0,legitimate
1,0.8734,0,7,0,0,0,0,0,0,0,0,legitimate
1,0.999,0,7,2,0,1,1,0,1,3,1,subtle_intent_drift
1,0.999,0,7,2,0,1,1,0,1,3,1,subtle_intent_drift
1,0.8877,0,7,0,0,0,0,0,0,0,0,legitimate
1,0.999,0,7,2,0,1,1,0,1,3,1,subtle_intent_drift
1,0.6307,0,7,0,0,0,0,0,0,0,0,legitimate
1,0.999,0,7,2,0,1,1,0,1,3,1,subtle_intent_drift
0,1.5,1,7,1,1,0,0,1,1,3,1,merchant_substitution
1,0.999,0,7,2,0,1,1,0,1,3,1,subtle_intent_drift
1,0.999,0,7,2,0,1,1,0,1,3,1,subtle_intent_drift
1,0.6457,0,7,0,0,0,0,0,0,0,0,legitimate
1,0.7319,0,7,0,0,0,0,0,0,0,0,legitimate
1,0.8174,0,7,0,0,0,0,0,0,0,0,legitimate
1,0.8685,0,9,1,0,0,0,2,0,2,0,legitimate
1,0.9178,0,7,0,0,0,0,0,0,0,0,legitimate
1,0.999,0,7,2,0,1,1,0,1,3,1,subtle_intent_drift
1,0.999,0,7,2,0,1,1,0,1,3,1,subtle_intent_drift
1,0.5727,0,7,0,0,0,0,0,0,0,0,legitimate
1,0.999,0,7,2,0,1,1,0,1,3,1,subtle_intent_drift
1,0.9023,0,7,0,0,0,0,0,0,0,0,legitimate
1,0.999,0,7,2,0,1,1,0,1,3,1,subtle_intent_drift
1,0.6039,0,7,0,0,0,0,0,0,0,0,legitimate
1,0.8075,0,7,0,0,0,0,0,0,0,0,legitimate
1,0.8331,0,7,0,0,0,0,0,0,0,0,legitimate
1,0.999,0,7,2,0,1,1,0,1,3,1,subtle_intent_drift
1,0.999,0,7,2,0,1,1,0,1,3,1,subtle_intent_drift
1,0.6129,0,7,0,0,0,0,0,0,0,0,legitimate
1,0.7703,0,7,0,0,0,0,0,0,0,0,legitimate
1,0.999,0,7,2,0,1,1,0,1,3,1,subtle_intent_drift
1,0.5013,0,7,0,0,0,0,0,0,0,0,legitimate
1,0.8928,0,7,0,0,0,0,0,0,0,0,legitimate
1,0.999,0,7,2,0,1,1,0,1,3,1,subtle_intent_drift
1,0.999,0,7,2,0,1,1,0,1,3,1,subtle_intent_drift
1,0.999,0,7,2,0,1,1,0,1,3,1,subtle_intent_drift
1,0.716,0,7,0,0,0,0,0,0,0,0,legitimate
0,1.5,1,7,1,1,0,0,1,1,3,1,merchant_substitution
1,0.999,0,7,2,0,1,1,0,1,3,1,subtle_intent_drift
0,1.5,1,7,1,1,0,0,1,1,3,1,merchant_substitution
1,0.9738,0,7,0,0,0,0,0,0,0,0,legitimate
1,0.9346,0,7,0,0,0,0,0,0,0,0,legitimate
0,1.5,1,7,1,1,0,0,1,1,3,1,merchant_substitution
0,1.5,1,7,1,1,0,0,1,1,3,1,merchant_substitution
0,1.5,1,7,1,1,0,0,1,1,3,1,merchant_substitution
1,0.6905,0,7,0,0,0,0,0,0,0,0,legitimate
0,1.5,1,7,1,1,0,0,1,1,3,1,merchant_substitution
1,0.999,0,7,2,0,1,1,0,1,3,1,subtle_intent_drift
1,0.6093,0,9,1,0,0,0,2,0,2,0,legitimate
1,0.5313,0,7,0,0,0,0,0,0,0,0,legitimate
1,0.5061,0,7,0,0,0,0,0,0,0,0,legitimate
1,0.7395,0,7,0,0,0,0,0,0,0,0,legitimate
1,0.8115,0,7,0,0,0,0,0,0,0,0,legitimate
1,0.999,0,7,2,0,1,1,0,1,3,1,subtle_intent_drift
1,0.9511,0,7,0,0,0,0,0,0,0,0,legitimate
1,0.999,0,7,2,0,1,1,0,1,3,1,subtle_intent_drift
1,0.9742,0,7,0,0,0,0,0,0,0,0,legitimate
1,0.999,0,7,2,0,1,1,0,1,3,1,subtle_intent_drift
1,0.5582,0,7,0,0,0,0,0,0,0,0,legitimate
0,1.5,1,7,1,1,0,0,1,1,3,1,merchant_substitution
1,0.999,0,7,2,0,1,1,0,1,3,1,subtle_intent_drift
0,1.5,1,7,1,1,0,0,1,1,3,1,merchant_substitution
1,0.7176,0,9,1,0,0,0,2,0,2,0,legitimate
1,0.6566,0,9,1,0,0,0,2,0,2,0,legitimate
1,0.999,0,7,2,0,1,1,0,1,3,1,subtle_intent_drift
0,1.5,1,7,1,1,0,0,1,1,3,1,merchant_substitution
1,0.564,0,7,0,0,0,0,0,0,0,0,legitimate
1,0.5565,0,7,0,0,0,0,0,0,0,0,legitimate
1,0.999,0,7,2,0,1,1,0,1,3,1,subtle_intent_drift
1,0.999,0,7,2,0,1,1,0,1,3,1,subtle_intent_drift
1,0.999,0,7,2,0,1,1,0,1,3,1,subtle_intent_drift
1,0.999,0,7,2,0,1,1,0,1,3,1,subtle_intent_drift
1,0.999,0,7,2,0,1,1,0,1,3,1,subtle_intent_drift
1,0.5641,0,7,0,0,0,0,0,0,0,0,legitimate
1,0.999,0,7,2,0,1,1,0,1,3,1,subtle_intent_drift
1,0.999,0,7,2,0,1,1,0,1,3,1,subtle_intent_drift
1,0.7999,0,9,1,0,0,0,2,0,2,0,legitimate
1,0.7388,0,9,1,0,0,0,2,0,2,0,legitimate
1,0.9024,0,7,0,0,0,0,0,0,0,0,legitimate
0,1.5,1,7,1,1,0,0,1,1,3,1,merchant_substitution
0,1.5,1,7,1,1,0,0,1,1,3,1,merchant_substitution
1,0.999,0,7,2,0,1,1,0,1,3,1,subtle_intent_drift
1,0.999,0,7,2,0,1,1,0,1,3,1,subtle_intent_drift
1,0.6567,0,9,1,0,0,0,2,0,2,0,legitimate
0,1.5,1,7,1,1,0,0,1,1,3,1,merchant_substitution
1,0.999,0,7,2,0,1,1,0,1,3,1,subtle_intent_drift
1,0.5704,0,9,1,0,0,0,2,0,2,0,legitimate
1,0.5199,0,7,0,0,0,0,0,0,0,0,legitimate
0,1.5,1,7,1,1,0,0,1,1,3,1,merchant_substitution
1,0.999,0,7,2,0,1,1,0,1,3,1,subtle_intent_drift
1,0.9606,0,7,0,0,0,0,0,0,0,0,legitimate
0,1.5,1,7,1,1,0,0,1,1,3,1,merchant_substitution
1,0.6837,0,7,0,0,0,0,0,0,0,0,legitimate
1,0.7246,0,9,1,0,0,0,2,0,2,0,legitimate
1,0.5305,0,7,0,0,0,0,0,0,0,0,legitimate
1,0.9513,0,9,1,0,0,0,2,0,2,0,legitimate
1,0.999,0,7,2,0,1,1,0,1,3,1,subtle_intent_drift
0,1.5,1,7,1,1,0,0,1,1,3,1,merchant_substitution
1,0.7521,0,9,1,0,0,0,2,0,2,0,legitimate
1,0.7866,0,9,1,0,0,0,2,0,2,0,legitimate
1,0.8915,0,7,0,0,0,0,0,0,0,0,legitimate
0,1.5,1,7,1,1,0,0,1,1,3,1,merchant_substitution
0,1.5,1,7,1,1,0,0,1,1,3,1,merchant_substitution
1,0.9314,0,7,0,0,0,0,0,0,0,0,legitimate
1,0.8428,0,7,0,0,0,0,0,0,0,0,legitimate
1,0.6395,0,9,1,0,0,0,2,0,2,0,legitimate
1,0.7819,0,7,0,0,0,0,0,0,0,0,legitimate
1,0.8767,0,7,0,0,0,0,0,0,0,0,legitimate
0,1.5,1,7,1,1,0,0,1,1,3,1,merchant_substitution
1,0.9419,0,7,0,0,0,0,0,0,0,0,legitimate
1,0.775,0,7,0,0,0,0,0,0,0,0,legitimate
1,0.8862,0,9,1,0,0,0,2,0,2,0,legitimate
1,0.9248,0,7,0,0,0,0,0,0,0,0,legitimate
1,0.5145,0,9,1,0,0,0,2,0,2,0,legitimate
0,1.5,1,7,1,1,0,0,1,1,3,1,merchant_substitution
1,0.999,0,7,2,0,1,1,0,1,3,1,subtle_intent_drift
1,0.5073,0,7,0,0,0,0,0,0,0,0,legitimate
1,0.999,0,7,2,0,1,1,0,1,3,1,subtle_intent_drift
1,0.999,0,7,2,0,1,1,0,1,3,1,subtle_intent_drift
1,0.656,0,7,0,0,0,0,0,0,0,0,legitimate
0,1.5,1,7,1,1,0,0,1,1,3,1,merchant_substitution
1,0.5483,0,7,0,0,0,0,0,0,0,0,legitimate
1,0.999,0,7,2,0,1,1,0,1,3,1,subtle_intent_drift
1,0.999,0,7,2,0,1,1,0,1,3,1,subtle_intent_drift
1,0.7191,0,7,0,0,0,0,0,0,0,0,legitimate
1,0.8414,0,9,1,0,0,0,2,0,2,0,legitimate
1,0.7658,0,7,0,0,0,0,0,0,0,0,legitimate
1,0.5851,0,7,0,0,0,0,0,0,0,0,legitimate
1,0.7441,0,7,0,0,0,0,0,0,0,0,legitimate
1,0.8995,0,9,1,0,0,0,2,0,2,0,legitimate
0,1.5,1,7,1,1,0,0,1,1,3,1,merchant_substitution
0,1.5,1,7,1,1,0,0,1,1,3,1,merchant_substitution
0,1.5,1,7,1,1,0,0,1,1,3,1,merchant_substitution
1,0.999,0,7,2,0,1,1,0,1,3,1,subtle_intent_drift
0,1.5,1,7,1,1,0,0,1,1,3,1,merchant_substitution
1,0.999,0,7,2,0,1,1,0,1,3,1,subtle_intent_drift
1,0.999,0,7,2,0,1,1,0,1,3,1,subtle_intent_drift
1,0.5522,0,7,0,0,0,0,0,0,0,0,legitimate
1,0.999,0,7,2,0,1,1,0,1,3,1,subtle_intent_drift
1,0.5591,0,7,0,0,0,0,0,0,0,0,legitimate
1,0.5481,0,9,1,0,0,0,2,0,2,0,legitimate
1,0.999,0,7,2,0,1,1,0,1,3,1,subtle_intent_drift
1,0.5272,0,7,0,0,0,0,0,0,0,0,legitimate
1,0.999,0,7,2,0,1,1,0,1,3,1,subtle_intent_drift
1,0.999,0,7,2,0,1,1,0,1,3,1,subtle_intent_drift
1,0.999,0,7,2,0,1,1,0,1,3,1,subtle_intent_drift
1,0.8918,0,7,0,0,0,0,0,0,0,0,legitimate
1,0.6758,0,7,0,0,0,0,0,0,0,0,legitimate
0,1.5,1,7,1,1,0,0,1,1,3,1,merchant_substitution
1,0.999,0,7,2,0,1,1,0,1,3,1,subtle_intent_drift
1,0.8286,0,7,0,0,0,0,0,0,0,0,legitimate
0,1.5,1,7,1,1,0,0,1,1,3,1,merchant_substitution
1,0.999,0,7,2,0,1,1,0,1,3,1,subtle_intent_drift
1,0.8532,0,9,1,0,0,0,2,0,2,0,legitimate
1,0.999,0,7,2,0,1,1,0,1,3,1,subtle_intent_drift
0,1.5,1,7,1,1,0,0,1,1,3,1,merchant_substitution
1,0.999,0,7,2,0,1,1,0,1,3,1,subtle_intent_drift
1,0.8334,0,7,0,0,0,0,0,0,0,0,legitimate
1,0.7266,0,9,1,0,0,0,2,0,2,0,legitimate
0,1.5,1,7,1,1,0,0,1,1,3,1,merchant_substitution
1,0.8967,0,7,0,0,0,0,0,0,0,0,legitimate
1,0.5353,0,7,0,0,0,0,0,0,0,0,legitimate
1,0.999,0,7,2,0,1,1,0,1,3,1,subtle_intent_drift
1,0.999,0,7,2,0,1,1,0,1,3,1,subtle_intent_drift
1,0.7682,0,9,1,0,0,0,2,0,2,0,legitimate
1,0.6881,0,9,1,0,0,0,2,0,2,0,legitimate
1,0.6434,0,9,1,0,0,0,2,0,2,0,legitimate
1,0.9606,0,7,0,0,0,0,0,0,0,0,legitimate
1,0.999,0,7,2,0,1,1,0,1,3,1,subtle_intent_drift
0,1.5,1,7,1,1,0,0,1,1,3,1,merchant_substitution
1,0.558,0,7,0,0,0,0,0,0,0,0,legitimate
1,0.5337,0,9,1,0,0,0,2,0,2,0,legitimate
0,1.5,1,7,1,1,0,0,1,1,3,1,merchant_substitution
1,0.5082,0,7,0,0,0,0,0,0,0,0,legitimate
1,0.999,0,7,2,0,1,1,0,1,3,1,subtle_intent_drift
1,0.7411,0,7,0,0,0,0,0,0,0,0,legitimate
1,0.999,0,7,2,0,1,1,0,1,3,1,subtle_intent_drift
1,0.8474,0,7,0,0,0,0,0,0,0,0,legitimate
0,1.5,1,7,1,1,0,0,1,1,3,1,merchant_substitution
1,0.8274,0,9,1,0,0,0,2,0,2,0,legitimate
0,1.5,1,7,1,1,0,0,1,1,3,1,merchant_substitution
1,0.5081,0,9,1,0,0,0,2,0,2,0,legitimate
1,0.6213,0,9,1,0,0,0,2,0,2,0,legitimate
1,0.999,0,7,2,0,1,1,0,1,3,1,subtle_intent_drift
1,0.8165,0,9,1,0,0,0,2,0,2,0,legitimate
1,0.7991,0,7,0,0,0,0,0,0,0,0,legitimate
1,0.9296,0,7,0,0,0,0,0,0,0,0,legitimate
0,1.5,1,7,1,1,0,0,1,1,3,1,merchant_substitution
1,0.7526,0,7,0,0,0,0,0,0,0,0,legitimate
0,1.5,1,7,1,1,0,0,1,1,3,1,merchant_substitution
0,1.5,1,7,1,1,0,0,1,1,3,1,merchant_substitution
1,0.999,0,7,2,0,1,1,0,1,3,1,subtle_intent_drift
1,0.999,0,7,2,0,1,1,0,1,3,1,subtle_intent_drift
1,0.999,0,7,2,0,1,1,0,1,3,1,subtle_intent_drift
1,0.9668,0,9,1,0,0,0,2,0,2,0,legitimate
1,0.999,0,7,2,0,1,1,0,1,3,1,subtle_intent_drift
1,0.9414,0,7,0,0,0,0,0,0,0,0,legitimate
1,0.999,0,7,2,0,1,1,0,1,3,1,subtle_intent_drift
1,0.999,0,7,2,0,1,1,0,1,3,1,subtle_intent_drift
1,0.999,0,7,2,0,1,1,0,1,3,1,subtle_intent_drift
1,0.7848,0,7,0,0,0,0,0,0,0,0,legitimate
0,1.5,1,7,1,1,0,0,1,1,3,1,merchant_substitution
1,0.5365,0,7,0,0,0,0,0,0,0,0,legitimate
1,0.999,0,7,2,0,1,1,0,1,3,1,subtle_intent_drift
0,1.5,1,7,1,1,0,0,1,1,3,1,merchant_substitution
1,0.7909,0,7,0,0,0,0,0,0,0,0,legitimate
1,0.9511,0,9,1,0,0,0,2,0,2,0,legitimate
0,1.5,1,7,1,1,0,0,1,1,3,1,merchant_substitution
1,0.999,0,7,2,0,1,1,0,1,3,1,subtle_intent_drift
0,1.5,1,7,1,1,0,0,1,1,3,1,merchant_substitution
1,0.8399,0,9,1,0,0,0,2,0,2,0,legitimate
1,0.7906,0,7,0,0,0,0,0,0,0,0,legitimate
0,1.5,1,7,1,1,0,0,1,1,3,1,merchant_substitution
1,0.999,0,7,2,0,1,1,0,1,3,1,subtle_intent_drift
1,0.8665,0,7,0,0,0,0,0,0,0,0,legitimate
1,0.6883,0,7,0,0,0,0,0,0,0,0,legitimate
1,0.6958,0,7,0,0,0,0,0,0,0,0,legitimate
0,1.5,1,7,1,1,0,0,1,1,3,1,merchant_substitution
1,0.999,0,7,2,0,1,1,0,1,3,1,subtle_intent_drift
1,0.7043,0,7,0,0,0,0,0,0,0,0,legitimate
1,0.999,0,7,2,0,1,1,0,1,3,1,subtle_intent_drift
1,0.9066,0,9,1,0,0,0,2,0,2,0,legitimate
1,0.7781,0,7,0,0,0,0,0,0,0,0,legitimate
1,0.999,0,7,2,0,1,1,0,1,3,1,subtle_intent_drift
1,0.999,0,7,2,0,1,1,0,1,3,1,subtle_intent_drift
1,0.5221,0,9,1,0,0,0,2,0,2,0,legitimate
1,0.999,0,7,2,0,1,1,0,1,3,1,subtle_intent_drift
1,0.8497,0,7,0,0,0,0,0,0,0,0,legitimate
1,0.999,0,7,2,0,1,1,0,1,3,1,subtle_intent_drift
0,1.5,1,7,1,1,0,0,1,1,3,1,merchant_substitution
1,0.5695,0,7,0,0,0,0,0,0,0,0,legitimate
1,0.5176,0,7,0,0,0,0,0,0,0,0,legitimate
1,0.5375,0,7,0,0,0,0,0,0,0,0,legitimate
1,0.918,0,7,0,0,0,0,0,0,0,0,legitimate
0,1.5,1,7,1,1,0,0,1,1,3,1,merchant_substitution
0,1.5,1,7,1,1,0,0,1,1,3,1,merchant_substitution
1,0.9028,0,7,0,0,0,0,0,0,0,0,legitimate
1,0.999,0,7,2,0,1,1,0,1,3,1,subtle_intent_drift
1,0.8263,0,9,1,0,0,0,2,0,2,0,legitimate
1,0.6354,0,7,0,0,0,0,0,0,0,0,legitimate
1,0.999,0,7,2,0,1,1,0,1,3,1,subtle_intent_drift
1,0.9097,0,9,1,0,0,0,2,0,2,0,legitimate
1,0.5801,0,7,0,0,0,0,0,0,0,0,legitimate
1,0.8372,0,7,0,0,0,0,0,0,0,0,legitimate
1,0.8629,0,9,1,0,0,0,2,0,2,0,legitimate
1,0.9749,0,7,0,0,0,0,0,0,0,0,legitimate
1,0.6988,0,7,0,0,0,0,0,0,0,0,legitimate
0,1.5,1,7,1,1,0,0,1,1,3,1,merchant_substitution
1,0.6281,0,7,0,0,0,0,0,0,0,0,legitimate
1,0.7882,0,7,0,0,0,0,0,0,0,0,legitimate
1,0.7607,0,7,0,0,0,0,0,0,0,0,legitimate
0,1.5,1,7,1,1,0,0,1,1,3,1,merchant_substitution
1,0.999,0,7,2,0,1,1,0,1,3,1,subtle_intent_drift
1,0.891,0,7,0,0,0,0,0,0,0,0,legitimate
1,0.999,0,7,2,0,1,1,0,1,3,1,subtle_intent_drift
1,0.6879,0,7,0,0,0,0,0,0,0,0,legitimate
1,0.5451,0,7,0,0,0,0,0,0,0,0,legitimate
0,1.5,1,7,1,1,0,0,1,1,3,1,merchant_substitution
1,0.5713,0,7,0,0,0,0,0,0,0,0,legitimate
1,0.999,0,7,2,0,1,1,0,1,3,1,subtle_intent_drift
0,1.5,1,7,1,1,0,0,1,1,3,1,merchant_substitution
1,0.999,0,7,2,0,1,1,0,1,3,1,subtle_intent_drift
1,0.999,0,7,2,0,1,1,0,1,3,1,subtle_intent_drift
0,1.5,1,7,1,1,0,0,1,1,3,1,merchant_substitution
1,0.7707,0,7,0,0,0,0,0,0,0,0,legitimate
1,0.7143,0,7,0,0,0,0,0,0,0,0,legitimate
1,0.999,0,7,2,0,1,1,0,1,3,1,subtle_intent_drift
0,1.5,1,7,1,1,0,0,1,1,3,1,merchant_substitution
0,1.5,1,7,1,1,0,0,1,1,3,1,merchant_substitution
1,0.8272,0,7,0,0,0,0,0,0,0,0,legitimate
1,0.7509,0,9,1,0,0,0,2,0,2,0,legitimate
0,1.5,1,7,1,1,0,0,1,1,3,1,merchant_substitution
0,1.5,1,7,1,1,0,0,1,1,3,1,merchant_substitution
1,0.999,0,7,2,0,1,1,0,1,3,1,subtle_intent_drift
1,0.9096,0,9,1,0,0,0,2,0,2,0,legitimate
0,1.5,1,7,1,1,0,0,1,1,3,1,merchant_substitution
1,0.999,0,7,2,0,1,1,0,1,3,1,subtle_intent_drift
0,1.5,1,7,1,1,0,0,1,1,3,1,merchant_substitution
1,0.9171,0,9,1,0,0,0,2,0,2,0,legitimate
1,0.8575,0,7,0,0,0,0,0,0,0,0,legitimate
1,0.999,0,7,2,0,1,1,0,1,3,1,subtle_intent_drift
1,0.8401,0,7,0,0,0,0,0,0,0,0,legitimate
0,1.5,1,7,1,1,0,0,1,1,3,1,merchant_substitution
1,0.6114,0,7,0,0,0,0,0,0,0,0,legitimate
1,0.6752,0,7,0,0,0,0,0,0,0,0,legitimate
1,0.999,0,7,2,0,1,1,0,1,3,1,subtle_intent_drift
1,0.5981,0,7,0,0,0,0,0,0,0,0,legitimate
0,1.5,1,7,1,1,0,0,1,1,3,1,merchant_substitution
1,0.6293,0,7,0,0,0,0,0,0,0,0,legitimate
1,0.523,0,7,0,0,0,0,0,0,0,0,legitimate
1,0.5301,0,7,0,0,0,0,0,0,0,0,legitimate
1,0.864,0,7,0,0,0,0,0,0,0,0,legitimate
0,1.5,1,7,1,1,0,0,1,1,3,1,merchant_substitution
0,1.5,1,7,1,1,0,0,1,1,3,1,merchant_substitution
1,0.7212,0,7,0,0,0,0,0,0,0,0,legitimate
0,1.5,1,7,1,1,0,0,1,1,3,1,merchant_substitution
1,0.6601,0,7,0,0,0,0,0,0,0,0,legitimate
1,0.6146,0,7,0,0,0,0,0,0,0,0,legitimate
1,0.6507,0,7,0,0,0,0,0,0,0,0,legitimate
1,0.5683,0,9,1,0,0,0,2,0,2,0,legitimate
1,0.666,0,7,0,0,0,0,0,0,0,0,legitimate
0,1.5,1,7,1,1,0,0,1,1,3,1,merchant_substitution
1,0.999,0,7,2,0,1,1,0,1,3,1,subtle_intent_drift
1,0.7506,0,7,0,0,0,0,0,0,0,0,legitimate
0,1.5,1,7,1,1,0,0,1,1,3,1,merchant_substitution
0,1.5,1,7,1,1,0,0,1,1,3,1,merchant_substitution
0,1.5,1,7,1,1,0,0,1,1,3,1,merchant_substitution
0,1.5,1,7,1,1,0,0,1,1,3,1,merchant_substitution
1,0.9467,0,7,0,0,0,0,0,0,0,0,legitimate
1,0.7569,0,9,1,0,0,0,2,0,2,0,legitimate
1,0.7633,0,7,0,0,0,0,0,0,0,0,legitimate
0,1.5,1,7,1,1,0,0,1,1,3,1,merchant_substitution
0,1.5,1,7,1,1,0,0,1,1,3,1,merchant_substitution
1,0.6497,0,7,0,0,0,0,0,0,0,0,legitimate
1,0.5262,0,9,1,0,0,0,2,0,2,0,legitimate
0,1.5,1,7,1,1,0,0,1,1,3,1,merchant_substitution
1,0.999,0,7,2,0,1,1,0,1,3,1,subtle_intent_drift
1,0.5367,0,9,1,0,0,0,2,0,2,0,legitimate
1,0.6,0,7,0,0,0,0,0,0,0,0,legitimate
1,0.9429,0,7,0,0,0,0,0,0,0,0,legitimate
0,1.5,1,7,1,1,0,0,1,1,3,1,merchant_substitution
1,0.7856,0,7,0,0,0,0,0,0,0,0,legitimate
1,0.5952,0,9,1,0,0,0,2,0,2,0,legitimate
1,0.999,0,7,2,0,1,1,0,1,3,1,subtle_intent_drift
1,0.9631,0,7,0,0,0,0,0,0,0,0,legitimate
1,0.9767,0,9,1,0,0,0,2,0,2,0,legitimate
1,0.999,0,7,2,0,1,1,0,1,3,1,subtle_intent_drift
1,0.7719,0,7,0,0,0,0,0,0,0,0,legitimate
1,0.8412,0,7,0,0,0,0,0,0,0,0,legitimate
1,0.5893,0,9,1,0,0,0,2,0,2,0,legitimate
1,0.5326,0,7,0,0,0,0,0,0,0,0,legitimate
1,0.999,0,7,2,0,1,1,0,1,3,1,subtle_intent_drift
1,0.6959,0,7,0,0,0,0,0,0,0,0,legitimate
1,0.8915,0,7,0,0,0,0,0,0,0,0,legitimate
0,1.5,1,7,1,1,0,0,1,1,3,1,merchant_substitution
1,0.999,0,7,2,0,1,1,0,1,3,1,subtle_intent_drift
1,0.5217,0,7,0,0,0,0,0,0,0,0,legitimate
1,0.8472,0,7,0,0,0,0,0,0,0,0,legitimate
1,0.9617,0,7,0,0,0,0,0,0,0,0,legitimate
1,0.9597,0,7,0,0,0,0,0,0,0,0,legitimate
1,0.7781,0,7,0,0,0,0,0,0,0,0,legitimate
1,0.999,0,7,2,0,1,1,0,1,3,1,subtle_intent_drift
1,0.8218,0,7,0,0,0,0,0,0,0,0,legitimate
1,0.999,0,7,2,0,1,1,0,1,3,1,subtle_intent_drift
1,0.999,0,7,2,0,1,1,0,1,3,1,subtle_intent_drift
1,0.999,0,7,2,0,1,1,0,1,3,1,subtle_intent_drift
1,0.5068,0,7,0,0,0,0,0,0,0,0,legitimate
1,0.8244,0,7,0,0,0,0,0,0,0,0,legitimate
1,0.749,0,7,0,0,0,0,0,0,0,0,legitimate
1,0.8865,0,7,0,0,0,0,0,0,0,0,legitimate
1,0.7483,0,9,1,0,0,0,2,0,2,0,legitimate
1,0.669,0,7,0,0,0,0,0,0,0,0,legitimate
1,0.7762,0,7,0,0,0,0,0,0,0,0,legitimate
1,0.6278,0,7,0,0,0,0,0,0,0,0,legitimate
0,1.5,1,7,1,1,0,0,1,1,3,1,merchant_substitution
1,0.9344,0,7,0,0,0,0,0,0,0,0,legitimate
1,0.7451,0,9,1,0,0,0,2,0,2,0,legitimate
1,0.6117,0,7,0,0,0,0,0,0,0,0,legitimate
1,0.999,0,7,2,0,1,1,0,1,3,1,subtle_intent_drift
0,1.5,1,7,1,1,0,0,1,1,3,1,merchant_substitution
0,1.5,1,7,1,1,0,0,1,1,3,1,merchant_substitution
0,1.5,1,7,1,1,0,0,1,1,3,1,merchant_substitution
0,1.5,1,7,1,1,0,0,1,1,3,1,merchant_substitution
1,0.6039,0,7,0,0,0,0,0,0,0,0,legitimate
1,0.999,0,7,2,0,1,1,0,1,3,1,subtle_intent_drift
1,0.7274,0,7,0,0,0,0,0,0,0,0,legitimate
0,1.5,1,7,1,1,0,0,1,1,3,1,merchant_substitution
1,0.6796,0,7,0,0,0,0,0,0,0,0,legitimate
1,0.999,0,7,2,0,1,1,0,1,3,1,subtle_intent_drift
1,0.7113,0,7,0,0,0,0,0,0,0,0,legitimate
1,0.999,0,7,2,0,1,1,0,1,3,1,subtle_intent_drift
1,0.5786,0,7,0,0,0,0,0,0,0,0,legitimate
1,0.999,0,7,2,0,1,1,0,1,3,1,subtle_intent_drift
1,0.999,0,7,2,0,1,1,0,1,3,1,subtle_intent_drift
1,0.7058,0,9,1,0,0,0,2,0,2,0,legitimate
0,1.5,1,7,1,1,0,0,1,1,3,1,merchant_substitution
1,0.7571,0,9,1,0,0,0,2,0,2,0,legitimate
1,0.7061,0,7,0,0,0,0,0,0,0,0,legitimate
1,0.999,0,7,2,0,1,1,0,1,3,1,subtle_intent_drift
1,0.999,0,7,2,0,1,1,0,1,3,1,subtle_intent_drift
1,0.6727,0,7,0,0,0,0,0,0,0,0,legitimate
1,0.6211,0,7,0,0,0,0,0,0,0,0,legitimate
0,1.5,1,7,1,1,0,0,1,1,3,1,merchant_substitution
1,0.8977,0,7,0,0,0,0,0,0,0,0,legitimate
1,0.5192,0,7,0,0,0,0,0,0,0,0,legitimate
0,1.5,1,7,1,1,0,0,1,1,3,1,merchant_substitution
1,0.6454,0,9,1,0,0,0,2,0,2,0,legitimate
0,1.5,1,7,1,1,0,0,1,1,3,1,merchant_substitution
1,0.5933,0,7,0,0,0,0,0,0,0,0,legitimate
1,0.8471,0,9,1,0,0,0,2,0,2,0,legitimate
1,0.8232,0,9,1,0,0,0,2,0,2,0,legitimate
0,1.5,1,7,1,1,0,0,1,1,3,1,merchant_substitution
1,0.999,0,7,2,0,1,1,0,1,3,1,subtle_intent_drift
1,0.6746,0,9,1,0,0,0,2,0,2,0,legitimate
0,1.5,1,7,1,1,0,0,1,1,3,1,merchant_substitution
1,0.5812,0,7,0,0,0,0,0,0,0,0,legitimate
1,0.9534,0,7,0,0,0,0,0,0,0,0,legitimate
1,0.999,0,7,2,0,1,1,0,1,3,1,subtle_intent_drift
1,0.869,0,7,0,0,0,0,0,0,0,0,legitimate
1,0.8706,0,7,0,0,0,0,0,0,0,0,legitimate
1,0.5976,0,9,1,0,0,0,2,0,2,0,legitimate
0,1.5,1,7,1,1,0,0,1,1,3,1,merchant_substitution
1,0.5422,0,7,0,0,0,0,0,0,0,0,legitimate
0,1.5,1,7,1,1,0,0,1,1,3,1,merchant_substitution
1,0.999,0,7,2,0,1,1,0,1,3,1,subtle_intent_drift
0,1.5,1,7,1,1,0,0,1,1,3,1,merchant_substitution
0,1.5,1,7,1,1,0,0,1,1,3,1,merchant_substitution
1,0.999,0,7,2,0,1,1,0,1,3,1,subtle_intent_drift
1,0.9697,0,7,0,0,0,0,0,0,0,0,legitimate
1,0.9147,0,7,0,0,0,0,0,0,0,0,legitimate
1,0.999,0,7,2,0,1,1,0,1,3,1,subtle_intent_drift
1,0.7121,0,7,0,0,0,0,0,0,0,0,legitimate
1,0.999,0,7,2,0,1,1,0,1,3,1,subtle_intent_drift
1,0.7635,0,7,0,0,0,0,0,0,0,0,legitimate
1,0.999,0,7,2,0,1,1,0,1,3,1,subtle_intent_drift
1,0.999,0,7,2,0,1,1,0,1,3,1,subtle_intent_drift
1,0.8369,0,7,0,0,0,0,0,0,0,0,legitimate
1,0.999,0,7,2,0,1,1,0,1,3,1,subtle_intent_drift
1,0.999,0,7,2,0,1,1,0,1,3,1,subtle_intent_drift
0,1.5,1,7,1,1,0,0,1,1,3,1,merchant_substitution
1,0.6676,0,9,1,0,0,0,2,0,2,0,legitimate
1,0.999,0,7,2,0,1,1,0,1,3,1,subtle_intent_drift
1,0.9537,0,7,0,0,0,0,0,0,0,0,legitimate
0,1.5,1,7,1,1,0,0,1,1,3,1,merchant_substitution
1,0.7102,0,7,0,0,0,0,0,0,0,0,legitimate
1,0.9768,0,7,0,0,0,0,0,0,0,0,legitimate
1,0.5965,0,9,1,0,0,0,2,0,2,0,legitimate
1,0.999,0,7,2,0,1,1,0,1,3,1,subtle_intent_drift
0,1.5,1,7,1,1,0,0,1,1,3,1,merchant_substitution
1,0.8914,0,7,0,0,0,0,0,0,0,0,legitimate
1,0.6501,0,7,0,0,0,0,0,0,0,0,legitimate
1,0.7136,0,7,0,0,0,0,0,0,0,0,legitimate
1,0.999,0,7,2,0,1,1,0,1,3,1,subtle_intent_drift
0,1.5,1,7,1,1,0,0,1,1,3,1,merchant_substitution
1,0.6893,0,9,1,0,0,0,2,0,2,0,legitimate
1,0.8862,0,7,0,0,0,0,0,0,0,0,legitimate
0,1.5,1,7,1,1,0,0,1,1,3,1,merchant_substitution
1,0.6766,0,7,0,0,0,0,0,0,0,0,legitimate
1,0.999,0,7,2,0,1,1,0,1,3,1,subtle_intent_drift
1,0.9002,0,7,0,0,0,0,0,0,0,0,legitimate
1,0.5404,0,7,0,0,0,0,0,0,0,0,legitimate
1,0.8026,0,9,1,0,0,0,2,0,2,0,legitimate
1,0.999,0,7,2,0,1,1,0,1,3,1,subtle_intent_drift
1,0.933,0,9,1,0,0,0,2,0,2,0,legitimate
1,0.7426,0,7,0,0,0,0,0,0,0,0,legitimate
1,0.7194,0,9,1,0,0,0,2,0,2,0,legitimate
0,1.5,1,7,1,1,0,0,1,1,3,1,merchant_substitution
0,1.5,1,7,1,1,0,0,1,1,3,1,merchant_substitution
0,1.5,1,7,1,1,0,0,1,1,3,1,merchant_substitution
0,1.5,1,7,1,1,0,0,1,1,3,1,merchant_substitution
1,0.7683,0,7,0,0,0,0,0,0,0,0,legitimate
1,0.999,0,7,2,0,1,1,0,1,3,1,subtle_intent_drift
1,0.999,0,7,2,0,1,1,0,1,3,1,subtle_intent_drift
1,0.999,0,7,2,0,1,1,0,1,3,1,subtle_intent_drift
0,1.5,1,7,1,1,0,0,1,1,3,1,merchant_substitution
1,0.7845,0,9,1,0,0,0,2,0,2,0,legitimate
0,1.5,1,7,1,1,0,0,1,1,3,1,merchant_substitution
1,0.9134,0,7,0,0,0,0,0,0,0,0,legitimate
1,0.8099,0,9,1,0,0,0,2,0,2,0,legitimate
1,0.9038,0,7,0,0,0,0,0,0,0,0,legitimate
1,0.5696,0,7,0,0,0,0,0,0,0,0,legitimate
1,0.999,0,7,2,0,1,1,0,1,3,1,subtle_intent_drift
1,0.7249,0,7,0,0,0,0,0,0,0,0,legitimate
1,0.75,0,9,1,0,0,0,2,0,2,0,legitimate
1,0.999,0,7,2,0,1,1,0,1,3,1,subtle_intent_drift
1,0.999,0,7,2,0,1,1,0,1,3,1,subtle_intent_drift
1,0.7975,0,9,1,0,0,0,2,0,2,0,legitimate
1,0.7327,0,7,0,0,0,0,0,0,0,0,legitimate
1,0.7597,0,7,0,0,0,0,0,0,0,0,legitimate
1,0.7427,0,7,0,0,0,0,0,0,0,0,legitimate
1,0.8679,0,7,0,0,0,0,0,0,0,0,legitimate
1,0.999,0,7,2,0,1,1,0,1,3,1,subtle_intent_drift
1,0.999,0,7,2,0,1,1,0,1,3,1,subtle_intent_drift
1,0.9708,0,7,0,0,0,0,0,0,0,0,legitimate
0,1.5,1,7,1,1,0,0,1,1,3,1,merchant_substitution
0,1.5,1,7,1,1,0,0,1,1,3,1,merchant_substitution
1,0.722,0,7,0,0,0,0,0,0,0,0,legitimate
1,0.9177,0,7,0,0,0,0,0,0,0,0,legitimate
1,0.7701,0,7,0,0,0,0,0,0,0,0,legitimate
1,0.5935,0,7,0,0,0,0,0,0,0,0,legitimate
1,0.6246,0,7,0,0,0,0,0,0,0,0,legitimate
1,0.6212,0,7,0,0,0,0,0,0,0,0,legitimate
0,1.5,1,7,1,1,0,0,1,1,3,1,merchant_substitution
0,1.5,1,7,1,1,0,0,1,1,3,1,merchant_substitution
1,0.999,0,7,2,0,1,1,0,1,3,1,subtle_intent_drift
0,1.5,1,7,1,1,0,0,1,1,3,1,merchant_substitution
1,0.7283,0,7,0,0,0,0,0,0,0,0,legitimate
1,0.9116,0,9,1,0,0,0,2,0,2,0,legitimate
1,0.999,0,7,2,0,1,1,0,1,3,1,subtle_intent_drift
1,0.6608,0,9,1,0,0,0,2,0,2,0,legitimate
1,0.505,0,7,0,0,0,0,0,0,0,0,legitimate
1,0.9374,0,7,0,0,0,0,0,0,0,0,legitimate
1,0.8628,0,7,0,0,0,0,0,0,0,0,legitimate
1,0.6633,0,7,0,0,0,0,0,0,0,0,legitimate
1,0.7426,0,7,0,0,0,0,0,0,0,0,legitimate
0,1.5,1,7,1,1,0,0,1,1,3,1,merchant_substitution
1,0.6237,0,7,0,0,0,0,0,0,0,0,legitimate
0,1.5,1,7,1,1,0,0,1,1,3,1,merchant_substitution
1,0.9358,0,7,0,0,0,0,0,0,0,0,legitimate
1,0.999,0,7,2,0,1,1,0,1,3,1,subtle_intent_drift
0,1.5,1,7,1,1,0,0,1,1,3,1,merchant_substitution
1,0.5982,0,7,0,0,0,0,0,0,0,0,legitimate
1,0.999,0,7,2,0,1,1,0,1,3,1,subtle_intent_drift
1,0.7142,0,7,0,0,0,0,0,0,0,0,legitimate
1,0.999,0,7,2,0,1,1,0,1,3,1,subtle_intent_drift
0,1.5,1,7,1,1,0,0,1,1,3,1,merchant_substitution
1,0.999,0,7,2,0,1,1,0,1,3,1,subtle_intent_drift
1,0.7535,0,9,1,0,0,0,2,0,2,0,legitimate
1,0.999,0,7,2,0,1,1,0,1,3,1,subtle_intent_drift
1,0.7634,0,7,0,0,0,0,0,0,0,0,legitimate
1,0.6333,0,7,0,0,0,0,0,0,0,0,legitimate
1,0.5594,0,7,0,0,0,0,0,0,0,0,legitimate
1,0.8365,0,7,0,0,0,0,0,0,0,0,legitimate
0,1.5,1,7,1,1,0,0,1,1,3,1,merchant_substitution
1,0.577,0,7,0,0,0,0,0,0,0,0,legitimate
1,0.999,0,7,2,0,1,1,0,1,3,1,subtle_intent_drift
1,0.999,0,7,2,0,1,1,0,1,3,1,subtle_intent_drift
1,0.999,0,7,2,0,1,1,0,1,3,1,subtle_intent_drift
0,1.5,1,7,1,1,0,0,1,1,3,1,merchant_substitution
1,0.999,0,7,2,0,1,1,0,1,3,1,subtle_intent_drift
1,0.7003,0,9,1,0,0,0,2,0,2,0,legitimate
0,1.5,1,7,1,1,0,0,1,1,3,1,merchant_substitution
0,1.5,1,7,1,1,0,0,1,1,3,1,merchant_substitution
0,1.5,1,7,1,1,0,0,1,1,3,1,merchant_substitution
1,0.999,0,7,2,0,1,1,0,1,3,1,subtle_intent_drift
1,0.9263,0,7,0,0,0,0,0,0,0,0,legitimate
0,1.5,1,7,1,1,0,0,1,1,3,1,merchant_substitution
0,1.5,1,7,1,1,0,0,1,1,3,1,merchant_substitution
1,0.8902,0,7,0,0,0,0,0,0,0,0,legitimate
1,0.6696,0,7,0,0,0,0,0,0,0,0,legitimate
1,0.761,0,7,0,0,0,0,0,0,0,0,legitimate
1,0.999,0,7,2,0,1,1,0,1,3,1,subtle_intent_drift
1,0.7484,0,7,0,0,0,0,0,0,0,0,legitimate
1,0.86,0,7,0,0,0,0,0,0,0,0,legitimate
1,0.9527,0,9,1,0,0,0,2,0,2,0,legitimate
1,0.8203,0,7,0,0,0,0,0,0,0,0,legitimate
1,0.6675,0,9,1,0,0,0,2,0,2,0,legitimate
1,0.9589,0,7,0,0,0,0,0,0,0,0,legitimate
1,0.8422,0,7,0,0,0,0,0,0,0,0,legitimate
1,0.7443,0,7,0,0,0,0,0,0,0,0,legitimate
1,0.999,0,7,2,0,1,1,0,1,3,1,subtle_intent_drift
1,0.999,0,7,2,0,1,1,0,1,3,1,subtle_intent_drift
1,0.6212,0,7,0,0,0,0,0,0,0,0,legitimate
0,1.5,1,7,1,1,0,0,1,1,3,1,merchant_substitution
1,0.7113,0,7,0,0,0,0,0,0,0,0,legitimate
1,0.7947,0,7,0,0,0,0,0,0,0,0,legitimate
0,1.5,1,7,1,1,0,0,1,1,3,1,merchant_substitution
1,0.8158,0,7,0,0,0,0,0,0,0,0,legitimate
0,1.5,1,7,1,1,0,0,1,1,3,1,merchant_substitution
0,1.5,1,7,1,1,0,0,1,1,3,1,merchant_substitution
1,0.5751,0,9,1,0,0,0,2,0,2,0,legitimate
0,1.5,1,7,1,1,0,0,1,1,3,1,merchant_substitution
1,0.7971,0,9,1,0,0,0,2,0,2,0,legitimate
1,0.5824,0,7,0,0,0,0,0,0,0,0,legitimate
1,0.999,0,7,2,0,1,1,0,1,3,1,subtle_intent_drift
1,0.5559,0,9,1,0,0,0,2,0,2,0,legitimate
0,1.5,1,7,1,1,0,0,1,1,3,1,merchant_substitution
1,0.999,0,7,2,0,1,1,0,1,3,1,subtle_intent_drift
1,0.6753,0,9,1,0,0,0,2,0,2,0,legitimate
1,0.999,0,7,2,0,1,1,0,1,3,1,subtle_intent_drift
1,0.7539,0,7,0,0,0,0,0,0,0,0,legitimate
1,0.999,0,7,2,0,1,1,0,1,3,1,subtle_intent_drift
1,0.8575,0,9,1,0,0,0,2,0,2,0,legitimate
0,1.5,1,7,1,1,0,0,1,1,3,1,merchant_substitution
1,0.999,0,7,2,0,1,1,0,1,3,1,subtle_intent_drift
0,1.5,1,7,1,1,0,0,1,1,3,1,merchant_substitution
1,0.999,0,7,2,0,1,1,0,1,3,1,subtle_intent_drift
1,0.999,0,7,2,0,1,1,0,1,3,1,subtle_intent_drift
0,1.5,1,7,1,1,0,0,1,1,3,1,merchant_substitution
0,1.5,1,7,1,1,0,0,1,1,3,1,merchant_substitution
1,0.999,0,7,2,0,1,1,0,1,3,1,subtle_intent_drift
1,0.6964,0,7,0,0,0,0,0,0,0,0,legitimate
1,0.999,0,7,2,0,1,1,0,1,3,1,subtle_intent_drift
1,0.5368,0,7,0,0,0,0,0,0,0,0,legitimate
0,1.5,1,7,1,1,0,0,1,1,3,1,merchant_substitution
1,0.5923,0,9,1,0,0,0,2,0,2,0,legitimate
1,0.7356,0,7,0,0,0,0,0,0,0,0,legitimate
1,0.999,0,7,2,0,1,1,0,1,3,1,subtle_intent_drift
1,0.999,0,7,2,0,1,1,0,1,3,1,subtle_intent_drift
1,0.999,0,7,2,0,1,1,0,1,3,1,subtle_intent_drift
1,0.999,0,7,2,0,1,1,0,1,3,1,subtle_intent_drift
1,0.999,0,7,2,0,1,1,0,1,3,1,subtle_intent_drift
1,0.999,0,7,2,0,1,1,0,1,3,1,subtle_intent_drift
1,0.999,0,7,2,0,1,1,0,1,3,1,subtle_intent_drift
0,1.5,1,7,1,1,0,0,1,1,3,1,merchant_substitution
1,0.6891,0,7,0,0,0,0,0,0,0,0,legitimate
1,0.999,0,7,2,0,1,1,0,1,3,1,subtle_intent_drift
1,0.8869,0,9,1,0,0,0,2,0,2,0,legitimate
0,1.5,1,7,1,1,0,0,1,1,3,1,merchant_substitution
0,1.5,1,7,1,1,0,0,1,1,3,1,merchant_substitution
1,0.999,0,7,2,0,1,1,0,1,3,1,subtle_intent_drift
1,0.8605,0,7,0,0,0,0,0,0,0,0,legitimate
0,1.5,1,7,1,1,0,0,1,1,3,1,merchant_substitution
1,0.8912,0,7,0,0,0,0,0,0,0,0,legitimate
0,1.5,1,7,1,1,0,0,1,1,3,1,merchant_substitution
1,0.8779,0,7,0,0,0,0,0,0,0,0,legitimate
0,1.5,1,7,1,1,0,0,1,1,3,1,merchant_substitution
1,0.7456,0,9,1,0,0,0,2,0,2,0,legitimate
1,0.9135,0,7,0,0,0,0,0,0,0,0,legitimate
1,0.882,0,7,0,0,0,0,0,0,0,0,legitimate
0,1.5,1,7,1,1,0,0,1,1,3,1,merchant_substitution
0,1.5,1,7,1,1,0,0,1,1,3,1,merchant_substitution
1,0.9689,0,7,0,0,0,0,0,0,0,0,legitimate
1,0.6537,0,7,0,0,0,0,0,0,0,0,legitimate
0,1.5,1,7,1,1,0,0,1,1,3,1,merchant_substitution
0,1.5,1,7,1,1,0,0,1,1,3,1,merchant_substitution
1,0.6548,0,7,0,0,0,0,0,0,0,0,legitimate
0,1.5,1,7,1,1,0,0,1,1,3,1,merchant_substitution
1,0.999,0,7,2,0,1,1,0,1,3,1,subtle_intent_drift
0,1.5,1,7,1,1,0,0,1,1,3,1,merchant_substitution
1,0.5144,0,7,0,0,0,0,0,0,0,0,legitimate
1,0.7322,0,9,1,0,0,0,2,0,2,0,legitimate
1,0.999,0,7,2,0,1,1,0,1,3,1,subtle_intent_drift
1,0.5809,0,7,0,0,0,0,0,0,0,0,legitimate
1,0.9648,0,7,0,0,0,0,0,0,0,0,legitimate
0,1.5,1,7,1,1,0,0,1,1,3,1,merchant_substitution
1,0.6211,0,7,0,0,0,0,0,0,0,0,legitimate
1,0.999,0,7,2,0,1,1,0,1,3,1,subtle_intent_drift
1,0.7467,0,7,0,0,0,0,0,0,0,0,legitimate
1,0.7834,0,7,0,0,0,0,0,0,0,0,legitimate
0,1.5,1,7,1,1,0,0,1,1,3,1,merchant_substitution
0,1.5,1,7,1,1,0,0,1,1,3,1,merchant_substitution
1,0.7369,0,7,0,0,0,0,0,0,0,0,legitimate
1,0.7959,0,7,0,0,0,0,0,0,0,0,legitimate
1,0.8707,0,9,1,0,0,0,2,0,2,0,legitimate
0,1.5,1,7,1,1,0,0,1,1,3,1,merchant_substitution
1,0.7368,0,7,0,0,0,0,0,0,0,0,legitimate
0,1.5,1,7,1,1,0,0,1,1,3,1,merchant_substitution
1,0.999,0,7,2,0,1,1,0,1,3,1,subtle_intent_drift
1,0.9611,0,7,0,0,0,0,0,0,0,0,legitimate
0,1.5,1,7,1,1,0,0,1,1,3,1,merchant_substitution
0,1.5,1,7,1,1,0,0,1,1,3,1,merchant_substitution
0,1.5,1,7,1,1,0,0,1,1,3,1,merchant_substitution
1,0.9729,0,9,1,0,0,0,2,0,2,0,legitimate
0,1.5,1,7,1,1,0,0,1,1,3,1,merchant_substitution
1,0.999,0,7,2,0,1,1,0,1,3,1,subtle_intent_drift
1,0.7512,0,9,1,0,0,0,2,0,2,0,legitimate
0,1.5,1,7,1,1,0,0,1,1,3,1,merchant_substitution
1,0.7249,0,7,0,0,0,0,0,0,0,0,legitimate
1,0.999,0,7,2,0,1,1,0,1,3,1,subtle_intent_drift
1,0.999,0,7,2,0,1,1,0,1,3,1,subtle_intent_drift
0,1.5,1,7,1,1,0,0,1,1,3,1,merchant_substitution
1,0.9137,0,7,0,0,0,0,0,0,0,0,legitimate
1,0.8994,0,7,0,0,0,0,0,0,0,0,legitimate
0,1.5,1,7,1,1,0,0,1,1,3,1,merchant_substitution
1,0.999,0,7,2,0,1,1,0,1,3,1,subtle_intent_drift
1,0.9129,0,7,0,0,0,0,0,0,0,0,legitimate
1,0.9455,0,9,1,0,0,0,2,0,2,0,legitimate
1,0.7899,0,9,1,0,0,0,2,0,2,0,legitimate
1,0.8282,0,7,0,0,0,0,0,0,0,0,legitimate
1,0.7153,0,9,1,0,0,0,2,0,2,0,legitimate
0,1.5,1,7,1,1,0,0,1,1,3,1,merchant_substitution
1,0.7829,0,7,0,0,0,0,0,0,0,0,legitimate
1,0.999,0,7,2,0,1,1,0,1,3,1,subtle_intent_drift
1,0.6398,0,7,0,0,0,0,0,0,0,0,legitimate
1,0.7976,0,9,1,0,0,0,2,0,2,0,legitimate
1,0.8397,0,7,0,0,0,0,0,0,0,0,legitimate
1,0.999,0,7,2,0,1,1,0,1,3,1,subtle_intent_drift
1,0.8182,0,7,0,0,0,0,0,0,0,0,legitimate
1,0.999,0,7,2,0,1,1,0,1,3,1,subtle_intent_drift
1,0.999,0,7,2,0,1,1,0,1,3,1,subtle_intent_drift
0,1.5,1,7,1,1,0,0,1,1,3,1,merchant_substitution
1,0.7261,0,7,0,0,0,0,0,0,0,0,legitimate
0,1.5,1,7,1,1,0,0,1,1,3,1,merchant_substitution
1,0.7284,0,7,0,0,0,0,0,0,0,0,legitimate
0,1.5,1,7,1,1,0,0,1,1,3,1,merchant_substitution
0,1.5,1,7,1,1,0,0,1,1,3,1,merchant_substitution
1,0.59,0,7,0,0,0,0,0,0,0,0,legitimate
0,1.5,1,7,1,1,0,0,1,1,3,1,merchant_substitution
0,1.5,1,7,1,1,0,0,1,1,3,1,merchant_substitution
0,1.5,1,7,1,1,0,0,1,1,3,1,merchant_substitution
0,1.5,1,7,1,1,0,0,1,1,3,1,merchant_substitution
1,0.7547,0,7,0,0,0,0,0,0,0,0,legitimate
1,0.8579,0,9,1,0,0,0,2,0,2,0,legitimate
1,0.999,0,7,2,0,1,1,0,1,3,1,subtle_intent_drift
1,0.999,0,7,2,0,1,1,0,1,3,1,subtle_intent_drift
1,0.999,0,7,2,0,1,1,0,1,3,1,subtle_intent_drift
1,0.6877,0,9,1,0,0,0,2,0,2,0,legitimate
1,0.5888,0,7,0,0,0,0,0,0,0,0,legitimate
1,0.6218,0,7,0,0,0,0,0,0,0,0,legitimate
1,0.7953,0,7,0,0,0,0,0,0,0,0,legitimate
1,0.5702,0,7,0,0,0,0,0,0,0,0,legitimate
0,1.5,1,7,1,1,0,0,1,1,3,1,merchant_substitution
1,0.999,0,7,2,0,1,1,0,1,3,1,subtle_intent_drift
1,0.5448,0,9,1,0,0,0,2,0,2,0,legitimate
1,0.6707,0,7,0,0,0,0,0,0,0,0,legitimate
1,0.538,0,7,0,0,0,0,0,0,0,0,legitimate
0,1.5,1,7,1,1,0,0,1,1,3,1,merchant_substitution
0,1.5,1,7,1,1,0,0,1,1,3,1,merchant_substitution
1,0.9137,0,7,0,0,0,0,0,0,0,0,legitimate
1,0.7757,0,9,1,0,0,0,2,0,2,0,legitimate
0,1.5,1,7,1,1,0,0,1,1,3,1,merchant_substitution
1,0.9512,0,7,0,0,0,0,0,0,0,0,legitimate
1,0.999,0,7,2,0,1,1,0,1,3,1,subtle_intent_drift
1,0.614,0,7,0,0,0,0,0,0,0,0,legitimate
1,0.6305,0,9,1,0,0,0,2,0,2,0,legitimate
1,0.7078,0,7,0,0,0,0,0,0,0,0,legitimate
1,0.999,0,7,2,0,1,1,0,1,3,1,subtle_intent_drift
1,0.999,0,7,2,0,1,1,0,1,3,1,subtle_intent_drift
1,0.8524,0,7,0,0,0,0,0,0,0,0,legitimate
1,0.6485,0,7,0,0,0,0,0,0,0,0,legitimate
0,1.5,1,7,1,1,0,0,1,1,3,1,merchant_substitution
1,0.7153,0,7,0,0,0,0,0,0,0,0,legitimate
1,0.7444,0,9,1,0,0,0,2,0,2,0,legitimate
1,0.7609,0,7,0,0,0,0,0,0,0,0,legitimate
1,0.5325,0,7,0,0,0,0,0,0,0,0,legitimate
0,1.5,1,7,1,1,0,0,1,1,3,1,merchant_substitution
1,0.9417,0,9,1,0,0,0,2,0,2,0,legitimate
1,0.7131,0,7,0,0,0,0,0,0,0,0,legitimate
1,0.5981,0,9,1,0,0,0,2,0,2,0,legitimate
1,0.999,0,7,2,0,1,1,0,1,3,1,subtle_intent_drift
0,1.5,1,7,1,1,0,0,1,1,3,1,merchant_substitution
1,0.999,0,7,2,0,1,1,0,1,3,1,subtle_intent_drift
1,0.999,0,7,2,0,1,1,0,1,3,1,subtle_intent_drift
0,1.5,1,7,1,1,0,0,1,1,3,1,merchant_substitution
1,0.8184,0,7,0,0,0,0,0,0,0,0,legitimate
1,0.8262,0,7,0,0,0,0,0,0,0,0,legitimate
1,0.6529,0,7,0,0,0,0,0,0,0,0,legitimate
1,0.5495,0,9,1,0,0,0,2,0,2,0,legitimate
1,0.999,0,7,2,0,1,1,0,1,3,1,subtle_intent_drift
0,1.5,1,7,1,1,0,0,1,1,3,1,merchant_substitution
1,0.7356,0,7,0,0,0,0,0,0,0,0,legitimate
1,0.8272,0,7,0,0,0,0,0,0,0,0,legitimate
0,1.5,1,7,1,1,0,0,1,1,3,1,merchant_substitution
1,0.8267,0,9,1,0,0,0,2,0,2,0,legitimate
1,0.999,0,7,2,0,1,1,0,1,3,1,subtle_intent_drift
0,1.5,1,7,1,1,0,0,1,1,3,1,merchant_substitution
1,0.6925,0,7,0,0,0,0,0,0,0,0,legitimate
0,1.5,1,7,1,1,0,0,1,1,3,1,merchant_substitution
1,0.999,0,7,2,0,1,1,0,1,3,1,subtle_intent_drift
1,0.7985,0,7,0,0,0,0,0,0,0,0,legitimate
1,0.7381,0,9,1,0,0,0,2,0,2,0,legitimate
1,0.8053,0,9,1,0,0,0,2,0,2,0,legitimate
1,0.7527,0,7,0,0,0,0,0,0,0,0,legitimate
1,0.6238,0,7,0,0,0,0,0,0,0,0,legitimate
1,0.9693,0,7,0,0,0,0,0,0,0,0,legitimate
1,0.999,0,7,2,0,1,1,0,1,3,1,subtle_intent_drift
0,1.5,1,7,1,1,0,0,1,1,3,1,merchant_substitution
1,0.999,0,7,2,0,1,1,0,1,3,1,subtle_intent_drift
1,0.9411,0,7,0,0,0,0,0,0,0,0,legitimate
1,0.7084,0,7,0,0,0,0,0,0,0,0,legitimate
1,0.5906,0,7,0,0,0,0,0,0,0,0,legitimate
0,1.5,1,7,1,1,0,0,1,1,3,1,merchant_substitution
1,0.9742,0,7,0,0,0,0,0,0,0,0,legitimate
1,0.5953,0,7,0,0,0,0,0,0,0,0,legitimate
1,0.7739,0,7,0,0,0,0,0,0,0,0,legitimate
1,0.9093,0,7,0,0,0,0,0,0,0,0,legitimate
0,1.5,1,7,1,1,0,0,1,1,3,1,merchant_substitution
1,0.999,0,7,2,0,1,1,0,1,3,1,subtle_intent_drift
1,0.7586,0,7,0,0,0,0,0,0,0,0,legitimate
1,0.999,0,7,2,0,1,1,0,1,3,1,subtle_intent_drift
0,1.5,1,7,1,1,0,0,1,1,3,1,merchant_substitution
1,0.999,0,7,2,0,1,1,0,1,3,1,subtle_intent_drift
1,0.999,0,7,2,0,1,1,0,1,3,1,subtle_intent_drift
1,0.999,0,7,2,0,1,1,0,1,3,1,subtle_intent_drift
0,1.5,1,7,1,1,0,0,1,1,3,1,merchant_substitution
0,1.5,1,7,1,1,0,0,1,1,3,1,merchant_substitution
0,1.5,1,7,1,1,0,0,1,1,3,1,merchant_substitution
0,1.5,1,7,1,1,0,0,1,1,3,1,merchant_substitution
0,1.5,1,7,1,1,0,0,1,1,3,1,merchant_substitution
0,1.5,1,7,1,1,0,0,1,1,3,1,merchant_substitution
0,1.5,1,7,1,1,0,0,1,1,3,1,merchant_substitution
0,1.5,1,7,1,1,0,0,1,1,3,1,merchant_substitution
1,0.999,0,7,2,0,1,1,0,1,3,1,subtle_intent_drift
1,0.7489,0,7,0,0,0,0,0,0,0,0,legitimate
1,0.586,0,7,0,0,0,0,0,0,0,0,legitimate
1,0.6866,0,9,1,0,0,0,2,0,2,0,legitimate
0,1.5,1,7,1,1,0,0,1,1,3,1,merchant_substitution
1,0.999,0,7,2,0,1,1,0,1,3,1,subtle_intent_drift
1,0.7035,0,7,0,0,0,0,0,0,0,0,legitimate
1,0.999,0,7,2,0,1,1,0,1,3,1,subtle_intent_drift
1,0.5945,0,7,0,0,0,0,0,0,0,0,legitimate
0,1.5,1,7,1,1,0,0,1,1,3,1,merchant_substitution
0,1.5,1,7,1,1,0,0,1,1,3,1,merchant_substitution
1,0.999,0,7,2,0,1,1,0,1,3,1,subtle_intent_drift
1,0.999,0,7,2,0,1,1,0,1,3,1,subtle_intent_drift
1,0.606,0,7,0,0,0,0,0,0,0,0,legitimate
1,0.903,0,7,0,0,0,0,0,0,0,0,legitimate
1,0.999,0,7,2,0,1,1,0,1,3,1,subtle_intent_drift
0,1.5,1,7,1,1,0,0,1,1,3,1,merchant_substitution
1,0.8585,0,7,0,0,0,0,0,0,0,0,legitimate
1,0.8848,0,7,0,0,0,0,0,0,0,0,legitimate
1,0.5092,0,7,0,0,0,0,0,0,0,0,legitimate
0,1.5,1,7,1,1,0,0,1,1,3,1,merchant_substitution
0,1.5,1,7,1,1,0,0,1,1,3,1,merchant_substitution
0,1.5,1,7,1,1,0,0,1,1,3,1,merchant_substitution
1,0.6617,0,9,1,0,0,0,2,0,2,0,legitimate
1,0.8678,0,7,0,0,0,0,0,0,0,0,legitimate
1,0.6032,0,7,0,0,0,0,0,0,0,0,legitimate
0,1.5,1,7,1,1,0,0,1,1,3,1,merchant_substitution
1,0.5284,0,7,0,0,0,0,0,0,0,0,legitimate
1,0.999,0,7,2,0,1,1,0,1,3,1,subtle_intent_drift
1,0.6714,0,9,1,0,0,0,2,0,2,0,legitimate
1,0.8918,0,7,0,0,0,0,0,0,0,0,legitimate
0,1.5,1,7,1,1,0,0,1,1,3,1,merchant_substitution
1,0.5781,0,9,1,0,0,0,2,0,2,0,legitimate
0,1.5,1,7,1,1,0,0,1,1,3,1,merchant_substitution
0,1.5,1,7,1,1,0,0,1,1,3,1,merchant_substitution
1,0.9171,0,9,1,0,0,0,2,0,2,0,legitimate
1,0.9336,0,7,0,0,0,0,0,0,0,0,legitimate
1,0.9635,0,9,1,0,0,0,2,0,2,0,legitimate
1,0.7387,0,7,0,0,0,0,0,0,0,0,legitimate
0,1.5,1,7,1,1,0,0,1,1,3,1,merchant_substitution
1,0.6216,0,7,0,0,0,0,0,0,0,0,legitimate
0,1.5,1,7,1,1,0,0,1,1,3,1,merchant_substitution
1,0.665,0,9,1,0,0,0,2,0,2,0,legitimate
0,1.5,1,7,1,1,0,0,1,1,3,1,merchant_substitution
1,0.8305,0,7,0,0,0,0,0,0,0,0,legitimate
1,0.7604,0,9,1,0,0,0,2,0,2,0,legitimate
1,0.999,0,7,2,0,1,1,0,1,3,1,subtle_intent_drift
1,0.8125,0,7,0,0,0,0,0,0,0,0,legitimate
1,0.5918,0,7,0,0,0,0,0,0,0,0,legitimate
0,1.5,1,7,1,1,0,0,1,1,3,1,merchant_substitution
0,1.5,1,7,1,1,0,0,1,1,3,1,merchant_substitution
1,0.9576,0,7,0,0,0,0,0,0,0,0,legitimate
0,1.5,1,7,1,1,0,0,1,1,3,1,merchant_substitution
0,1.5,1,7,1,1,0,0,1,1,3,1,merchant_substitution
1,0.999,0,7,2,0,1,1,0,1,3,1,subtle_intent_drift
0,1.5,1,7,1,1,0,0,1,1,3,1,merchant_substitution
0,1.5,1,7,1,1,0,0,1,1,3,1,merchant_substitution
1,0.999,0,7,2,0,1,1,0,1,3,1,subtle_intent_drift
1,0.9742,0,7,0,0,0,0,0,0,0,0,legitimate
0,1.5,1,7,1,1,0,0,1,1,3,1,merchant_substitution
0,1.5,1,7,1,1,0,0,1,1,3,1,merchant_substitution
0,1.5,1,7,1,1,0,0,1,1,3,1,merchant_substitution
0,1.5,1,7,1,1,0,0,1,1,3,1,merchant_substitution
0,1.5,1,7,1,1,0,0,1,1,3,1,merchant_substitution
1,0.6145,0,9,1,0,0,0,2,0,2,0,legitimate
0,1.5,1,7,1,1,0,0,1,1,3,1,merchant_substitution
1,0.999,0,7,2,0,1,1,0,1,3,1,subtle_intent_drift
1,0.5733,0,7,0,0,0,0,0,0,0,0,legitimate
0,1.5,1,7,1,1,0,0,1,1,3,1,merchant_substitution
1,0.9716,0,7,0,0,0,0,0,0,0,0,legitimate
1,0.999,0,7,2,0,1,1,0,1,3,1,subtle_intent_drift
0,1.5,1,7,1,1,0,0,1,1,3,1,merchant_substitution
1,0.5889,0,7,0,0,0,0,0,0,0,0,legitimate
1,0.999,0,7,2,0,1,1,0,1,3,1,subtle_intent_drift
1,0.5122,0,7,0,0,0,0,0,0,0,0,legitimate
1,0.999,0,7,2,0,1,1,0,1,3,1,subtle_intent_drift
1,0.6581,0,7,0,0,0,0,0,0,0,0,legitimate
1,0.999,0,7,2,0,1,1,0,1,3,1,subtle_intent_drift
1,0.999,0,7,2,0,1,1,0,1,3,1,subtle_intent_drift
1,0.999,0,7,2,0,1,1,0,1,3,1,subtle_intent_drift
1,0.9798,0,7,0,0,0,0,0,0,0,0,legitimate
1,0.8357,0,7,0,0,0,0,0,0,0,0,legitimate
1,0.999,0,7,2,0,1,1,0,1,3,1,subtle_intent_drift
1,0.8078,0,9,1,0,0,0,2,0,2,0,legitimate
1,0.8454,0,7,0,0,0,0,0,0,0,0,legitimate
1,0.6065,0,7,0,0,0,0,0,0,0,0,legitimate
1,0.999,0,7,2,0,1,1,0,1,3,1,subtle_intent_drift
1,0.999,0,7,2,0,1,1,0,1,3,1,subtle_intent_drift
1,0.999,0,7,2,0,1,1,0,1,3,1,subtle_intent_drift
0,1.5,1,7,1,1,0,0,1,1,3,1,merchant_substitution
1,0.653,0,7,0,0,0,0,0,0,0,0,legitimate
1,0.9294,0,9,1,0,0,0,2,0,2,0,legitimate
1,0.8043,0,7,0,0,0,0,0,0,0,0,legitimate
0,1.5,1,7,1,1,0,0,1,1,3,1,merchant_substitution
1,0.8411,0,9,1,0,0,0,2,0,2,0,legitimate
0,1.5,1,7,1,1,0,0,1,1,3,1,merchant_substitution
1,0.999,0,7,2,0,1,1,0,1,3,1,subtle_intent_drift
0,1.5,1,7,1,1,0,0,1,1,3,1,merchant_substitution
1,0.999,0,7,2,0,1,1,0,1,3,1,subtle_intent_drift
1,0.5658,0,7,0,0,0,0,0,0,0,0,legitimate
1,0.5704,0,9,1,0,0,0,2,0,2,0,legitimate
1,0.882,0,7,0,0,0,0,0,0,0,0,legitimate
1,0.8758,0,7,0,0,0,0,0,0,0,0,legitimate
1,0.9701,0,7,0,0,0,0,0,0,0,0,legitimate
1,0.5733,0,9,1,0,0,0,2,0,2,0,legitimate
0,1.5,1,7,1,1,0,0,1,1,3,1,merchant_substitution
0,1.5,1,7,1,1,0,0,1,1,3,1,merchant_substitution
1,0.999,0,7,2,0,1,1,0,1,3,1,subtle_intent_drift
1,0.999,0,7,2,0,1,1,0,1,3,1,subtle_intent_drift
0,1.5,1,7,1,1,0,0,1,1,3,1,merchant_substitution
1,0.8876,0,7,0,0,0,0,0,0,0,0,legitimate
1,0.999,0,7,2,0,1,1,0,1,3,1,subtle_intent_drift
1,0.6868,0,7,0,0,0,0,0,0,0,0,legitimate
1,0.6643,0,7,0,0,0,0,0,0,0,0,legitimate
1,0.999,0,7,2,0,1,1,0,1,3,1,subtle_intent_drift
0,1.5,1,7,1,1,0,0,1,1,3,1,merchant_substitution
0,1.5,1,7,1,1,0,0,1,1,3,1,merchant_substitution
1,0.999,0,7,2,0,1,1,0,1,3,1,subtle_intent_drift
1,0.527,0,9,1,0,0,0,2,0,2,0,legitimate
1,0.8402,0,7,0,0,0,0,0,0,0,0,legitimate
1,0.999,0,7,2,0,1,1,0,1,3,1,subtle_intent_drift
1,0.7096,0,9,1,0,0,0,2,0,2,0,legitimate
1,0.9431,0,9,1,0,0,0,2,0,2,0,legitimate
0,1.5,1,7,1,1,0,0,1,1,3,1,merchant_substitution
1,0.9434,0,7,0,0,0,0,0,0,0,0,legitimate
0,1.5,1,7,1,1,0,0,1,1,3,1,merchant_substitution
1,0.7927,0,9,1,0,0,0,2,0,2,0,legitimate
1,0.9186,0,7,0,0,0,0,0,0,0,0,legitimate
1,0.999,0,7,2,0,1,1,0,1,3,1,subtle_intent_drift
0,1.5,1,7,1,1,0,0,1,1,3,1,merchant_substitution
1,0.7906,0,7,0,0,0,0,0,0,0,0,legitimate
1,0.5564,0,7,0,0,0,0,0,0,0,0,legitimate
1,0.999,0,7,2,0,1,1,0,1,3,1,subtle_intent_drift
0,1.5,1,7,1,1,0,0,1,1,3,1,merchant_substitution
1,0.8714,0,7,0,0,0,0,0,0,0,0,legitimate
1,0.9351,0,9,1,0,0,0,2,0,2,0,legitimate
1,0.9467,0,7,0,0,0,0,0,0,0,0,legitimate
1,0.5541,0,7,0,0,0,0,0,0,0,0,legitimate
0,1.5,1,7,1,1,0,0,1,1,3,1,merchant_substitution
1,0.6872,0,7,0,0,0,0,0,0,0,0,legitimate
1,0.5246,0,9,1,0,0,0,2,0,2,0,legitimate
1,0.7846,0,9,1,0,0,0,2,0,2,0,legitimate
1,0.999,0,7,2,0,1,1,0,1,3,1,subtle_intent_drift
1,0.999,0,7,2,0,1,1,0,1,3,1,subtle_intent_drift
1,0.7218,0,7,0,0,0,0,0,0,0,0,legitimate
1,0.5292,0,7,0,0,0,0,0,0,0,0,legitimate
1,0.999,0,7,2,0,1,1,0,1,3,1,subtle_intent_drift
1,0.999,0,7,2,0,1,1,0,1,3,1,subtle_intent_drift
1,0.5034,0,7,0,0,0,0,0,0,0,0,legitimate
0,1.5,1,7,1,1,0,0,1,1,3,1,merchant_substitution
1,0.6266,0,7,0,0,0,0,0,0,0,0,legitimate
1,0.7124,0,7,0,0,0,0,0,0,0,0,legitimate
1,0.583,0,7,0,0,0,0,0,0,0,0,legitimate
0,1.5,1,7,1,1,0,0,1,1,3,1,merchant_substitution
1,0.999,0,7,2,0,1,1,0,1,3,1,subtle_intent_drift
0,1.5,1,7,1,1,0,0,1,1,3,1,merchant_substitution
1,0.5792,0,9,1,0,0,0,2,0,2,0,legitimate
1,0.6936,0,7,0,0,0,0,0,0,0,0,legitimate
1,0.999,0,7,2,0,1,1,0,1,3,1,subtle_intent_drift
1,0.999,0,7,2,0,1,1,0,1,3,1,subtle_intent_drift
1,0.5035,0,7,0,0,0,0,0,0,0,0,legitimate
1,0.768,0,9,1,0,0,0,2,0,2,0,legitimate
1,0.7559,0,7,0,0,0,0,0,0,0,0,legitimate
1,0.999,0,7,2,0,1,1,0,1,3,1,subtle_intent_drift
1,0.5843,0,7,0,0,0,0,0,0,0,0,legitimate
1,0.7043,0,9,1,0,0,0,2,0,2,0,legitimate
1,0.8166,0,7,0,0,0,0,0,0,0,0,legitimate
0,1.5,1,7,1,1,0,0,1,1,3,1,merchant_substitution
1,0.999,0,7,2,0,1,1,0,1,3,1,subtle_intent_drift
1,0.9669,0,7,0,0,0,0,0,0,0,0,legitimate
1,0.999,0,7,2,0,1,1,0,1,3,1,subtle_intent_drift
0,1.5,1,7,1,1,0,0,1,1,3,1,merchant_substitution
0,1.5,1,7,1,1,0,0,1,1,3,1,merchant_substitution
0,1.5,1,7,1,1,0,0,1,1,3,1,merchant_substitution
1,0.999,0,7,2,0,1,1,0,1,3,1,subtle_intent_drift
1,0.7953,0,7,0,0,0,0,0,0,0,0,legitimate
0,1.5,1,7,1,1,0,0,1,1,3,1,merchant_substitution
0,1.5,1,7,1,1,0,0,1,1,3,1,merchant_substitution
0,1.5,1,7,1,1,0,0,1,1,3,1,merchant_substitution
1,0.999,0,7,2,0,1,1,0,1,3,1,subtle_intent_drift
1,0.9255,0,7,0,0,0,0,0,0,0,0,legitimate
0,1.5,1,7,1,1,0,0,1,1,3,1,merchant_substitution
1,0.9633,0,7,0,0,0,0,0,0,0,0,legitimate
1,0.5604,0,9,1,0,0,0,2,0,2,0,legitimate
1,0.7957,0,7,0,0,0,0,0,0,0,0,legitimate
1,0.999,0,7,2,0,1,1,0,1,3,1,subtle_intent_drift
1,0.8807,0,7,0,0,0,0,0,0,0,0,legitimate
1,0.999,0,7,2,0,1,1,0,1,3,1,subtle_intent_drift
1,0.999,0,7,2,0,1,1,0,1,3,1,subtle_intent_drift
1,0.505,0,7,0,0,0,0,0,0,0,0,legitimate
0,1.5,1,7,1,1,0,0,1,1,3,1,merchant_substitution
1,0.5041,0,7,0,0,0,0,0,0,0,0,legitimate
1,0.7848,0,7,0,0,0,0,0,0,0,0,legitimate
0,1.5,1,7,1,1,0,0,1,1,3,1,merchant_substitution
1,0.8054,0,7,0,0,0,0,0,0,0,0,legitimate
1,0.5167,0,7,0,0,0,0,0,0,0,0,legitimate
0,1.5,1,7,1,1,0,0,1,1,3,1,merchant_substitution
1,0.8533,0,7,0,0,0,0,0,0,0,0,legitimate
1,0.7302,0,7,0,0,0,0,0,0,0,0,legitimate
1,0.8723,0,7,0,0,0,0,0,0,0,0,legitimate
1,0.6683,0,7,0,0,0,0,0,0,0,0,legitimate
1,0.5276,0,7,0,0,0,0,0,0,0,0,legitimate
1,0.6161,0,7,0,0,0,0,0,0,0,0,legitimate
1,0.9403,0,7,0,0,0,0,0,0,0,0,legitimate
1,0.999,0,7,2,0,1,1,0,1,3,1,subtle_intent_drift
1,0.9638,0,7,0,0,0,0,0,0,0,0,legitimate
1,0.5806,0,7,0,0,0,0,0,0,0,0,legitimate
1,0.7272,0,7,0,0,0,0,0,0,0,0,legitimate
1,0.7511,0,9,1,0,0,0,2,0,2,0,legitimate
1,0.999,0,7,2,0,1,1,0,1,3,1,subtle_intent_drift
0,1.5,1,7,1,1,0,0,1,1,3,1,merchant_substitution
0,1.5,1,7,1,1,0,0,1,1,3,1,merchant_substitution
1,0.999,0,7,2,0,1,1,0,1,3,1,subtle_intent_drift
1,0.8531,0,7,0,0,0,0,0,0,0,0,legitimate
1,0.999,0,7,2,0,1,1,0,1,3,1,subtle_intent_drift
1,0.5053,0,7,0,0,0,0,0,0,0,0,legitimate
1,0.6588,0,7,0,0,0,0,0,0,0,0,legitimate
1,0.7152,0,7,0,0,0,0,0,0,0,0,legitimate
0,1.5,1,7,1,1,0,0,1,1,3,1,merchant_substitution
1,0.6907,0,9,1,0,0,0,2,0,2,0,legitimate
0,1.5,1,7,1,1,0,0,1,1,3,1,merchant_substitution
1,0.8431,0,7,0,0,0,0,0,0,0,0,legitimate
1,0.9196,0,7,0,0,0,0,0,0,0,0,legitimate
0,1.5,1,7,1,1,0,0,1,1,3,1,merchant_substitution
1,0.6436,0,7,0,0,0,0,0,0,0,0,legitimate
1,0.999,0,7,2,0,1,1,0,1,3,1,subtle_intent_drift
0,1.5,1,7,1,1,0,0,1,1,3,1,merchant_substitution
1,0.8551,0,7,0,0,0,0,0,0,0,0,legitimate
1,0.999,0,7,2,0,1,1,0,1,3,1,subtle_intent_drift
1,0.999,0,7,2,0,1,1,0,1,3,1,subtle_intent_drift
1,0.999,0,7,2,0,1,1,0,1,3,1,subtle_intent_drift
1,0.7611,0,9,1,0,0,0,2,0,2,0,legitimate
1,0.9014,0,9,1,0,0,0,2,0,2,0,legitimate
1,0.5439,0,7,0,0,0,0,0,0,0,0,legitimate
1,0.999,0,7,2,0,1,1,0,1,3,1,subtle_intent_drift
1,0.8342,0,9,1,0,0,0,2,0,2,0,legitimate
1,0.999,0,7,2,0,1,1,0,1,3,1,subtle_intent_drift
0,1.5,1,7,1,1,0,0,1,1,3,1,merchant_substitution
1,0.7965,0,7,0,0,0,0,0,0,0,0,legitimate
1,0.6398,0,7,0,0,0,0,0,0,0,0,legitimate
0,1.5,1,7,1,1,0,0,1,1,3,1,merchant_substitution
0,1.5,1,7,1,1,0,0,1,1,3,1,merchant_substitution
1,0.6076,0,9,1,0,0,0,2,0,2,0,legitimate
1,0.6414,0,7,0,0,0,0,0,0,0,0,legitimate
1,0.9475,0,7,0,0,0,0,0,0,0,0,legitimate
1,0.5105,0,9,1,0,0,0,2,0,2,0,legitimate
1,0.999,0,7,2,0,1,1,0,1,3,1,subtle_intent_drift
1,0.999,0,7,2,0,1,1,0,1,3,1,subtle_intent_drift
1,0.8109,0,7,0,0,0,0,0,0,0,0,legitimate
0,1.5,1,7,1,1,0,0,1,1,3,1,merchant_substitution
1,0.999,0,7,2,0,1,1,0,1,3,1,subtle_intent_drift
1,0.8046,0,7,0,0,0,0,0,0,0,0,legitimate
1,0.999,0,7,2,0,1,1,0,1,3,1,subtle_intent_drift
1,0.999,0,7,2,0,1,1,0,1,3,1,subtle_intent_drift
1,0.6124,0,9,1,0,0,0,2,0,2,0,legitimate
1,0.7657,0,7,0,0,0,0,0,0,0,0,legitimate
1,0.7906,0,7,0,0,0,0,0,0,0,0,legitimate
1,0.9055,0,7,0,0,0,0,0,0,0,0,legitimate
0,1.5,1,7,1,1,0,0,1,1,3,1,merchant_substitution
0,1.5,1,7,1,1,0,0,1,1,3,1,merchant_substitution
1,0.8002,0,7,0,0,0,0,0,0,0,0,legitimate
0,1.5,1,7,1,1,0,0,1,1,3,1,merchant_substitution
1,0.999,0,7,2,0,1,1,0,1,3,1,subtle_intent_drift
0,1.5,1,7,1,1,0,0,1,1,3,1,merchant_substitution
0,1.5,1,7,1,1,0,0,1,1,3,1,merchant_substitution
0,1.5,1,7,1,1,0,0,1,1,3,1,merchant_substitution
1,0.999,0,7,2,0,1,1,0,1,3,1,subtle_intent_drift
1,0.5556,0,7,0,0,0,0,0,0,0,0,legitimate
1,0.7744,0,9,1,0,0,0,2,0,2,0,legitimate
1,0.999,0,7,2,0,1,1,0,1,3,1,subtle_intent_drift
1,0.7114,0,9,1,0,0,0,2,0,2,0,legitimate
1,0.5029,0,7,0,0,0,0,0,0,0,0,legitimate
1,0.999,0,7,2,0,1,1,0,1,3,1,subtle_intent_drift
1,0.5551,0,9,1,0,0,0,2,0,2,0,legitimate
1,0.6813,0,9,1,0,0,0,2,0,2,0,legitimate
1,0.5575,0,7,0,0,0,0,0,0,0,0,legitimate
1,0.844,0,7,0,0,0,0,0,0,0,0,legitimate
1,0.7958,0,7,0,0,0,0,0,0,0,0,legitimate
0,1.5,1,7,1,1,0,0,1,1,3,1,merchant_substitution
1,0.999,0,7,2,0,1,1,0,1,3,1,subtle_intent_drift
1,0.999,0,7,2,0,1,1,0,1,3,1,subtle_intent_drift
1,0.5525,0,9,1,0,0,0,2,0,2,0,legitimate
0,1.5,1,7,1,1,0,0,1,1,3,1,merchant_substitution
1,0.8446,0,7,0,0,0,0,0,0,0,0,legitimate
0,1.5,1,7,1,1,0,0,1,1,3,1,merchant_substitution
0,1.5,1,7,1,1,0,0,1,1,3,1,merchant_substitution
1,0.9106,0,9,1,0,0,0,2,0,2,0,legitimate
0,1.5,1,7,1,1,0,0,1,1,3,1,merchant_substitution
1,0.6162,0,7,0,0,0,0,0,0,0,0,legitimate
0,1.5,1,7,1,1,0,0,1,1,3,1,merchant_substitution
1,0.999,0,7,2,0,1,1,0,1,3,1,subtle_intent_drift
0,1.5,1,7,1,1,0,0,1,1,3,1,merchant_substitution
0,1.5,1,7,1,1,0,0,1,1,3,1,merchant_substitution
1,0.783,0,9,1,0,0,0,2,0,2,0,legitimate
1,0.8608,0,7,0,0,0,0,0,0,0,0,legitimate
1,0.8868,0,9,1,0,0,0,2,0,2,0,legitimate
1,0.7105,0,9,1,0,0,0,2,0,2,0,legitimate
1,0.8456,0,9,1,0,0,0,2,0,2,0,legitimate
1,0.999,0,7,2,0,1,1,0,1,3,1,subtle_intent_drift
1,0.643,0,7,0,0,0,0,0,0,0,0,legitimate
1,0.7627,0,9,1,0,0,0,2,0,2,0,legitimate
1,0.5374,0,7,0,0,0,0,0,0,0,0,legitimate
1,0.999,0,7,2,0,1,1,0,1,3,1,subtle_intent_drift
1,0.6055,0,7,0,0,0,0,0,0,0,0,legitimate
1,0.6453,0,7,0,0,0,0,0,0,0,0,legitimate
0,1.5,1,7,1,1,0,0,1,1,3,1,merchant_substitution
1,0.6721,0,7,0,0,0,0,0,0,0,0,legitimate
1,0.999,0,7,2,0,1,1,0,1,3,1,subtle_intent_drift
1,0.999,0,7,2,0,1,1,0,1,3,1,subtle_intent_drift
1,0.999,0,7,2,0,1,1,0,1,3,1,subtle_intent_drift
0,1.5,1,7,1,1,0,0,1,1,3,1,merchant_substitution
0,1.5,1,7,1,1,0,0,1,1,3,1,merchant_substitution
1,0.8652,0,9,1,0,0,0,2,0,2,0,legitimate
1,0.999,0,7,2,0,1,1,0,1,3,1,subtle_intent_drift
1,0.6714,0,7,0,0,0,0,0,0,0,0,legitimate
0,1.5,1,7,1,1,0,0,1,1,3,1,merchant_substitution
1,0.6498,0,9,1,0,0,0,2,0,2,0,legitimate
1,0.999,0,7,2,0,1,1,0,1,3,1,subtle_intent_drift
0,1.5,1,7,1,1,0,0,1,1,3,1,merchant_substitution
1,0.6678,0,7,0,0,0,0,0,0,0,0,legitimate
1,0.8094,0,9,1,0,0,0,2,0,2,0,legitimate
1,0.999,0,7,2,0,1,1,0,1,3,1,subtle_intent_drift
0,1.5,1,7,1,1,0,0,1,1,3,1,merchant_substitution
1,0.7808,0,7,0,0,0,0,0,0,0,0,legitimate
0,1.5,1,7,1,1,0,0,1,1,3,1,merchant_substitution
1,0.5443,0,7,0,0,0,0,0,0,0,0,legitimate
1,0.678,0,7,0,0,0,0,0,0,0,0,legitimate
1,0.6622,0,7,0,0,0,0,0,0,0,0,legitimate
1,0.8834,0,7,0,0,0,0,0,0,0,0,legitimate
0,1.5,1,7,1,1,0,0,1,1,3,1,merchant_substitution
0,1.5,1,7,1,1,0,0,1,1,3,1,merchant_substitution
1,0.9056,0,9,1,0,0,0,2,0,2,0,legitimate
1,0.8531,0,7,0,0,0,0,0,0,0,0,legitimate
1,0.5085,0,7,0,0,0,0,0,0,0,0,legitimate
0,1.5,1,7,1,1,0,0,1,1,3,1,merchant_substitution
1,0.5806,0,7,0,0,0,0,0,0,0,0,legitimate
0,1.5,1,7,1,1,0,0,1,1,3,1,merchant_substitution
0,1.5,1,7,1,1,0,0,1,1,3,1,merchant_substitution
1,0.6324,0,7,0,0,0,0,0,0,0,0,legitimate
0,1.5,1,7,1,1,0,0,1,1,3,1,merchant_substitution
1,0.753,0,9,1,0,0,0,2,0,2,0,legitimate
0,1.5,1,7,1,1,0,0,1,1,3,1,merchant_substitution
1,0.999,0,7,2,0,1,1,0,1,3,1,subtle_intent_drift
0,1.5,1,7,1,1,0,0,1,1,3,1,merchant_substitution
1,0.999,0,7,2,0,1,1,0,1,3,1,subtle_intent_drift
0,1.5,1,7,1,1,0,0,1,1,3,1,merchant_substitution
1,0.5886,0,7,0,0,0,0,0,0,0,0,legitimate
1,0.525,0,7,0,0,0,0,0,0,0,0,legitimate
1,0.642,0,9,1,0,0,0,2,0,2,0,legitimate
0,1.5,1,7,1,1,0,0,1,1,3,1,merchant_substitution
0,1.5,1,7,1,1,0,0,1,1,3,1,merchant_substitution
1,0.5548,0,9,1,0,0,0,2,0,2,0,legitimate
1,0.9058,0,9,1,0,0,0,2,0,2,0,legitimate
0,1.5,1,7,1,1,0,0,1,1,3,1,merchant_substitution
1,0.999,0,7,2,0,1,1,0,1,3,1,subtle_intent_drift
1,0.999,0,7,2,0,1,1,0,1,3,1,subtle_intent_drift
1,0.9191,0,7,0,0,0,0,0,0,0,0,legitimate
0,1.5,1,7,1,1,0,0,1,1,3,1,merchant_substitution
0,1.5,1,7,1,1,0,0,1,1,3,1,merchant_substitution
1,0.9289,0,7,0,0,0,0,0,0,0,0,legitimate
1,0.999,0,7,2,0,1,1,0,1,3,1,subtle_intent_drift
1,0.5545,0,9,1,0,0,0,2,0,2,0,legitimate
1,0.7547,0,7,0,0,0,0,0,0,0,0,legitimate
0,1.5,1,7,1,1,0,0,1,1,3,1,merchant_substitution
0,1.5,1,7,1,1,0,0,1,1,3,1,merchant_substitution
1,0.9489,0,7,0,0,0,0,0,0,0,0,legitimate
1,0.6903,0,7,0,0,0,0,0,0,0,0,legitimate
1,0.8856,0,7,0,0,0,0,0,0,0,0,legitimate
1,0.9244,0,7,0,0,0,0,0,0,0,0,legitimate
1,0.9723,0,9,1,0,0,0,2,0,2,0,legitimate
1,0.6267,0,7,0,0,0,0,0,0,0,0,legitimate
1,0.7488,0,9,1,0,0,0,2,0,2,0,legitimate
0,1.5,1,7,1,1,0,0,1,1,3,1,merchant_substitution
0,1.5,1,7,1,1,0,0,1,1,3,1,merchant_substitution
1,0.999,0,7,2,0,1,1,0,1,3,1,subtle_intent_drift
1,0.999,0,7,2,0,1,1,0,1,3,1,subtle_intent_drift
1,0.7159,0,7,0,0,0,0,0,0,0,0,legitimate
0,1.5,1,7,1,1,0,0,1,1,3,1,merchant_substitution
1,0.9057,0,9,1,0,0,0,2,0,2,0,legitimate
1,0.999,0,7,2,0,1,1,0,1,3,1,subtle_intent_drift
1,0.999,0,7,2,0,1,1,0,1,3,1,subtle_intent_drift
1,0.7233,0,7,0,0,0,0,0,0,0,0,legitimate
1,0.999,0,7,2,0,1,1,0,1,3,1,subtle_intent_drift
1,0.6862,0,7,0,0,0,0,0,0,0,0,legitimate
1,0.9629,0,7,0,0,0,0,0,0,0,0,legitimate
1,0.999,0,7,2,0,1,1,0,1,3,1,subtle_intent_drift
1,0.999,0,7,2,0,1,1,0,1,3,1,subtle_intent_drift
0,1.5,1,7,1,1,0,0,1,1,3,1,merchant_substitution
0,1.5,1,7,1,1,0,0,1,1,3,1,merchant_substitution
1,0.999,0,7,2,0,1,1,0,1,3,1,subtle_intent_drift
0,1.5,1,7,1,1,0,0,1,1,3,1,merchant_substitution
1,0.9509,0,7,0,0,0,0,0,0,0,0,legitimate
0,1.5,1,7,1,1,0,0,1,1,3,1,merchant_substitution
1,0.9413,0,7,0,0,0,0,0,0,0,0,legitimate
1,0.5064,0,7,0,0,0,0,0,0,0,0,legitimate
1,0.9514,0,7,0,0,0,0,0,0,0,0,legitimate
1,0.999,0,7,2,0,1,1,0,1,3,1,subtle_intent_drift
1,0.5469,0,9,1,0,0,0,2,0,2,0,legitimate
1,0.5576,0,7,0,0,0,0,0,0,0,0,legitimate
1,0.7003,0,7,0,0,0,0,0,0,0,0,legitimate
0,1.5,1,7,1,1,0,0,1,1,3,1,merchant_substitution
1,0.999,0,7,2,0,1,1,0,1,3,1,subtle_intent_drift
0,1.5,1,7,1,1,0,0,1,1,3,1,merchant_substitution
0,1.5,1,7,1,1,0,0,1,1,3,1,merchant_substitution
1,0.8897,0,7,0,0,0,0,0,0,0,0,legitimate
0,1.5,1,7,1,1,0,0,1,1,3,1,merchant_substitution
0,1.5,1,7,1,1,0,0,1,1,3,1,merchant_substitution
1,0.999,0,7,2,0,1,1,0,1,3,1,subtle_intent_drift
1,0.754,0,7,0,0,0,0,0,0,0,0,legitimate
1,0.999,0,7,2,0,1,1,0,1,3,1,subtle_intent_drift
1,0.999,0,7,2,0,1,1,0,1,3,1,subtle_intent_drift
1,0.6213,0,7,0,0,0,0,0,0,0,0,legitimate
1,0.7616,0,7,0,0,0,0,0,0,0,0,legitimate
1,0.6205,0,7,0,0,0,0,0,0,0,0,legitimate
1,0.999,0,7,2,0,1,1,0,1,3,1,subtle_intent_drift
1,0.9151,0,9,1,0,0,0,2,0,2,0,legitimate
1,0.6168,0,7,0,0,0,0,0,0,0,0,legitimate
1,0.999,0,7,2,0,1,1,0,1,3,1,subtle_intent_drift
0,1.5,1,7,1,1,0,0,1,1,3,1,merchant_substitution
0,1.5,1,7,1,1,0,0,1,1,3,1,merchant_substitution
1,0.7135,0,7,0,0,0,0,0,0,0,0,legitimate
0,1.5,1,7,1,1,0,0,1,1,3,1,merchant_substitution
1,0.744,0,9,1,0,0,0,2,0,2,0,legitimate
1,0.999,0,7,2,0,1,1,0,1,3,1,subtle_intent_drift
1,0.9695,0,9,1,0,0,0,2,0,2,0,legitimate
1,0.999,0,7,2,0,1,1,0,1,3,1,subtle_intent_drift
0,1.5,1,7,1,1,0,0,1,1,3,1,merchant_substitution
1,0.999,0,7,2,0,1,1,0,1,3,1,subtle_intent_drift
1,0.999,0,7,2,0,1,1,0,1,3,1,subtle_intent_drift
1,0.7095,0,7,0,0,0,0,0,0,0,0,legitimate
1,0.999,0,7,2,0,1,1,0,1,3,1,subtle_intent_drift
1,0.7687,0,7,0,0,0,0,0,0,0,0,legitimate
0,1.5,1,7,1,1,0,0,1,1,3,1,merchant_substitution
1,0.999,0,7,2,0,1,1,0,1,3,1,subtle_intent_drift
0,1.5,1,7,1,1,0,0,1,1,3,1,merchant_substitution
1,0.5071,0,9,1,0,0,0,2,0,2,0,legitimate
0,1.5,1,7,1,1,0,0,1,1,3,1,merchant_substitution
1,0.9511,0,9,1,0,0,0,2,0,2,0,legitimate
0,1.5,1,7,1,1,0,0,1,1,3,1,merchant_substitution
1,0.8898,0,9,1,0,0,0,2,0,2,0,legitimate
1,0.9789,0,9,1,0,0,0,2,0,2,0,legitimate
1,0.5132,0,7,0,0,0,0,0,0,0,0,legitimate
0,1.5,1,7,1,1,0,0,1,1,3,1,merchant_substitution
1,0.9196,0,7,0,0,0,0,0,0,0,0,legitimate
1,0.999,0,7,2,0,1,1,0,1,3,1,subtle_intent_drift
1,0.999,0,7,2,0,1,1,0,1,3,1,subtle_intent_drift
0,1.5,1,7,1,1,0,0,1,1,3,1,merchant_substitution
1,0.999,0,7,2,0,1,1,0,1,3,1,subtle_intent_drift
1,0.8532,0,9,1,0,0,0,2,0,2,0,legitimate
0,1.5,1,7,1,1,0,0,1,1,3,1,merchant_substitution
1,0.7491,0,9,1,0,0,0,2,0,2,0,legitimate
1,0.999,0,7,2,0,1,1,0,1,3,1,subtle_intent_drift
0,1.5,1,7,1,1,0,0,1,1,3,1,merchant_substitution
1,0.999,0,7,2,0,1,1,0,1,3,1,subtle_intent_drift
1,0.7525,0,7,0,0,0,0,0,0,0,0,legitimate
0,1.5,1,7,1,1,0,0,1,1,3,1,merchant_substitution
1,0.7504,0,7,0,0,0,0,0,0,0,0,legitimate
1,0.6125,0,9,1,0,0,0,2,0,2,0,legitimate
1,0.7306,0,9,1,0,0,0,2,0,2,0,legitimate
1,0.7438,0,9,1,0,0,0,2,0,2,0,legitimate
1,0.8785,0,7,0,0,0,0,0,0,0,0,legitimate
1,0.5016,0,7,0,0,0,0,0,0,0,0,legitimate
1,0.999,0,7,2,0,1,1,0,1,3,1,subtle_intent_drift
1,0.9549,0,7,0,0,0,0,0,0,0,0,legitimate
1,0.9105,0,7,0,0,0,0,0,0,0,0,legitimate
1,0.8564,0,9,1,0,0,0,2,0,2,0,legitimate
1,0.5289,0,7,0,0,0,0,0,0,0,0,legitimate
1,0.8341,0,7,0,0,0,0,0,0,0,0,legitimate
1,0.999,0,7,2,0,1,1,0,1,3,1,subtle_intent_drift
1,0.8332,0,7,0,0,0,0,0,0,0,0,legitimate
1,0.5452,0,7,0,0,0,0,0,0,0,0,legitimate
0,1.5,1,7,1,1,0,0,1,1,3,1,merchant_substitution
1,0.9636,0,7,0,0,0,0,0,0,0,0,legitimate
1,0.7564,0,7,0,0,0,0,0,0,0,0,legitimate
1,0.5445,0,7,0,0,0,0,0,0,0,0,legitimate
0,1.5,1,7,1,1,0,0,1,1,3,1,merchant_substitution
1,0.6745,0,9,1,0,0,0,2,0,2,0,legitimate
1,0.5411,0,7,0,0,0,0,0,0,0,0,legitimate
1,0.6746,0,7,0,0,0,0,0,0,0,0,legitimate
0,1.5,1,7,1,1,0,0,1,1,3,1,merchant_substitution
0,1.5,1,7,1,1,0,0,1,1,3,1,merchant_substitution
1,0.5877,0,9,1,0,0,0,2,0,2,0,legitimate
0,1.5,1,7,1,1,0,0,1,1,3,1,merchant_substitution
1,0.999,0,7,2,0,1,1,0,1,3,1,subtle_intent_drift
1,0.999,0,7,2,0,1,1,0,1,3,1,subtle_intent_drift
1,0.9331,0,9,1,0,0,0,2,0,2,0,legitimate
1,0.9062,0,7,0,0,0,0,0,0,0,0,legitimate
1,0.555,0,7,0,0,0,0,0,0,0,0,legitimate
1,0.999,0,7,2,0,1,1,0,1,3,1,subtle_intent_drift
1,0.9476,0,7,0,0,0,0,0,0,0,0,legitimate
1,0.692,0,9,1,0,0,0,2,0,2,0,legitimate
0,1.5,1,7,1,1,0,0,1,1,3,1,merchant_substitution
1,0.7744,0,7,0,0,0,0,0,0,0,0,legitimate
1,0.862,0,7,0,0,0,0,0,0,0,0,legitimate
0,1.5,1,7,1,1,0,0,1,1,3,1,merchant_substitution
1,0.8588,0,9,1,0,0,0,2,0,2,0,legitimate
1,0.8146,0,9,1,0,0,0,2,0,2,0,legitimate
1,0.6619,0,7,0,0,0,0,0,0,0,0,legitimate
1,0.9659,0,7,0,0,0,0,0,0,0,0,legitimate
0,1.5,1,7,1,1,0,0,1,1,3,1,merchant_substitution
1,0.9646,0,9,1,0,0,0,2,0,2,0,legitimate
0,1.5,1,7,1,1,0,0,1,1,3,1,merchant_substitution
1,0.999,0,7,2,0,1,1,0,1,3,1,subtle_intent_drift
0,1.5,1,7,1,1,0,0,1,1,3,1,merchant_substitution
1,0.8949,0,7,0,0,0,0,0,0,0,0,legitimate
0,1.5,1,7,1,1,0,0,1,1,3,1,merchant_substitution
0,1.5,1,7,1,1,0,0,1,1,3,1,merchant_substitution
1,0.9556,0,9,1,0,0,0,2,0,2,0,legitimate
1,0.7352,0,7,0,0,0,0,0,0,0,0,legitimate
1,0.999,0,7,2,0,1,1,0,1,3,1,subtle_intent_drift
1,0.6668,0,7,0,0,0,0,0,0,0,0,legitimate
1,0.7496,0,7,0,0,0,0,0,0,0,0,legitimate
1,0.6737,0,7,0,0,0,0,0,0,0,0,legitimate
1,0.8212,0,7,0,0,0,0,0,0,0,0,legitimate
1,0.5217,0,9,1,0,0,0,2,0,2,0,legitimate
1,0.9618,0,9,1,0,0,0,2,0,2,0,legitimate
1,0.6254,0,7,0,0,0,0,0,0,0,0,legitimate
1,0.999,0,7,2,0,1,1,0,1,3,1,subtle_intent_drift
1,0.999,0,7,2,0,1,1,0,1,3,1,subtle_intent_drift
1,0.999,0,7,2,0,1,1,0,1,3,1,subtle_intent_drift
1,0.5543,0,9,1,0,0,0,2,0,2,0,legitimate
1,0.9149,0,9,1,0,0,0,2,0,2,0,legitimate
0,1.5,1,7,1,1,0,0,1,1,3,1,merchant_substitution
1,0.8135,0,7,0,0,0,0,0,0,0,0,legitimate
1,0.9188,0,7,0,0,0,0,0,0,0,0,legitimate
1,0.7583,0,7,0,0,0,0,0,0,0,0,legitimate
1,0.5073,0,7,0,0,0,0,0,0,0,0,legitimate
1,0.7134,0,7,0,0,0,0,0,0,0,0,legitimate
1,0.9058,0,9,1,0,0,0,2,0,2,0,legitimate
0,1.5,1,7,1,1,0,0,1,1,3,1,merchant_substitution
1,0.999,0,7,2,0,1,1,0,1,3,1,subtle_intent_drift
0,1.5,1,7,1,1,0,0,1,1,3,1,merchant_substitution
1,0.7889,0,7,0,0,0,0,0,0,0,0,legitimate
0,1.5,1,7,1,1,0,0,1,1,3,1,merchant_substitution
1,0.6195,0,7,0,0,0,0,0,0,0,0,legitimate
0,1.5,1,7,1,1,0,0,1,1,3,1,merchant_substitution
1,0.6661,0,9,1,0,0,0,2,0,2,0,legitimate
0,1.5,1,7,1,1,0,0,1,1,3,1,merchant_substitution
1,0.5948,0,9,1,0,0,0,2,0,2,0,legitimate
1,0.999,0,7,2,0,1,1,0,1,3,1,subtle_intent_drift
1,0.999,0,7,2,0,1,1,0,1,3,1,subtle_intent_drift
1,0.999,0,7,2,0,1,1,0,1,3,1,subtle_intent_drift
0,1.5,1,7,1,1,0,0,1,1,3,1,merchant_substitution
0,1.5,1,7,1,1,0,0,1,1,3,1,merchant_substitution
1,0.8147,0,9,1,0,0,0,2,0,2,0,legitimate
1,0.9502,0,7,0,0,0,0,0,0,0,0,legitimate
1,0.6092,0,7,0,0,0,0,0,0,0,0,legitimate
1,0.853,0,7,0,0,0,0,0,0,0,0,legitimate
1,0.999,0,7,2,0,1,1,0,1,3,1,subtle_intent_drift
0,1.5,1,7,1,1,0,0,1,1,3,1,merchant_substitution
0,1.5,1,7,1,1,0,0,1,1,3,1,merchant_substitution
1,0.8082,0,7,0,0,0,0,0,0,0,0,legitimate
1,0.6579,0,9,1,0,0,0,2,0,2,0,legitimate
0,1.5,1,7,1,1,0,0,1,1,3,1,merchant_substitution
0,1.5,1,7,1,1,0,0,1,1,3,1,merchant_substitution
1,0.7382,0,9,1,0,0,0,2,0,2,0,legitimate
0,1.5,1,7,1,1,0,0,1,1,3,1,merchant_substitution
0,1.5,1,7,1,1,0,0,1,1,3,1,merchant_substitution
1,0.6425,0,9,1,0,0,0,2,0,2,0,legitimate
0,1.5,1,7,1,1,0,0,1,1,3,1,merchant_substitution
1,0.8406,0,9,1,0,0,0,2,0,2,0,legitimate
1,0.8993,0,7,0,0,0,0,0,0,0,0,legitimate
1,0.9599,0,9,1,0,0,0,2,0,2,0,legitimate
1,0.6241,0,7,0,0,0,0,0,0,0,0,legitimate
1,0.7078,0,7,0,0,0,0,0,0,0,0,legitimate
1,0.9192,0,9,1,0,0,0,2,0,2,0,legitimate
0,1.5,1,7,1,1,0,0,1,1,3,1,merchant_substitution
1,0.999,0,7,2,0,1,1,0,1,3,1,subtle_intent_drift
0,1.5,1,7,1,1,0,0,1,1,3,1,merchant_substitution
0,1.5,1,7,1,1,0,0,1,1,3,1,merchant_substitution
1,0.7562,0,7,0,0,0,0,0,0,0,0,legitimate
1,0.999,0,7,2,0,1,1,0,1,3,1,subtle_intent_drift
1,0.7501,0,9,1,0,0,0,2,0,2,0,legitimate
1,0.9775,0,7,0,0,0,0,0,0,0,0,legitimate
0,1.5,1,7,1,1,0,0,1,1,3,1,merchant_substitution
1,0.6268,0,9,1,0,0,0,2,0,2,0,legitimate
1,0.574,0,7,0,0,0,0,0,0,0,0,legitimate
1,0.999,0,7,2,0,1,1,0,1,3,1,subtle_intent_drift
1,0.8504,0,7,0,0,0,0,0,0,0,0,legitimate
1,0.999,0,7,2,0,1,1,0,1,3,1,subtle_intent_drift
1,0.829,0,7,0,0,0,0,0,0,0,0,legitimate
1,0.6236,0,7,0,0,0,0,0,0,0,0,legitimate
1,0.9486,0,9,1,0,0,0,2,0,2,0,legitimate
0,1.5,1,7,1,1,0,0,1,1,3,1,merchant_substitution
1,0.5717,0,7,0,0,0,0,0,0,0,0,legitimate
1,0.999,0,7,2,0,1,1,0,1,3,1,subtle_intent_drift
1,0.999,0,7,2,0,1,1,0,1,3,1,subtle_intent_drift
1,0.999,0,7,2,0,1,1,0,1,3,1,subtle_intent_drift
1,0.6555,0,9,1,0,0,0,2,0,2,0,legitimate
1,0.7526,0,9,1,0,0,0,2,0,2,0,legitimate
1,0.5575,0,7,0,0,0,0,0,0,0,0,legitimate
1,0.5558,0,7,0,0,0,0,0,0,0,0,legitimate
0,1.5,1,7,1,1,0,0,1,1,3,1,merchant_substitution
1,0.8455,0,7,0,0,0,0,0,0,0,0,legitimate
0,1.5,1,7,1,1,0,0,1,1,3,1,merchant_substitution
0,1.5,1,7,1,1,0,0,1,1,3,1,merchant_substitution
1,0.999,0,7,2,0,1,1,0,1,3,1,subtle_intent_drift
1,0.999,0,7,2,0,1,1,0,1,3,1,subtle_intent_drift
1,0.999,0,7,2,0,1,1,0,1,3,1,subtle_intent_drift
1,0.6493,0,7,0,0,0,0,0,0,0,0,legitimate
0,1.5,1,7,1,1,0,0,1,1,3,1,merchant_substitution
1,0.9271,0,7,0,0,0,0,0,0,0,0,legitimate
0,1.5,1,7,1,1,0,0,1,1,3,1,merchant_substitution
1,0.683,0,9,1,0,0,0,2,0,2,0,legitimate
1,0.8052,0,7,0,0,0,0,0,0,0,0,legitimate
1,0.628,0,7,0,0,0,0,0,0,0,0,legitimate
1,0.6412,0,9,1,0,0,0,2,0,2,0,legitimate
0,1.5,1,7,1,1,0,0,1,1,3,1,merchant_substitution
1,0.8953,0,9,1,0,0,0,2,0,2,0,legitimate
0,1.5,1,7,1,1,0,0,1,1,3,1,merchant_substitution
1,0.7874,0,9,1,0,0,0,2,0,2,0,legitimate
0,1.5,1,7,1,1,0,0,1,1,3,1,merchant_substitution
1,0.6695,0,9,1,0,0,0,2,0,2,0,legitimate
0,1.5,1,7,1,1,0,0,1,1,3,1,merchant_substitution
0,1.5,1,7,1,1,0,0,1,1,3,1,merchant_substitution
1,0.8579,0,9,1,0,0,0,2,0,2,0,legitimate
1,0.9032,0,7,0,0,0,0,0,0,0,0,legitimate
1,0.6633,0,9,1,0,0,0,2,0,2,0,legitimate
0,1.5,1,7,1,1,0,0,1,1,3,1,merchant_substitution
1,0.999,0,7,2,0,1,1,0,1,3,1,subtle_intent_drift
1,0.7705,0,7,0,0,0,0,0,0,0,0,legitimate
1,0.6578,0,7,0,0,0,0,0,0,0,0,legitimate
1,0.8655,0,9,1,0,0,0,2,0,2,0,legitimate
1,0.9271,0,7,0,0,0,0,0,0,0,0,legitimate
1,0.999,0,7,2,0,1,1,0,1,3,1,subtle_intent_drift
1,0.6899,0,7,0,0,0,0,0,0,0,0,legitimate
1,0.8628,0,9,1,0,0,0,2,0,2,0,legitimate
1,0.9776,0,7,0,0,0,0,0,0,0,0,legitimate
0,1.5,1,7,1,1,0,0,1,1,3,1,merchant_substitution
1,0.999,0,7,2,0,1,1,0,1,3,1,subtle_intent_drift
1,0.5331,0,9,1,0,0,0,2,0,2,0,legitimate
1,0.999,0,7,2,0,1,1,0,1,3,1,subtle_intent_drift
0,1.5,1,7,1,1,0,0,1,1,3,1,merchant_substitution
0,1.5,1,7,1,1,0,0,1,1,3,1,merchant_substitution
0,1.5,1,7,1,1,0,0,1,1,3,1,merchant_substitution
1,0.9766,0,7,0,0,0,0,0,0,0,0,legitimate
1,0.5594,0,7,0,0,0,0,0,0,0,0,legitimate
1,0.999,0,7,2,0,1,1,0,1,3,1,subtle_intent_drift
1,0.5459,0,7,0,0,0,0,0,0,0,0,legitimate
1,0.5795,0,9,1,0,0,0,2,0,2,0,legitimate
1,0.999,0,7,2,0,1,1,0,1,3,1,subtle_intent_drift
1,0.5881,0,7,0,0,0,0,0,0,0,0,legitimate
0,1.5,1,7,1,1,0,0,1,1,3,1,merchant_substitution
1,0.5838,0,7,0,0,0,0,0,0,0,0,legitimate
1,0.8865,0,7,0,0,0,0,0,0,0,0,legitimate
1,0.7785,0,7,0,0,0,0,0,0,0,0,legitimate
1,0.999,0,7,2,0,1,1,0,1,3,1,subtle_intent_drift
0,1.5,1,7,1,1,0,0,1,1,3,1,merchant_substitution
1,0.5278,0,7,0,0,0,0,0,0,0,0,legitimate
1,0.999,0,7,2,0,1,1,0,1,3,1,subtle_intent_drift
1,0.999,0,7,2,0,1,1,0,1,3,1,subtle_intent_drift
1,0.999,0,7,2,0,1,1,0,1,3,1,subtle_intent_drift
1,0.999,0,7,2,0,1,1,0,1,3,1,subtle_intent_drift
1,0.999,0,7,2,0,1,1,0,1,3,1,subtle_intent_drift
1,0.8962,0,9,1,0,0,0,2,0,2,0,legitimate
0,1.5,1,7,1,1,0,0,1,1,3,1,merchant_substitution
0,1.5,1,7,1,1,0,0,1,1,3,1,merchant_substitution
0,1.5,1,7,1,1,0,0,1,1,3,1,merchant_substitution
1,0.9143,0,7,0,0,0,0,0,0,0,0,legitimate
1,0.999,0,7,2,0,1,1,0,1,3,1,subtle_intent_drift
1,0.9644,0,7,0,0,0,0,0,0,0,0,legitimate
0,1.5,1,7,1,1,0,0,1,1,3,1,merchant_substitution
1,0.8903,0,7,0,0,0,0,0,0,0,0,legitimate
1,0.6943,0,7,0,0,0,0,0,0,0,0,legitimate
1,0.999,0,7,2,0,1,1,0,1,3,1,subtle_intent_drift
1,0.6047,0,7,0,0,0,0,0,0,0,0,legitimate
1,0.6497,0,7,0,0,0,0,0,0,0,0,legitimate
0,1.5,1,7,1,1,0,0,1,1,3,1,merchant_substitution
0,1.5,1,7,1,1,0,0,1,1,3,1,merchant_substitution
1,0.999,0,7,2,0,1,1,0,1,3,1,subtle_intent_drift
1,0.7652,0,7,0,0,0,0,0,0,0,0,legitimate
1,0.521,0,7,0,0,0,0,0,0,0,0,legitimate
1,0.8551,0,9,1,0,0,0,2,0,2,0,legitimate
1,0.999,0,7,2,0,1,1,0,1,3,1,subtle_intent_drift
1,0.999,0,7,2,0,1,1,0,1,3,1,subtle_intent_drift
1,0.6978,0,7,0,0,0,0,0,0,0,0,legitimate
1,0.6291,0,9,1,0,0,0,2,0,2,0,legitimate
1,0.8113,0,9,1,0,0,0,2,0,2,0,legitimate
0,1.5,1,7,1,1,0,0,1,1,3,1,merchant_substitution
1,0.999,0,7,2,0,1,1,0,1,3,1,subtle_intent_drift
0,1.5,1,7,1,1,0,0,1,1,3,1,merchant_substitution
0,1.5,1,7,1,1,0,0,1,1,3,1,merchant_substitution
1,0.999,0,7,2,0,1,1,0,1,3,1,subtle_intent_drift
1,0.633,0,7,0,0,0,0,0,0,0,0,legitimate
1,0.8017,0,9,1,0,0,0,2,0,2,0,legitimate
1,0.6638,0,7,0,0,0,0,0,0,0,0,legitimate
1,0.53,0,9,1,0,0,0,2,0,2,0,legitimate
0,1.5,1,7,1,1,0,0,1,1,3,1,merchant_substitution
1,0.7855,0,7,0,0,0,0,0,0,0,0,legitimate
1,0.999,0,7,2,0,1,1,0,1,3,1,subtle_intent_drift
1,0.7645,0,7,0,0,0,0,0,0,0,0,legitimate
0,1.5,1,7,1,1,0,0,1,1,3,1,merchant_substitution
0,1.5,1,7,1,1,0,0,1,1,3,1,merchant_substitution
1,0.999,0,7,2,0,1,1,0,1,3,1,subtle_intent_drift
1,0.9084,0,7,0,0,0,0,0,0,0,0,legitimate
0,1.5,1,7,1,1,0,0,1,1,3,1,merchant_substitution
1,0.9698,0,7,0,0,0,0,0,0,0,0,legitimate
1,0.999,0,7,2,0,1,1,0,1,3,1,subtle_intent_drift
1,0.999,0,7,2,0,1,1,0,1,3,1,subtle_intent_drift
1,0.7898,0,7,0,0,0,0,0,0,0,0,legitimate
1,0.6032,0,7,0,0,0,0,0,0,0,0,legitimate
1,0.6186,0,7,0,0,0,0,0,0,0,0,legitimate
1,0.7088,0,7,0,0,0,0,0,0,0,0,legitimate
1,0.999,0,7,2,0,1,1,0,1,3,1,subtle_intent_drift
1,0.6023,0,7,0,0,0,0,0,0,0,0,legitimate
1,0.999,0,7,2,0,1,1,0,1,3,1,subtle_intent_drift
1,0.8626,0,7,0,0,0,0,0,0,0,0,legitimate
1,0.5922,0,7,0,0,0,0,0,0,0,0,legitimate
1,0.999,0,7,2,0,1,1,0,1,3,1,subtle_intent_drift
1,0.999,0,7,2,0,1,1,0,1,3,1,subtle_intent_drift
1,0.6035,0,7,0,0,0,0,0,0,0,0,legitimate
1,0.6844,0,7,0,0,0,0,0,0,0,0,legitimate
1,0.6251,0,9,1,0,0,0,2,0,2,0,legitimate
0,1.5,1,7,1,1,0,0,1,1,3,1,merchant_substitution
1,0.7798,0,7,0,0,0,0,0,0,0,0,legitimate
1,0.7441,0,7,0,0,0,0,0,0,0,0,legitimate
1,0.647,0,7,0,0,0,0,0,0,0,0,legitimate
1,0.9409,0,7,0,0,0,0,0,0,0,0,legitimate
1,0.5223,0,9,1,0,0,0,2,0,2,0,legitimate
1,0.8246,0,9,1,0,0,0,2,0,2,0,legitimate
0,1.5,1,7,1,1,0,0,1,1,3,1,merchant_substitution
1,0.999,0,7,2,0,1,1,0,1,3,1,subtle_intent_drift
1,0.7845,0,7,0,0,0,0,0,0,0,0,legitimate
1,0.999,0,7,2,0,1,1,0,1,3,1,subtle_intent_drift
1,0.7813,0,7,0,0,0,0,0,0,0,0,legitimate
1,0.8513,0,9,1,0,0,0,2,0,2,0,legitimate
1,0.8216,0,7,0,0,0,0,0,0,0,0,legitimate
1,0.999,0,7,2,0,1,1,0,1,3,1,subtle_intent_drift
1,0.999,0,7,2,0,1,1,0,1,3,1,subtle_intent_drift
1,0.8735,0,9,1,0,0,0,2,0,2,0,legitimate
0,1.5,1,7,1,1,0,0,1,1,3,1,merchant_substitution
1,0.6466,0,7,0,0,0,0,0,0,0,0,legitimate
0,1.5,1,7,1,1,0,0,1,1,3,1,merchant_substitution
1,0.5146,0,9,1,0,0,0,2,0,2,0,legitimate
1,0.5873,0,7,0,0,0,0,0,0,0,0,legitimate
1,0.999,0,7,2,0,1,1,0,1,3,1,subtle_intent_drift
0,1.5,1,7,1,1,0,0,1,1,3,1,merchant_substitution
1,0.999,0,7,2,0,1,1,0,1,3,1,subtle_intent_drift
1,0.999,0,7,2,0,1,1,0,1,3,1,subtle_intent_drift
1,0.999,0,7,2,0,1,1,0,1,3,1,subtle_intent_drift
0,1.5,1,7,1,1,0,0,1,1,3,1,merchant_substitution
1,0.8675,0,7,0,0,0,0,0,0,0,0,legitimate
1,0.7066,0,7,0,0,0,0,0,0,0,0,legitimate
1,0.9183,0,7,0,0,0,0,0,0,0,0,legitimate
1,0.7011,0,9,1,0,0,0,2,0,2,0,legitimate
1,0.999,0,7,2,0,1,1,0,1,3,1,subtle_intent_drift
1,0.999,0,7,2,0,1,1,0,1,3,1,subtle_intent_drift
1,0.6116,0,9,1,0,0,0,2,0,2,0,legitimate
1,0.999,0,7,2,0,1,1,0,1,3,1,subtle_intent_drift
1,0.9423,0,7,0,0,0,0,0,0,0,0,legitimate
1,0.6284,0,7,0,0,0,0,0,0,0,0,legitimate
1,0.8205,0,7,0,0,0,0,0,0,0,0,legitimate
1,0.5267,0,9,1,0,0,0,2,0,2,0,legitimate
1,0.6166,0,7,0,0,0,0,0,0,0,0,legitimate
1,0.6806,0,7,0,0,0,0,0,0,0,0,legitimate
1,0.6117,0,7,0,0,0,0,0,0,0,0,legitimate
1,0.6798,0,9,1,0,0,0,2,0,2,0,legitimate
1,0.929,0,7,0,0,0,0,0,0,0,0,legitimate
0,1.5,1,7,1,1,0,0,1,1,3,1,merchant_substitution
1,0.999,0,7,2,0,1,1,0,1,3,1,subtle_intent_drift
1,0.999,0,7,2,0,1,1,0,1,3,1,subtle_intent_drift
1,0.999,0,7,2,0,1,1,0,1,3,1,subtle_intent_drift
1,0.744,0,7,0,0,0,0,0,0,0,0,legitimate
1,0.896,0,7,0,0,0,0,0,0,0,0,legitimate
1,0.5547,0,7,0,0,0,0,0,0,0,0,legitimate
1,0.5705,0,7,0,0,0,0,0,0,0,0,legitimate
1,0.999,0,7,2,0,1,1,0,1,3,1,subtle_intent_drift
1,0.999,0,7,2,0,1,1,0,1,3,1,subtle_intent_drift
1,0.8052,0,7,0,0,0,0,0,0,0,0,legitimate
1,0.8551,0,7,0,0,0,0,0,0,0,0,legitimate
1,0.7047,0,7,0,0,0,0,0,0,0,0,legitimate
1,0.867,0,7,0,0,0,0,0,0,0,0,legitimate
0,1.5,1,7,1,1,0,0,1,1,3,1,merchant_substitution
1,0.999,0,7,2,0,1,1,0,1,3,1,subtle_intent_drift
1,0.999,0,7,2,0,1,1,0,1,3,1,subtle_intent_drift
1,0.999,0,7,2,0,1,1,0,1,3,1,subtle_intent_drift
0,1.5,1,7,1,1,0,0,1,1,3,1,merchant_substitution
1,0.999,0,7,2,0,1,1,0,1,3,1,subtle_intent_drift
0,1.5,1,7,1,1,0,0,1,1,3,1,merchant_substitution
1,0.5121,0,9,1,0,0,0,2,0,2,0,legitimate
1,0.6637,0,7,0,0,0,0,0,0,0,0,legitimate
0,1.5,1,7,1,1,0,0,1,1,3,1,merchant_substitution
1,0.999,0,7,2,0,1,1,0,1,3,1,subtle_intent_drift
1,0.999,0,7,2,0,1,1,0,1,3,1,subtle_intent_drift
1,0.999,0,7,2,0,1,1,0,1,3,1,subtle_intent_drift
1,0.7899,0,9,1,0,0,0,2,0,2,0,legitimate
1,0.999,0,7,2,0,1,1,0,1,3,1,subtle_intent_drift
1,0.9141,0,9,1,0,0,0,2,0,2,0,legitimate
1,0.999,0,7,2,0,1,1,0,1,3,1,subtle_intent_drift
1,0.6275,0,7,0,0,0,0,0,0,0,0,legitimate
0,1.5,1,7,1,1,0,0,1,1,3,1,merchant_substitution
0,1.5,1,7,1,1,0,0,1,1,3,1,merchant_substitution
1,0.79,0,9,1,0,0,0,2,0,2,0,legitimate
1,0.999,0,7,2,0,1,1,0,1,3,1,subtle_intent_drift
1,0.6207,0,7,0,0,0,0,0,0,0,0,legitimate
1,0.999,0,7,2,0,1,1,0,1,3,1,subtle_intent_drift
1,0.999,0,7,2,0,1,1,0,1,3,1,subtle_intent_drift
1,0.634,0,9,1,0,0,0,2,0,2,0,legitimate
1,0.999,0,7,2,0,1,1,0,1,3,1,subtle_intent_drift
1,0.999,0,7,2,0,1,1,0,1,3,1,subtle_intent_drift
1,0.6661,0,9,1,0,0,0,2,0,2,0,legitimate
1,0.9666,0,7,0,0,0,0,0,0,0,0,legitimate
1,0.999,0,7,2,0,1,1,0,1,3,1,subtle_intent_drift
1,0.8624,0,7,0,0,0,0,0,0,0,0,legitimate
0,1.5,1,7,1,1,0,0,1,1,3,1,merchant_substitution
1,0.6604,0,7,0,0,0,0,0,0,0,0,legitimate
1,0.9283,0,9,1,0,0,0,2,0,2,0,legitimate
1,0.7283,0,9,1,0,0,0,2,0,2,0,legitimate
1,0.5738,0,7,0,0,0,0,0,0,0,0,legitimate
1,0.8679,0,9,1,0,0,0,2,0,2,0,legitimate
1,0.999,0,7,2,0,1,1,0,1,3,1,subtle_intent_drift
1,0.5717,0,9,1,0,0,0,2,0,2,0,legitimate
1,0.844,0,7,0,0,0,0,0,0,0,0,legitimate
1,0.6207,0,9,1,0,0,0,2,0,2,0,legitimate
0,1.5,1,7,1,1,0,0,1,1,3,1,merchant_substitution
1,0.872,0,7,0,0,0,0,0,0,0,0,legitimate
1,0.7038,0,7,0,0,0,0,0,0,0,0,legitimate
1,0.7013,0,7,0,0,0,0,0,0,0,0,legitimate
1,0.5907,0,7,0,0,0,0,0,0,0,0,legitimate
1,0.5263,0,7,0,0,0,0,0,0,0,0,legitimate
1,0.7767,0,7,0,0,0,0,0,0,0,0,legitimate
1,0.877,0,7,0,0,0,0,0,0,0,0,legitimate
1,0.5205,0,7,0,0,0,0,0,0,0,0,legitimate
1,0.8758,0,7,0,0,0,0,0,0,0,0,legitimate
1,0.999,0,7,2,0,1,1,0,1,3,1,subtle_intent_drift
1,0.999,0,7,2,0,1,1,0,1,3,1,subtle_intent_drift
1,0.999,0,7,2,0,1,1,0,1,3,1,subtle_intent_drift
0,1.5,1,7,1,1,0,0,1,1,3,1,merchant_substitution
0,1.5,1,7,1,1,0,0,1,1,3,1,merchant_substitution
1,0.5592,0,7,0,0,0,0,0,0,0,0,legitimate
0,1.5,1,7,1,1,0,0,1,1,3,1,merchant_substitution
1,0.999,0,7,2,0,1,1,0,1,3,1,subtle_intent_drift
0,1.5,1,7,1,1,0,0,1,1,3,1,merchant_substitution
1,0.7206,0,9,1,0,0,0,2,0,2,0,legitimate
1,0.8424,0,9,1,0,0,0,2,0,2,0,legitimate
1,0.8327,0,7,0,0,0,0,0,0,0,0,legitimate
0,1.5,1,7,1,1,0,0,1,1,3,1,merchant_substitution
1,0.631,0,9,1,0,0,0,2,0,2,0,legitimate
1,0.999,0,7,2,0,1,1,0,1,3,1,subtle_intent_drift
1,0.7095,0,7,0,0,0,0,0,0,0,0,legitimate
0,1.5,1,7,1,1,0,0,1,1,3,1,merchant_substitution
0,1.5,1,7,1,1,0,0,1,1,3,1,merchant_substitution
1,0.867,0,7,0,0,0,0,0,0,0,0,legitimate
1,0.999,0,7,2,0,1,1,0,1,3,1,subtle_intent_drift
1,0.999,0,7,2,0,1,1,0,1,3,1,subtle_intent_drift
1,0.8988,0,7,0,0,0,0,0,0,0,0,legitimate
0,1.5,1,7,1,1,0,0,1,1,3,1,merchant_substitution
0,1.5,1,7,1,1,0,0,1,1,3,1,merchant_substitution
0,1.5,1,7,1,1,0,0,1,1,3,1,merchant_substitution
1,0.999,0,7,2,0,1,1,0,1,3,1,subtle_intent_drift
1,0.8687,0,7,0,0,0,0,0,0,0,0,legitimate
1,0.999,0,7,2,0,1,1,0,1,3,1,subtle_intent_drift
0,1.5,1,7,1,1,0,0,1,1,3,1,merchant_substitution
0,1.5,1,7,1,1,0,0,1,1,3,1,merchant_substitution
1,0.5717,0,7,0,0,0,0,0,0,0,0,legitimate
1,0.5661,0,7,0,0,0,0,0,0,0,0,legitimate
1,0.6089,0,9,1,0,0,0,2,0,2,0,legitimate
1,0.999,0,7,2,0,1,1,0,1,3,1,subtle_intent_drift
1,0.9711,0,7,0,0,0,0,0,0,0,0,legitimate
0,1.5,1,7,1,1,0,0,1,1,3,1,merchant_substitution
1,0.999,0,7,2,0,1,1,0,1,3,1,subtle_intent_drift
1,0.8244,0,9,1,0,0,0,2,0,2,0,legitimate
0,1.5,1,7,1,1,0,0,1,1,3,1,merchant_substitution
1,0.999,0,7,2,0,1,1,0,1,3,1,subtle_intent_drift
0,1.5,1,7,1,1,0,0,1,1,3,1,merchant_substitution
1,0.5743,0,7,0,0,0,0,0,0,0,0,legitimate
1,0.6289,0,7,0,0,0,0,0,0,0,0,legitimate
1,0.8461,0,7,0,0,0,0,0,0,0,0,legitimate
1,0.8487,0,7,0,0,0,0,0,0,0,0,legitimate
1,0.999,0,7,2,0,1,1,0,1,3,1,subtle_intent_drift
1,0.5998,0,7,0,0,0,0,0,0,0,0,legitimate
1,0.6267,0,7,0,0,0,0,0,0,0,0,legitimate
1,0.6268,0,9,1,0,0,0,2,0,2,0,legitimate
1,0.6219,0,7,0,0,0,0,0,0,0,0,legitimate
1,0.999,0,7,2,0,1,1,0,1,3,1,subtle_intent_drift
0,1.5,1,7,1,1,0,0,1,1,3,1,merchant_substitution
0,1.5,1,7,1,1,0,0,1,1,3,1,merchant_substitution
1,0.9361,0,9,1,0,0,0,2,0,2,0,legitimate
0,1.5,1,7,1,1,0,0,1,1,3,1,merchant_substitution
1,0.6726,0,7,0,0,0,0,0,0,0,0,legitimate
1,0.5859,0,7,0,0,0,0,0,0,0,0,legitimate
1,0.8165,0,7,0,0,0,0,0,0,0,0,legitimate
0,1.5,1,7,1,1,0,0,1,1,3,1,merchant_substitution
1,0.999,0,7,2,0,1,1,0,1,3,1,subtle_intent_drift
0,1.5,1,7,1,1,0,0,1,1,3,1,merchant_substitution
1,0.8242,0,7,0,0,0,0,0,0,0,0,legitimate
1,0.5323,0,7,0,0,0,0,0,0,0,0,legitimate
1,0.8945,0,7,0,0,0,0,0,0,0,0,legitimate
1,0.999,0,7,2,0,1,1,0,1,3,1,subtle_intent_drift
1,0.8838,0,7,0,0,0,0,0,0,0,0,legitimate
1,0.815,0,9,1,0,0,0,2,0,2,0,legitimate
1,0.9334,0,7,0,0,0,0,0,0,0,0,legitimate
1,0.999,0,7,2,0,1,1,0,1,3,1,subtle_intent_drift
0,1.5,1,7,1,1,0,0,1,1,3,1,merchant_substitution
0,1.5,1,7,1,1,0,0,1,1,3,1,merchant_substitution
1,0.7802,0,7,0,0,0,0,0,0,0,0,legitimate
1,0.999,0,7,2,0,1,1,0,1,3,1,subtle_intent_drift
1,0.999,0,7,2,0,1,1,0,1,3,1,subtle_intent_drift
1,0.7062,0,9,1,0,0,0,2,0,2,0,legitimate
1,0.8193,0,9,1,0,0,0,2,0,2,0,legitimate
1,0.8089,0,7,0,0,0,0,0,0,0,0,legitimate
1,0.999,0,7,2,0,1,1,0,1,3,1,subtle_intent_drift
1,0.7897,0,7,0,0,0,0,0,0,0,0,legitimate
1,0.7762,0,9,1,0,0,0,2,0,2,0,legitimate
1,0.6205,0,7,0,0,0,0,0,0,0,0,legitimate
0,1.5,1,7,1,1,0,0,1,1,3,1,merchant_substitution
1,0.999,0,7,2,0,1,1,0,1,3,1,subtle_intent_drift
1,0.999,0,7,2,0,1,1,0,1,3,1,subtle_intent_drift
1,0.999,0,7,2,0,1,1,0,1,3,1,subtle_intent_drift
1,0.7436,0,7,0,0,0,0,0,0,0,0,legitimate
1,0.999,0,7,2,0,1,1,0,1,3,1,subtle_intent_drift
1,0.999,0,7,2,0,1,1,0,1,3,1,subtle_intent_drift
1,0.7208,0,7,0,0,0,0,0,0,0,0,legitimate
1,0.5597,0,7,0,0,0,0,0,0,0,0,legitimate
1,0.8203,0,9,1,0,0,0,2,0,2,0,legitimate
1,0.8328,0,7,0,0,0,0,0,0,0,0,legitimate
1,0.7172,0,9,1,0,0,0,2,0,2,0,legitimate
1,0.9098,0,9,1,0,0,0,2,0,2,0,legitimate
1,0.8651,0,7,0,0,0,0,0,0,0,0,legitimate
1,0.811,0,7,0,0,0,0,0,0,0,0,legitimate
1,0.6341,0,9,1,0,0,0,2,0,2,0,legitimate
0,1.5,1,7,1,1,0,0,1,1,3,1,merchant_substitution
1,0.999,0,7,2,0,1,1,0,1,3,1,subtle_intent_drift
1,0.7941,0,7,0,0,0,0,0,0,0,0,legitimate
0,1.5,1,7,1,1,0,0,1,1,3,1,merchant_substitution
1,0.933,0,9,1,0,0,0,2,0,2,0,legitimate
1,0.5894,0,9,1,0,0,0,2,0,2,0,legitimate
1,0.6909,0,7,0,0,0,0,0,0,0,0,legitimate
1,0.999,0,7,2,0,1,1,0,1,3,1,subtle_intent_drift
0,1.5,1,7,1,1,0,0,1,1,3,1,merchant_substitution
1,0.999,0,7,2,0,1,1,0,1,3,1,subtle_intent_drift
1,0.999,0,7,2,0,1,1,0,1,3,1,subtle_intent_drift
1,0.999,0,7,2,0,1,1,0,1,3,1,subtle_intent_drift
0,1.5,1,7,1,1,0,0,1,1,3,1,merchant_substitution
1,0.999,0,7,2,0,1,1,0,1,3,1,subtle_intent_drift
1,0.999,0,7,2,0,1,1,0,1,3,1,subtle_intent_drift
1,0.7021,0,7,0,0,0,0,0,0,0,0,legitimate
0,1.5,1,7,1,1,0,0,1,1,3,1,merchant_substitution
1,0.999,0,7,2,0,1,1,0,1,3,1,subtle_intent_drift
1,0.5517,0,7,0,0,0,0,0,0,0,0,legitimate
1,0.9762,0,9,1,0,0,0,2,0,2,0,legitimate
1,0.999,0,7,2,0,1,1,0,1,3,1,subtle_intent_drift
1,0.6935,0,7,0,0,0,0,0,0,0,0,legitimate
1,0.999,0,7,2,0,1,1,0,1,3,1,subtle_intent_drift
1,0.948,0,7,0,0,0,0,0,0,0,0,legitimate
1,0.999,0,7,2,0,1,1,0,1,3,1,subtle_intent_drift
1,0.8885,0,9,1,0,0,0,2,0,2,0,legitimate
1,0.8351,0,9,1,0,0,0,2,0,2,0,legitimate
0,1.5,1,7,1,1,0,0,1,1,3,1,merchant_substitution
1,0.5153,0,7,0,0,0,0,0,0,0,0,legitimate
1,0.813,0,7,0,0,0,0,0,0,0,0,legitimate
0,1.5,1,7,1,1,0,0,1,1,3,1,merchant_substitution
1,0.6438,0,9,1,0,0,0,2,0,2,0,legitimate
0,1.5,1,7,1,1,0,0,1,1,3,1,merchant_substitution
1,0.86,0,7,0,0,0,0,0,0,0,0,legitimate
1,0.999,0,7,2,0,1,1,0,1,3,1,subtle_intent_drift
1,0.8774,0,7,0,0,0,0,0,0,0,0,legitimate
1,0.6048,0,9,1,0,0,0,2,0,2,0,legitimate
1,0.7188,0,7,0,0,0,0,0,0,0,0,legitimate
1,0.8537,0,7,0,0,0,0,0,0,0,0,legitimate
1,0.999,0,7,2,0,1,1,0,1,3,1,subtle_intent_drift
0,1.5,1,7,1,1,0,0,1,1,3,1,merchant_substitution
1,0.999,0,7,2,0,1,1,0,1,3,1,subtle_intent_drift
1,0.792,0,7,0,0,0,0,0,0,0,0,legitimate
1,0.5203,0,7,0,0,0,0,0,0,0,0,legitimate
1,0.8211,0,7,0,0,0,0,0,0,0,0,legitimate
1,0.953,0,9,1,0,0,0,2,0,2,0,legitimate
0,1.5,1,7,1,1,0,0,1,1,3,1,merchant_substitution
1,0.7457,0,7,0,0,0,0,0,0,0,0,legitimate
1,0.8687,0,7,0,0,0,0,0,0,0,0,legitimate
1,0.999,0,7,2,0,1,1,0,1,3,1,subtle_intent_drift
1,0.5918,0,7,0,0,0,0,0,0,0,0,legitimate
0,1.5,1,7,1,1,0,0,1,1,3,1,merchant_substitution
1,0.736,0,9,1,0,0,0,2,0,2,0,legitimate
1,0.9376,0,7,0,0,0,0,0,0,0,0,legitimate
1,0.566,0,9,1,0,0,0,2,0,2,0,legitimate
1,0.7197,0,7,0,0,0,0,0,0,0,0,legitimate
1,0.9606,0,7,0,0,0,0,0,0,0,0,legitimate
1,0.8192,0,7,0,0,0,0,0,0,0,0,legitimate
1,0.5865,0,7,0,0,0,0,0,0,0,0,legitimate
0,1.5,1,7,1,1,0,0,1,1,3,1,merchant_substitution
1,0.8251,0,7,0,0,0,0,0,0,0,0,legitimate
1,0.5704,0,9,1,0,0,0,2,0,2,0,legitimate
1,0.9041,0,7,0,0,0,0,0,0,0,0,legitimate
1,0.7688,0,7,0,0,0,0,0,0,0,0,legitimate
1,0.8776,0,7,0,0,0,0,0,0,0,0,legitimate
1,0.5479,0,7,0,0,0,0,0,0,0,0,legitimate
1,0.999,0,7,2,0,1,1,0,1,3,1,subtle_intent_drift
0,1.5,1,7,1,1,0,0,1,1,3,1,merchant_substitution
1,0.9665,0,7,0,0,0,0,0,0,0,0,legitimate
1,0.8511,0,7,0,0,0,0,0,0,0,0,legitimate
0,1.5,1,7,1,1,0,0,1,1,3,1,merchant_substitution
1,0.999,0,7,2,0,1,1,0,1,3,1,subtle_intent_drift
1,0.9372,0,7,0,0,0,0,0,0,0,0,legitimate
0,1.5,1,7,1,1,0,0,1,1,3,1,merchant_substitution
0,1.5,1,7,1,1,0,0,1,1,3,1,merchant_substitution
1,0.999,0,7,2,0,1,1,0,1,3,1,subtle_intent_drift
0,1.5,1,7,1,1,0,0,1,1,3,1,merchant_substitution
1,0.999,0,7,2,0,1,1,0,1,3,1,subtle_intent_drift
1,0.7475,0,9,1,0,0,0,2,0,2,0,legitimate
1,0.7663,0,7,0,0,0,0,0,0,0,0,legitimate
0,1.5,1,7,1,1,0,0,1,1,3,1,merchant_substitution
1,0.9663,0,7,0,0,0,0,0,0,0,0,legitimate
1,0.999,0,7,2,0,1,1,0,1,3,1,subtle_intent_drift
1,0.5848,0,7,0,0,0,0,0,0,0,0,legitimate
1,0.6546,0,7,0,0,0,0,0,0,0,0,legitimate
1,0.999,0,7,2,0,1,1,0,1,3,1,subtle_intent_drift
0,1.5,1,7,1,1,0,0,1,1,3,1,merchant_substitution
1,0.999,0,7,2,0,1,1,0,1,3,1,subtle_intent_drift
1,0.6809,0,7,0,0,0,0,0,0,0,0,legitimate
1,0.57,0,9,1,0,0,0,2,0,2,0,legitimate
0,1.5,1,7,1,1,0,0,1,1,3,1,merchant_substitution
1,0.999,0,7,2,0,1,1,0,1,3,1,subtle_intent_drift
1,0.999,0,7,2,0,1,1,0,1,3,1,subtle_intent_drift
1,0.999,0,7,2,0,1,1,0,1,3,1,subtle_intent_drift
1,0.999,0,7,2,0,1,1,0,1,3,1,subtle_intent_drift
1,0.6318,0,9,1,0,0,0,2,0,2,0,legitimate
1,0.6527,0,7,0,0,0,0,0,0,0,0,legitimate
1,0.7479,0,7,0,0,0,0,0,0,0,0,legitimate
1,0.5574,0,7,0,0,0,0,0,0,0,0,legitimate
1,0.999,0,7,2,0,1,1,0,1,3,1,subtle_intent_drift
1,0.7897,0,7,0,0,0,0,0,0,0,0,legitimate
1,0.629,0,7,0,0,0,0,0,0,0,0,legitimate
1,0.999,0,7,2,0,1,1,0,1,3,1,subtle_intent_drift
1,0.5372,0,7,0,0,0,0,0,0,0,0,legitimate
1,0.999,0,7,2,0,1,1,0,1,3,1,subtle_intent_drift
1,0.8891,0,7,0,0,0,0,0,0,0,0,legitimate
1,0.5155,0,7,0,0,0,0,0,0,0,0,legitimate
1,0.999,0,7,2,0,1,1,0,1,3,1,subtle_intent_drift
1,0.5048,0,7,0,0,0,0,0,0,0,0,legitimate
1,0.512,0,7,0,0,0,0,0,0,0,0,legitimate
1,0.5988,0,7,0,0,0,0,0,0,0,0,legitimate
0,1.5,1,7,1,1,0,0,1,1,3,1,merchant_substitution
0,1.5,1,7,1,1,0,0,1,1,3,1,merchant_substitution
1,0.999,0,7,2,0,1,1,0,1,3,1,subtle_intent_drift
1,0.6187,0,7,0,0,0,0,0,0,0,0,legitimate
0,1.5,1,7,1,1,0,0,1,1,3,1,merchant_substitution
0,1.5,1,7,1,1,0,0,1,1,3,1,merchant_substitution
1,0.7833,0,7,0,0,0,0,0,0,0,0,legitimate
1,0.774,0,7,0,0,0,0,0,0,0,0,legitimate
1,0.999,0,7,2,0,1,1,0,1,3,1,subtle_intent_drift
0,1.5,1,7,1,1,0,0,1,1,3,1,merchant_substitution
1,0.9422,0,7,0,0,0,0,0,0,0,0,legitimate
1,0.999,0,7,2,0,1,1,0,1,3,1,subtle_intent_drift
1,0.9788,0,7,0,0,0,0,0,0,0,0,legitimate
1,0.5385,0,9,1,0,0,0,2,0,2,0,legitimate
1,0.596,0,7,0,0,0,0,0,0,0,0,legitimate
1,0.9745,0,7,0,0,0,0,0,0,0,0,legitimate
0,1.5,1,7,1,1,0,0,1,1,3,1,merchant_substitution
1,0.9207,0,7,0,0,0,0,0,0,0,0,legitimate
1,0.999,0,7,2,0,1,1,0,1,3,1,subtle_intent_drift
1,0.999,0,7,2,0,1,1,0,1,3,1,subtle_intent_drift
0,1.5,1,7,1,1,0,0,1,1,3,1,merchant_substitution
0,1.5,1,7,1,1,0,0,1,1,3,1,merchant_substitution
1,0.927,0,7,0,0,0,0,0,0,0,0,legitimate
0,1.5,1,7,1,1,0,0,1,1,3,1,merchant_substitution
1,0.7406,0,7,0,0,0,0,0,0,0,0,legitimate
1,0.516,0,7,0,0,0,0,0,0,0,0,legitimate
1,0.6898,0,7,0,0,0,0,0,0,0,0,legitimate
1,0.999,0,7,2,0,1,1,0,1,3,1,subtle_intent_drift
0,1.5,1,7,1,1,0,0,1,1,3,1,merchant_substitution
1,0.999,0,7,2,0,1,1,0,1,3,1,subtle_intent_drift
1,0.999,0,7,2,0,1,1,0,1,3,1,subtle_intent_drift
1,0.999,0,7,2,0,1,1,0,1,3,1,subtle_intent_drift
0,1.5,1,7,1,1,0,0,1,1,3,1,merchant_substitution
1,0.796,0,7,0,0,0,0,0,0,0,0,legitimate
1,0.9517,0,9,1,0,0,0,2,0,2,0,legitimate
1,0.8518,0,7,0,0,0,0,0,0,0,0,legitimate
1,0.9327,0,7,0,0,0,0,0,0,0,0,legitimate
1,0.999,0,7,2,0,1,1,0,1,3,1,subtle_intent_drift
1,0.999,0,7,2,0,1,1,0,1,3,1,subtle_intent_drift
1,0.999,0,7,2,0,1,1,0,1,3,1,subtle_intent_drift
1,0.7057,0,7,0,0,0,0,0,0,0,0,legitimate
1,0.999,0,7,2,0,1,1,0,1,3,1,subtle_intent_drift
1,0.8803,0,9,1,0,0,0,2,0,2,0,legitimate
1,0.9049,0,7,0,0,0,0,0,0,0,0,legitimate
1,0.5165,0,7,0,0,0,0,0,0,0,0,legitimate
1,0.5406,0,9,1,0,0,0,2,0,2,0,legitimate
1,0.999,0,7,2,0,1,1,0,1,3,1,subtle_intent_drift
1,0.5155,0,7,0,0,0,0,0,0,0,0,legitimate
1,0.9178,0,9,1,0,0,0,2,0,2,0,legitimate
0,1.5,1,7,1,1,0,0,1,1,3,1,merchant_substitution
1,0.999,0,7,2,0,1,1,0,1,3,1,subtle_intent_drift
1,0.999,0,7,2,0,1,1,0,1,3,1,subtle_intent_drift
1,0.999,0,7,2,0,1,1,0,1,3,1,subtle_intent_drift
0,1.5,1,7,1,1,0,0,1,1,3,1,merchant_substitution
1,0.999,0,7,2,0,1,1,0,1,3,1,subtle_intent_drift
0,1.5,1,7,1,1,0,0,1,1,3,1,merchant_substitution
1,0.999,0,7,2,0,1,1,0,1,3,1,subtle_intent_drift
0,1.5,1,7,1,1,0,0,1,1,3,1,merchant_substitution
0,1.5,1,7,1,1,0,0,1,1,3,1,merchant_substitution
1,0.999,0,7,2,0,1,1,0,1,3,1,subtle_intent_drift
0,1.5,1,7,1,1,0,0,1,1,3,1,merchant_substitution
0,1.5,1,7,1,1,0,0,1,1,3,1,merchant_substitution
1,0.999,0,7,2,0,1,1,0,1,3,1,subtle_intent_drift
1,0.8669,0,9,1,0,0,0,2,0,2,0,legitimate
1,0.999,0,7,2,0,1,1,0,1,3,1,subtle_intent_drift
1,0.667,0,7,0,0,0,0,0,0,0,0,legitimate
1,0.8956,0,7,0,0,0,0,0,0,0,0,legitimate
1,0.6919,0,9,1,0,0,0,2,0,2,0,legitimate
1,0.999,0,7,2,0,1,1,0,1,3,1,subtle_intent_drift
1,0.5066,0,7,0,0,0,0,0,0,0,0,legitimate
0,1.5,1,7,1,1,0,0,1,1,3,1,merchant_substitution
1,0.9378,0,7,0,0,0,0,0,0,0,0,legitimate
1,0.999,0,7,2,0,1,1,0,1,3,1,subtle_intent_drift
1,0.999,0,7,2,0,1,1,0,1,3,1,subtle_intent_drift
1,0.5416,0,9,1,0,0,0,2,0,2,0,legitimate
0,1.5,1,7,1,1,0,0,1,1,3,1,merchant_substitution
0,1.5,1,7,1,1,0,0,1,1,3,1,merchant_substitution
1,0.689,0,7,0,0,0,0,0,0,0,0,legitimate
1,0.5521,0,9,1,0,0,0,2,0,2,0,legitimate
1,0.681,0,9,1,0,0,0,2,0,2,0,legitimate
1,0.6308,0,9,1,0,0,0,2,0,2,0,legitimate
1,0.9166,0,7,0,0,0,0,0,0,0,0,legitimate
1,0.5781,0,7,0,0,0,0,0,0,0,0,legitimate
1,0.999,0,7,2,0,1,1,0,1,3,1,subtle_intent_drift
1,0.999,0,7,2,0,1,1,0,1,3,1,subtle_intent_drift
0,1.5,1,7,1,1,0,0,1,1,3,1,merchant_substitution
1,0.8234,0,7,0,0,0,0,0,0,0,0,legitimate
1,0.6471,0,9,1,0,0,0,2,0,2,0,legitimate
1,0.83,0,9,1,0,0,0,2,0,2,0,legitimate
1,0.999,0,7,2,0,1,1,0,1,3,1,subtle_intent_drift
0,1.5,1,7,1,1,0,0,1,1,3,1,merchant_substitution
1,0.6418,0,7,0,0,0,0,0,0,0,0,legitimate
0,1.5,1,7,1,1,0,0,1,1,3,1,merchant_substitution
1,0.9634,0,7,0,0,0,0,0,0,0,0,legitimate
1,0.5401,0,9,1,0,0,0,2,0,2,0,legitimate
1,0.6196,0,7,0,0,0,0,0,0,0,0,legitimate
1,0.8326,0,7,0,0,0,0,0,0,0,0,legitimate
1,0.7948,0,7,0,0,0,0,0,0,0,0,legitimate
0,1.5,1,7,1,1,0,0,1,1,3,1,merchant_substitution
1,0.9588,0,9,1,0,0,0,2,0,2,0,legitimate
1,0.9557,0,7,0,0,0,0,0,0,0,0,legitimate
0,1.5,1,7,1,1,0,0,1,1,3,1,merchant_substitution
0,1.5,1,7,1,1,0,0,1,1,3,1,merchant_substitution
1,0.5837,0,7,0,0,0,0,0,0,0,0,legitimate
1,0.6707,0,9,1,0,0,0,2,0,2,0,legitimate
1,0.8112,0,9,1,0,0,0,2,0,2,0,legitimate
0,1.5,1,7,1,1,0,0,1,1,3,1,merchant_substitution
0,1.5,1,7,1,1,0,0,1,1,3,1,merchant_substitution
1,0.999,0,7,2,0,1,1,0,1,3,1,subtle_intent_drift
1,0.6578,0,9,1,0,0,0,2,0,2,0,legitimate
1,0.6857,0,7,0,0,0,0,0,0,0,0,legitimate
1,0.999,0,7,2,0,1,1,0,1,3,1,subtle_intent_drift
1,0.999,0,7,2,0,1,1,0,1,3,1,subtle_intent_drift
1,0.7339,0,7,0,0,0,0,0,0,0,0,legitimate
1,0.5477,0,7,0,0,0,0,0,0,0,0,legitimate
0,1.5,1,7,1,1,0,0,1,1,3,1,merchant_substitution
1,0.7253,0,7,0,0,0,0,0,0,0,0,legitimate
0,1.5,1,7,1,1,0,0,1,1,3,1,merchant_substitution
0,1.5,1,7,1,1,0,0,1,1,3,1,merchant_substitution
1,0.902,0,7,0,0,0,0,0,0,0,0,legitimate
0,1.5,1,7,1,1,0,0,1,1,3,1,merchant_substitution
0,1.5,1,7,1,1,0,0,1,1,3,1,merchant_substitution
1,0.8587,0,7,0,0,0,0,0,0,0,0,legitimate
1,0.999,0,7,2,0,1,1,0,1,3,1,subtle_intent_drift
1,0.595,0,7,0,0,0,0,0,0,0,0,legitimate
1,0.999,0,7,2,0,1,1,0,1,3,1,subtle_intent_drift
1,0.999,0,7,2,0,1,1,0,1,3,1,subtle_intent_drift
1,0.8063,0,7,0,0,0,0,0,0,0,0,legitimate
1,0.8458,0,7,0,0,0,0,0,0,0,0,legitimate
1,0.7681,0,7,0,0,0,0,0,0,0,0,legitimate
1,0.999,0,7,2,0,1,1,0,1,3,1,subtle_intent_drift
1,0.999,0,7,2,0,1,1,0,1,3,1,subtle_intent_drift
1,0.999,0,7,2,0,1,1,0,1,3,1,subtle_intent_drift
0,1.5,1,7,1,1,0,0,1,1,3,1,merchant_substitution
0,1.5,1,7,1,1,0,0,1,1,3,1,merchant_substitution
1,0.999,0,7,2,0,1,1,0,1,3,1,subtle_intent_drift
1,0.999,0,7,2,0,1,1,0,1,3,1,subtle_intent_drift
1,0.7983,0,7,0,0,0,0,0,0,0,0,legitimate
1,0.5848,0,7,0,0,0,0,0,0,0,0,legitimate
1,0.999,0,7,2,0,1,1,0,1,3,1,subtle_intent_drift
1,0.999,0,7,2,0,1,1,0,1,3,1,subtle_intent_drift
1,0.999,0,7,2,0,1,1,0,1,3,1,subtle_intent_drift
1,0.6174,0,9,1,0,0,0,2,0,2,0,legitimate
1,0.7809,0,9,1,0,0,0,2,0,2,0,legitimate
1,0.999,0,7,2,0,1,1,0,1,3,1,subtle_intent_drift
1,0.9259,0,7,0,0,0,0,0,0,0,0,legitimate
1,0.5444,0,9,1,0,0,0,2,0,2,0,legitimate
1,0.9478,0,9,1,0,0,0,2,0,2,0,legitimate
1,0.8889,0,9,1,0,0,0,2,0,2,0,legitimate
0,1.5,1,7,1,1,0,0,1,1,3,1,merchant_substitution
0,1.5,1,7,1,1,0,0,1,1,3,1,merchant_substitution
1,0.5913,0,9,1,0,0,0,2,0,2,0,legitimate
1,0.999,0,7,2,0,1,1,0,1,3,1,subtle_intent_drift
1,0.518,0,7,0,0,0,0,0,0,0,0,legitimate
1,0.5548,0,7,0,0,0,0,0,0,0,0,legitimate
1,0.999,0,7,2,0,1,1,0,1,3,1,subtle_intent_drift
0,1.5,1,7,1,1,0,0,1,1,3,1,merchant_substitution
1,0.7144,0,9,1,0,0,0,2,0,2,0,legitimate
1,0.955,0,7,0,0,0,0,0,0,0,0,legitimate
1,0.6895,0,9,1,0,0,0,2,0,2,0,legitimate
0,1.5,1,7,1,1,0,0,1,1,3,1,merchant_substitution
1,0.999,0,7,2,0,1,1,0,1,3,1,subtle_intent_drift
1,0.9644,0,7,0,0,0,0,0,0,0,0,legitimate
1,0.999,0,7,2,0,1,1,0,1,3,1,subtle_intent_drift
0,1.5,1,7,1,1,0,0,1,1,3,1,merchant_substitution
1,0.5904,0,7,0,0,0,0,0,0,0,0,legitimate
0,1.5,1,7,1,1,0,0,1,1,3,1,merchant_substitution
1,0.999,0,7,2,0,1,1,0,1,3,1,subtle_intent_drift
1,0.999,0,7,2,0,1,1,0,1,3,1,subtle_intent_drift
1,0.9075,0,7,0,0,0,0,0,0,0,0,legitimate
1,0.62,0,7,0,0,0,0,0,0,0,0,legitimate
1,0.6367,0,9,1,0,0,0,2,0,2,0,legitimate
1,0.8271,0,9,1,0,0,0,2,0,2,0,legitimate
1,0.999,0,7,2,0,1,1,0,1,3,1,subtle_intent_drift
1,0.8535,0,7,0,0,0,0,0,0,0,0,legitimate
1,0.6033,0,7,0,0,0,0,0,0,0,0,legitimate
0,1.5,1,7,1,1,0,0,1,1,3,1,merchant_substitution
1,0.9261,0,7,0,0,0,0,0,0,0,0,legitimate
1,0.5942,0,7,0,0,0,0,0,0,0,0,legitimate
1,0.999,0,7,2,0,1,1,0,1,3,1,subtle_intent_drift
1,0.999,0,7,2,0,1,1,0,1,3,1,subtle_intent_drift
0,1.5,1,7,1,1,0,0,1,1,3,1,merchant_substitution
1,0.583,0,7,0,0,0,0,0,0,0,0,legitimate
1,0.999,0,7,2,0,1,1,0,1,3,1,subtle_intent_drift
1,0.723,0,9,1,0,0,0,2,0,2,0,legitimate
0,1.5,1,7,1,1,0,0,1,1,3,1,merchant_substitution
1,0.999,0,7,2,0,1,1,0,1,3,1,subtle_intent_drift
1,0.8728,0,7,0,0,0,0,0,0,0,0,legitimate
0,1.5,1,7,1,1,0,0,1,1,3,1,merchant_substitution
1,0.8818,0,9,1,0,0,0,2,0,2,0,legitimate
0,1.5,1,7,1,1,0,0,1,1,3,1,merchant_substitution
1,0.6337,0,7,0,0,0,0,0,0,0,0,legitimate
0,1.5,1,7,1,1,0,0,1,1,3,1,merchant_substitution
0,1.5,1,7,1,1,0,0,1,1,3,1,merchant_substitution
1,0.999,0,7,2,0,1,1,0,1,3,1,subtle_intent_drift
0,1.5,1,7,1,1,0,0,1,1,3,1,merchant_substitution
1,0.5024,0,9,1,0,0,0,2,0,2,0,legitimate
1,0.6514,0,7,0,0,0,0,0,0,0,0,legitimate
1,0.9577,0,7,0,0,0,0,0,0,0,0,legitimate
1,0.608,0,7,0,0,0,0,0,0,0,0,legitimate
1,0.9572,0,7,0,0,0,0,0,0,0,0,legitimate
1,0.6067,0,7,0,0,0,0,0,0,0,0,legitimate
1,0.999,0,7,2,0,1,1,0,1,3,1,subtle_intent_drift
0,1.5,1,7,1,1,0,0,1,1,3,1,merchant_substitution
1,0.999,0,7,2,0,1,1,0,1,3,1,subtle_intent_drift
1,0.999,0,7,2,0,1,1,0,1,3,1,subtle_intent_drift
0,1.5,1,7,1,1,0,0,1,1,3,1,merchant_substitution
0,1.5,1,7,1,1,0,0,1,1,3,1,merchant_substitution
0,1.5,1,7,1,1,0,0,1,1,3,1,merchant_substitution
1,0.999,0,7,2,0,1,1,0,1,3,1,subtle_intent_drift
1,0.999,0,7,2,0,1,1,0,1,3,1,subtle_intent_drift
0,1.5,1,7,1,1,0,0,1,1,3,1,merchant_substitution
1,0.999,0,7,2,0,1,1,0,1,3,1,subtle_intent_drift
1,0.8017,0,9,1,0,0,0,2,0,2,0,legitimate
0,1.5,1,7,1,1,0,0,1,1,3,1,merchant_substitution
1,0.9434,0,7,0,0,0,0,0,0,0,0,legitimate
1,0.7156,0,7,0,0,0,0,0,0,0,0,legitimate
1,0.6673,0,7,0,0,0,0,0,0,0,0,legitimate
1,0.6937,0,7,0,0,0,0,0,0,0,0,legitimate
1,0.8117,0,9,1,0,0,0,2,0,2,0,legitimate
0,1.5,1,7,1,1,0,0,1,1,3,1,merchant_substitution
0,1.5,1,7,1,1,0,0,1,1,3,1,merchant_substitution
0,1.5,1,7,1,1,0,0,1,1,3,1,merchant_substitution
1,0.999,0,7,2,0,1,1,0,1,3,1,subtle_intent_drift
0,1.5,1,7,1,1,0,0,1,1,3,1,merchant_substitution
0,1.5,1,7,1,1,0,0,1,1,3,1,merchant_substitution
1,0.6332,0,9,1,0,0,0,2,0,2,0,legitimate
1,0.999,0,7,2,0,1,1,0,1,3,1,subtle_intent_drift
0,1.5,1,7,1,1,0,0,1,1,3,1,merchant_substitution
1,0.999,0,7,2,0,1,1,0,1,3,1,subtle_intent_drift
1,0.7972,0,7,0,0,0,0,0,0,0,0,legitimate
1,0.787,0,7,0,0,0,0,0,0,0,0,legitimate
1,0.5254,0,7,0,0,0,0,0,0,0,0,legitimate
1,0.999,0,7,2,0,1,1,0,1,3,1,subtle_intent_drift
1,0.5672,0,9,1,0,0,0,2,0,2,0,legitimate
1,0.6075,0,7,0,0,0,0,0,0,0,0,legitimate
1,0.5359,0,7,0,0,0,0,0,0,0,0,legitimate
1,0.7516,0,9,1,0,0,0,2,0,2,0,legitimate
1,0.9321,0,7,0,0,0,0,0,0,0,0,legitimate
1,0.9444,0,9,1,0,0,0,2,0,2,0,legitimate
0,1.5,1,7,1,1,0,0,1,1,3,1,merchant_substitution
0,1.5,1,7,1,1,0,0,1,1,3,1,merchant_substitution
1,0.999,0,7,2,0,1,1,0,1,3,1,subtle_intent_drift
0,1.5,1,7,1,1,0,0,1,1,3,1,merchant_substitution
1,0.999,0,7,2,0,1,1,0,1,3,1,subtle_intent_drift
1,0.999,0,7,2,0,1,1,0,1,3,1,subtle_intent_drift
1,0.608,0,9,1,0,0,0,2,0,2,0,legitimate
1,0.999,0,7,2,0,1,1,0,1,3,1,subtle_intent_drift
1,0.7441,0,7,0,0,0,0,0,0,0,0,legitimate
1,0.8628,0,7,0,0,0,0,0,0,0,0,legitimate
1,0.999,0,7,2,0,1,1,0,1,3,1,subtle_intent_drift
0,1.5,1,7,1,1,0,0,1,1,3,1,merchant_substitution
0,1.5,1,7,1,1,0,0,1,1,3,1,merchant_substitution
1,0.999,0,7,2,0,1,1,0,1,3,1,subtle_intent_drift
1,0.8804,0,7,0,0,0,0,0,0,0,0,legitimate
0,1.5,1,7,1,1,0,0,1,1,3,1,merchant_substitution
1,0.8956,0,7,0,0,0,0,0,0,0,0,legitimate
0,1.5,1,7,1,1,0,0,1,1,3,1,merchant_substitution
1,0.6155,0,7,0,0,0,0,0,0,0,0,legitimate
1,0.8075,0,7,0,0,0,0,0,0,0,0,legitimate
1,0.999,0,7,2,0,1,1,0,1,3,1,subtle_intent_drift
1,0.7624,0,9,1,0,0,0,2,0,2,0,legitimate
0,1.5,1,7,1,1,0,0,1,1,3,1,merchant_substitution
1,0.8664,0,9,1,0,0,0,2,0,2,0,legitimate
0,1.5,1,7,1,1,0,0,1,1,3,1,merchant_substitution
1,0.7982,0,7,0,0,0,0,0,0,0,0,legitimate
0,1.5,1,7,1,1,0,0,1,1,3,1,merchant_substitution
1,0.8055,0,7,0,0,0,0,0,0,0,0,legitimate
1,0.999,0,7,2,0,1,1,0,1,3,1,subtle_intent_drift
1,0.9564,0,7,0,0,0,0,0,0,0,0,legitimate
0,1.5,1,7,1,1,0,0,1,1,3,1,merchant_substitution
0,1.5,1,7,1,1,0,0,1,1,3,1,merchant_substitution
1,0.9173,0,7,0,0,0,0,0,0,0,0,legitimate
1,0.9085,0,7,0,0,0,0,0,0,0,0,legitimate
1,0.7593,0,7,0,0,0,0,0,0,0,0,legitimate
1,0.5587,0,7,0,0,0,0,0,0,0,0,legitimate
1,0.999,0,7,2,0,1,1,0,1,3,1,subtle_intent_drift
0,1.5,1,7,1,1,0,0,1,1,3,1,merchant_substitution
1,0.558,0,7,0,0,0,0,0,0,0,0,legitimate
0,1.5,1,7,1,1,0,0,1,1,3,1,merchant_substitution
0,1.5,1,7,1,1,0,0,1,1,3,1,merchant_substitution
0,1.5,1,7,1,1,0,0,1,1,3,1,merchant_substitution
0,1.5,1,7,1,1,0,0,1,1,3,1,merchant_substitution
1,0.999,0,7,2,0,1,1,0,1,3,1,subtle_intent_drift
1,0.7163,0,9,1,0,0,0,2,0,2,0,legitimate
1,0.8369,0,7,0,0,0,0,0,0,0,0,legitimate
0,1.5,1,7,1,1,0,0,1,1,3,1,merchant_substitution
1,0.8763,0,9,1,0,0,0,2,0,2,0,legitimate
1,0.8834,0,7,0,0,0,0,0,0,0,0,legitimate
1,0.773,0,7,0,0,0,0,0,0,0,0,legitimate
1,0.7916,0,7,0,0,0,0,0,0,0,0,legitimate
1,0.999,0,7,2,0,1,1,0,1,3,1,subtle_intent_drift
1,0.9094,0,7,0,0,0,0,0,0,0,0,legitimate
1,0.7038,0,9,1,0,0,0,2,0,2,0,legitimate
1,0.7662,0,7,0,0,0,0,0,0,0,0,legitimate
1,0.999,0,7,2,0,1,1,0,1,3,1,subtle_intent_drift
0,1.5,1,7,1,1,0,0,1,1,3,1,merchant_substitution
1,0.6335,0,9,1,0,0,0,2,0,2,0,legitimate
1,0.7857,0,7,0,0,0,0,0,0,0,0,legitimate
1,0.7246,0,7,0,0,0,0,0,0,0,0,legitimate
1,0.999,0,7,2,0,1,1,0,1,3,1,subtle_intent_drift
1,0.8104,0,9,1,0,0,0,2,0,2,0,legitimate
1,0.5432,0,7,0,0,0,0,0,0,0,0,legitimate
1,0.8716,0,9,1,0,0,0,2,0,2,0,legitimate
0,1.5,1,7,1,1,0,0,1,1,3,1,merchant_substitution
1,0.6297,0,9,1,0,0,0,2,0,2,0,legitimate
1,0.6103,0,7,0,0,0,0,0,0,0,0,legitimate
1,0.9206,0,7,0,0,0,0,0,0,0,0,legitimate
1,0.7146,0,7,0,0,0,0,0,0,0,0,legitimate
1,0.999,0,7,2,0,1,1,0,1,3,1,subtle_intent_drift
1,0.5308,0,7,0,0,0,0,0,0,0,0,legitimate
0,1.5,1,7,1,1,0,0,1,1,3,1,merchant_substitution
1,0.999,0,7,2,0,1,1,0,1,3,1,subtle_intent_drift
1,0.5634,0,7,0,0,0,0,0,0,0,0,legitimate
1,0.9496,0,7,0,0,0,0,0,0,0,0,legitimate
1,0.747,0,7,0,0,0,0,0,0,0,0,legitimate
1,0.999,0,7,2,0,1,1,0,1,3,1,subtle_intent_drift
1,0.999,0,7,2,0,1,1,0,1,3,1,subtle_intent_drift
1,0.6497,0,7,0,0,0,0,0,0,0,0,legitimate
1,0.999,0,7,2,0,1,1,0,1,3,1,subtle_intent_drift
1,0.6968,0,9,1,0,0,0,2,0,2,0,legitimate
1,0.7516,0,7,0,0,0,0,0,0,0,0,legitimate
0,1.5,1,7,1,1,0,0,1,1,3,1,merchant_substitution
0,1.5,1,7,1,1,0,0,1,1,3,1,merchant_substitution
1,0.5546,0,7,0,0,0,0,0,0,0,0,legitimate
0,1.5,1,7,1,1,0,0,1,1,3,1,merchant_substitution
1,0.5229,0,7,0,0,0,0,0,0,0,0,legitimate
1,0.8337,0,9,1,0,0,0,2,0,2,0,legitimate
0,1.5,1,7,1,1,0,0,1,1,3,1,merchant_substitution
0,1.5,1,7,1,1,0,0,1,1,3,1,merchant_substitution
1,0.7219,0,9,1,0,0,0,2,0,2,0,legitimate
0,1.5,1,7,1,1,0,0,1,1,3,1,merchant_substitution
1,0.999,0,7,2,0,1,1,0,1,3,1,subtle_intent_drift
1,0.7591,0,7,0,0,0,0,0,0,0,0,legitimate
1,0.6306,0,9,1,0,0,0,2,0,2,0,legitimate
1,0.686,0,7,0,0,0,0,0,0,0,0,legitimate
1,0.6508,0,7,0,0,0,0,0,0,0,0,legitimate
0,1.5,1,7,1,1,0,0,1,1,3,1,merchant_substitution
1,0.999,0,7,2,0,1,1,0,1,3,1,subtle_intent_drift
0,1.5,1,7,1,1,0,0,1,1,3,1,merchant_substitution
0,1.5,1,7,1,1,0,0,1,1,3,1,merchant_substitution
1,0.7016,0,7,0,0,0,0,0,0,0,0,legitimate
1,0.5251,0,7,0,0,0,0,0,0,0,0,legitimate
0,1.5,1,7,1,1,0,0,1,1,3,1,merchant_substitution
1,0.9351,0,7,0,0,0,0,0,0,0,0,legitimate
1,0.8723,0,7,0,0,0,0,0,0,0,0,legitimate
0,1.5,1,7,1,1,0,0,1,1,3,1,merchant_substitution
1,0.999,0,7,2,0,1,1,0,1,3,1,subtle_intent_drift
1,0.6509,0,7,0,0,0,0,0,0,0,0,legitimate
1,0.6927,0,7,0,0,0,0,0,0,0,0,legitimate
1,0.8256,0,7,0,0,0,0,0,0,0,0,legitimate
1,0.999,0,7,2,0,1,1,0,1,3,1,subtle_intent_drift
1,0.8604,0,7,0,0,0,0,0,0,0,0,legitimate
1,0.9171,0,9,1,0,0,0,2,0,2,0,legitimate
1,0.5689,0,7,0,0,0,0,0,0,0,0,legitimate
1,0.8212,0,7,0,0,0,0,0,0,0,0,legitimate
1,0.6582,0,7,0,0,0,0,0,0,0,0,legitimate
1,0.9687,0,7,0,0,0,0,0,0,0,0,legitimate
1,0.999,0,7,2,0,1,1,0,1,3,1,subtle_intent_drift
1,0.999,0,7,2,0,1,1,0,1,3,1,subtle_intent_drift
1,0.9368,0,9,1,0,0,0,2,0,2,0,legitimate
1,0.6263,0,7,0,0,0,0,0,0,0,0,legitimate
1,0.999,0,7,2,0,1,1,0,1,3,1,subtle_intent_drift
0,1.5,1,7,1,1,0,0,1,1,3,1,merchant_substitution
1,0.5069,0,7,0,0,0,0,0,0,0,0,legitimate
1,0.999,0,7,2,0,1,1,0,1,3,1,subtle_intent_drift
0,1.5,1,7,1,1,0,0,1,1,3,1,merchant_substitution
1,0.999,0,7,2,0,1,1,0,1,3,1,subtle_intent_drift
1,0.999,0,7,2,0,1,1,0,1,3,1,subtle_intent_drift
1,0.8787,0,7,0,0,0,0,0,0,0,0,legitimate
1,0.7404,0,9,1,0,0,0,2,0,2,0,legitimate
0,1.5,1,7,1,1,0,0,1,1,3,1,merchant_substitution
0,1.5,1,7,1,1,0,0,1,1,3,1,merchant_substitution
1,0.6587,0,7,0,0,0,0,0,0,0,0,legitimate
1,0.7594,0,9,1,0,0,0,2,0,2,0,legitimate
1,0.7733,0,9,1,0,0,0,2,0,2,0,legitimate
0,1.5,1,7,1,1,0,0,1,1,3,1,merchant_substitution
1,0.999,0,7,2,0,1,1,0,1,3,1,subtle_intent_drift
0,1.5,1,7,1,1,0,0,1,1,3,1,merchant_substitution
1,0.999,0,7,2,0,1,1,0,1,3,1,subtle_intent_drift
1,0.9725,0,9,1,0,0,0,2,0,2,0,legitimate
1,0.9335,0,9,1,0,0,0,2,0,2,0,legitimate
1,0.999,0,7,2,0,1,1,0,1,3,1,subtle_intent_drift
0,1.5,1,7,1,1,0,0,1,1,3,1,merchant_substitution
1,0.999,0,7,2,0,1,1,0,1,3,1,subtle_intent_drift
1,0.8553,0,9,1,0,0,0,2,0,2,0,legitimate
0,1.5,1,7,1,1,0,0,1,1,3,1,merchant_substitution
0,1.5,1,7,1,1,0,0,1,1,3,1,merchant_substitution
1,0.5869,0,7,0,0,0,0,0,0,0,0,legitimate
0,1.5,1,7,1,1,0,0,1,1,3,1,merchant_substitution
1,0.521,0,7,0,0,0,0,0,0,0,0,legitimate
0,1.5,1,7,1,1,0,0,1,1,3,1,merchant_substitution
1,0.9349,0,7,0,0,0,0,0,0,0,0,legitimate
1,0.8645,0,9,1,0,0,0,2,0,2,0,legitimate
1,0.8871,0,7,0,0,0,0,0,0,0,0,legitimate
1,0.7071,0,7,0,0,0,0,0,0,0,0,legitimate
1,0.999,0,7,2,0,1,1,0,1,3,1,subtle_intent_drift
0,1.5,1,7,1,1,0,0,1,1,3,1,merchant_substitution
1,0.6796,0,7,0,0,0,0,0,0,0,0,legitimate
1,0.999,0,7,2,0,1,1,0,1,3,1,subtle_intent_drift
0,1.5,1,7,1,1,0,0,1,1,3,1,merchant_substitution
1,0.9644,0,7,0,0,0,0,0,0,0,0,legitimate
1,0.9218,0,7,0,0,0,0,0,0,0,0,legitimate
1,0.999,0,7,2,0,1,1,0,1,3,1,subtle_intent_drift
1,0.7354,0,7,0,0,0,0,0,0,0,0,legitimate
1,0.7735,0,7,0,0,0,0,0,0,0,0,legitimate
1,0.999,0,7,2,0,1,1,0,1,3,1,subtle_intent_drift
1,0.7475,0,7,0,0,0,0,0,0,0,0,legitimate
1,0.999,0,7,2,0,1,1,0,1,3,1,subtle_intent_drift
1,0.6527,0,7,0,0,0,0,0,0,0,0,legitimate
1,0.974,0,7,0,0,0,0,0,0,0,0,legitimate
0,1.5,1,7,1,1,0,0,1,1,3,1,merchant_substitution
1,0.6983,0,9,1,0,0,0,2,0,2,0,legitimate
1,0.999,0,7,2,0,1,1,0,1,3,1,subtle_intent_drift
1,0.6596,0,7,0,0,0,0,0,0,0,0,legitimate
1,0.6901,0,7,0,0,0,0,0,0,0,0,legitimate
1,0.999,0,7,2,0,1,1,0,1,3,1,subtle_intent_drift
1,0.6852,0,7,0,0,0,0,0,0,0,0,legitimate
1,0.999,0,7,2,0,1,1,0,1,3,1,subtle_intent_drift
0,1.5,1,7,1,1,0,0,1,1,3,1,merchant_substitution
1,0.786,0,9,1,0,0,0,2,0,2,0,legitimate
0,1.5,1,7,1,1,0,0,1,1,3,1,merchant_substitution
0,1.5,1,7,1,1,0,0,1,1,3,1,merchant_substitution
1,0.7039,0,9,1,0,0,0,2,0,2,0,legitimate
1,0.6476,0,7,0,0,0,0,0,0,0,0,legitimate
1,0.6197,0,7,0,0,0,0,0,0,0,0,legitimate
1,0.999,0,7,2,0,1,1,0,1,3,1,subtle_intent_drift
1,0.5756,0,7,0,0,0,0,0,0,0,0,legitimate
0,1.5,1,7,1,1,0,0,1,1,3,1,merchant_substitution
1,0.999,0,7,2,0,1,1,0,1,3,1,subtle_intent_drift
1,0.7587,0,9,1,0,0,0,2,0,2,0,legitimate
0,1.5,1,7,1,1,0,0,1,1,3,1,merchant_substitution
1,0.6362,0,9,1,0,0,0,2,0,2,0,legitimate
0,1.5,1,7,1,1,0,0,1,1,3,1,merchant_substitution
1,0.5893,0,7,0,0,0,0,0,0,0,0,legitimate
1,0.9371,0,9,1,0,0,0,2,0,2,0,legitimate
1,0.6617,0,7,0,0,0,0,0,0,0,0,legitimate
1,0.999,0,7,2,0,1,1,0,1,3,1,subtle_intent_drift
0,1.5,1,7,1,1,0,0,1,1,3,1,merchant_substitution
0,1.5,1,7,1,1,0,0,1,1,3,1,merchant_substitution
1,0.9617,0,7,0,0,0,0,0,0,0,0,legitimate
0,1.5,1,7,1,1,0,0,1,1,3,1,merchant_substitution
0,1.5,1,7,1,1,0,0,1,1,3,1,merchant_substitution
1,0.977,0,7,0,0,0,0,0,0,0,0,legitimate
0,1.5,1,7,1,1,0,0,1,1,3,1,merchant_substitution
1,0.5077,0,7,0,0,0,0,0,0,0,0,legitimate
1,0.765,0,7,0,0,0,0,0,0,0,0,legitimate
1,0.9218,0,9,1,0,0,0,2,0,2,0,legitimate
1,0.999,0,7,2,0,1,1,0,1,3,1,subtle_intent_drift
1,0.744,0,7,0,0,0,0,0,0,0,0,legitimate
0,1.5,1,7,1,1,0,0,1,1,3,1,merchant_substitution
1,0.7875,0,7,0,0,0,0,0,0,0,0,legitimate
1,0.5505,0,7,0,0,0,0,0,0,0,0,legitimate
1,0.5458,0,7,0,0,0,0,0,0,0,0,legitimate
1,0.852,0,9,1,0,0,0,2,0,2,0,legitimate
1,0.9463,0,9,1,0,0,0,2,0,2,0,legitimate
1,0.7386,0,7,0,0,0,0,0,0,0,0,legitimate
1,0.999,0,7,2,0,1,1,0,1,3,1,subtle_intent_drift
0,1.5,1,7,1,1,0,0,1,1,3,1,merchant_substitution
1,0.9407,0,7,0,0,0,0,0,0,0,0,legitimate
1,0.5444,0,7,0,0,0,0,0,0,0,0,legitimate
1,0.5439,0,9,1,0,0,0,2,0,2,0,legitimate
1,0.999,0,7,2,0,1,1,0,1,3,1,subtle_intent_drift
0,1.5,1,7,1,1,0,0,1,1,3,1,merchant_substitution
1,0.7539,0,7,0,0,0,0,0,0,0,0,legitimate
0,1.5,1,7,1,1,0,0,1,1,3,1,merchant_substitution
1,0.8922,0,7,0,0,0,0,0,0,0,0,legitimate
1,0.8222,0,7,0,0,0,0,0,0,0,0,legitimate
1,0.8101,0,7,0,0,0,0,0,0,0,0,legitimate
1,0.5157,0,9,1,0,0,0,2,0,2,0,legitimate
1,0.5596,0,7,0,0,0,0,0,0,0,0,legitimate
1,0.7393,0,7,0,0,0,0,0,0,0,0,legitimate
1,0.9625,0,9,1,0,0,0,2,0,2,0,legitimate
0,1.5,1,7,1,1,0,0,1,1,3,1,merchant_substitution
1,0.999,0,7,2,0,1,1,0,1,3,1,subtle_intent_drift
1,0.9226,0,7,0,0,0,0,0,0,0,0,legitimate
1,0.7309,0,9,1,0,0,0,2,0,2,0,legitimate
1,0.6601,0,7,0,0,0,0,0,0,0,0,legitimate
1,0.999,0,7,2,0,1,1,0,1,3,1,subtle_intent_drift
0,1.5,1,7,1,1,0,0,1,1,3,1,merchant_substitution
1,0.999,0,7,2,0,1,1,0,1,3,1,subtle_intent_drift
0,1.5,1,7,1,1,0,0,1,1,3,1,merchant_substitution
1,0.999,0,7,2,0,1,1,0,1,3,1,subtle_intent_drift
1,0.8207,0,7,0,0,0,0,0,0,0,0,legitimate
1,0.7508,0,7,0,0,0,0,0,0,0,0,legitimate
0,1.5,1,7,1,1,0,0,1,1,3,1,merchant_substitution
1,0.9022,0,7,0,0,0,0,0,0,0,0,legitimate
1,0.6533,0,7,0,0,0,0,0,0,0,0,legitimate
1,0.999,0,7,2,0,1,1,0,1,3,1,subtle_intent_drift
1,0.8592,0,9,1,0,0,0,2,0,2,0,legitimate
1,0.605,0,7,0,0,0,0,0,0,0,0,legitimate
1,0.7481,0,7,0,0,0,0,0,0,0,0,legitimate
0,1.5,1,7,1,1,0,0,1,1,3,1,merchant_substitution
1,0.9448,0,7,0,0,0,0,0,0,0,0,legitimate
0,1.5,1,7,1,1,0,0,1,1,3,1,merchant_substitution
1,0.8667,0,9,1,0,0,0,2,0,2,0,legitimate
0,1.5,1,7,1,1,0,0,1,1,3,1,merchant_substitution
0,1.5,1,7,1,1,0,0,1,1,3,1,merchant_substitution
1,0.8179,0,7,0,0,0,0,0,0,0,0,legitimate
1,0.9579,0,9,1,0,0,0,2,0,2,0,legitimate
1,0.5226,0,7,0,0,0,0,0,0,0,0,legitimate
1,0.9123,0,7,0,0,0,0,0,0,0,0,legitimate
0,1.5,1,7,1,1,0,0,1,1,3,1,merchant_substitution
1,0.775,0,7,0,0,0,0,0,0,0,0,legitimate
1,0.6876,0,7,0,0,0,0,0,0,0,0,legitimate
1,0.999,0,7,2,0,1,1,0,1,3,1,subtle_intent_drift
1,0.7235,0,9,1,0,0,0,2,0,2,0,legitimate
1,0.7788,0,7,0,0,0,0,0,0,0,0,legitimate
1,0.7434,0,9,1,0,0,0,2,0,2,0,legitimate
0,1.5,1,7,1,1,0,0,1,1,3,1,merchant_substitution
1,0.6611,0,9,1,0,0,0,2,0,2,0,legitimate
1,0.999,0,7,2,0,1,1,0,1,3,1,subtle_intent_drift
0,1.5,1,7,1,1,0,0,1,1,3,1,merchant_substitution
1,0.8481,0,9,1,0,0,0,2,0,2,0,legitimate
1,0.8039,0,9,1,0,0,0,2,0,2,0,legitimate
1,0.6157,0,9,1,0,0,0,2,0,2,0,legitimate
1,0.9433,0,9,1,0,0,0,2,0,2,0,legitimate
1,0.999,0,7,2,0,1,1,0,1,3,1,subtle_intent_drift
1,0.8803,0,9,1,0,0,0,2,0,2,0,legitimate
1,0.8454,0,9,1,0,0,0,2,0,2,0,legitimate
1,0.999,0,7,2,0,1,1,0,1,3,1,subtle_intent_drift
1,0.6796,0,9,1,0,0,0,2,0,2,0,legitimate
0,1.5,1,7,1,1,0,0,1,1,3,1,merchant_substitution
1,0.999,0,7,2,0,1,1,0,1,3,1,subtle_intent_drift
1,0.999,0,7,2,0,1,1,0,1,3,1,subtle_intent_drift
0,1.5,1,7,1,1,0,0,1,1,3,1,merchant_substitution
0,1.5,1,7,1,1,0,0,1,1,3,1,merchant_substitution
1,0.5993,0,7,0,0,0,0,0,0,0,0,legitimate
1,0.9401,0,7,0,0,0,0,0,0,0,0,legitimate
1,0.7661,0,7,0,0,0,0,0,0,0,0,legitimate
1,0.999,0,7,2,0,1,1,0,1,3,1,subtle_intent_drift
1,0.5992,0,9,1,0,0,0,2,0,2,0,legitimate
1,0.6317,0,7,0,0,0,0,0,0,0,0,legitimate
1,0.7806,0,7,0,0,0,0,0,0,0,0,legitimate
1,0.999,0,7,2,0,1,1,0,1,3,1,subtle_intent_drift
1,0.855,0,7,0,0,0,0,0,0,0,0,legitimate
1,0.999,0,7,2,0,1,1,0,1,3,1,subtle_intent_drift
0,1.5,1,7,1,1,0,0,1,1,3,1,merchant_substitution
1,0.5377,0,7,0,0,0,0,0,0,0,0,legitimate
1,0.6637,0,7,0,0,0,0,0,0,0,0,legitimate
1,0.8813,0,9,1,0,0,0,2,0,2,0,legitimate
0,1.5,1,7,1,1,0,0,1,1,3,1,merchant_substitution
0,1.5,1,7,1,1,0,0,1,1,3,1,merchant_substitution
1,0.8648,0,7,0,0,0,0,0,0,0,0,legitimate
1,0.6157,0,9,1,0,0,0,2,0,2,0,legitimate
0,1.5,1,7,1,1,0,0,1,1,3,1,merchant_substitution
0,1.5,1,7,1,1,0,0,1,1,3,1,merchant_substitution
1,0.8226,0,9,1,0,0,0,2,0,2,0,legitimate
1,0.539,0,7,0,0,0,0,0,0,0,0,legitimate
1,0.9294,0,7,0,0,0,0,0,0,0,0,legitimate
1,0.9365,0,7,0,0,0,0,0,0,0,0,legitimate
1,0.999,0,7,2,0,1,1,0,1,3,1,subtle_intent_drift
0,1.5,1,7,1,1,0,0,1,1,3,1,merchant_substitution
1,0.728,0,7,0,0,0,0,0,0,0,0,legitimate
1,0.999,0,7,2,0,1,1,0,1,3,1,subtle_intent_drift
0,1.5,1,7,1,1,0,0,1,1,3,1,merchant_substitution
1,0.5249,0,7,0,0,0,0,0,0,0,0,legitimate
1,0.5336,0,7,0,0,0,0,0,0,0,0,legitimate
0,1.5,1,7,1,1,0,0,1,1,3,1,merchant_substitution
1,0.999,0,7,2,0,1,1,0,1,3,1,subtle_intent_drift
1,0.5019,0,9,1,0,0,0,2,0,2,0,legitimate
1,0.861,0,7,0,0,0,0,0,0,0,0,legitimate
1,0.7923,0,9,1,0,0,0,2,0,2,0,legitimate
1,0.999,0,7,2,0,1,1,0,1,3,1,subtle_intent_drift
1,0.9622,0,7,0,0,0,0,0,0,0,0,legitimate
1,0.8835,0,9,1,0,0,0,2,0,2,0,legitimate
0,1.5,1,7,1,1,0,0,1,1,3,1,merchant_substitution
1,0.8857,0,7,0,0,0,0,0,0,0,0,legitimate
1,0.5091,0,9,1,0,0,0,2,0,2,0,legitimate
1,0.8286,0,7,0,0,0,0,0,0,0,0,legitimate
1,0.999,0,7,2,0,1,1,0,1,3,1,subtle_intent_drift
1,0.6582,0,9,1,0,0,0,2,0,2,0,legitimate
1,0.999,0,7,2,0,1,1,0,1,3,1,subtle_intent_drift
0,1.5,1,7,1,1,0,0,1,1,3,1,merchant_substitution
1,0.999,0,7,2,0,1,1,0,1,3,1,subtle_intent_drift
1,0.999,0,7,2,0,1,1,0,1,3,1,subtle_intent_drift
1,0.5365,0,7,0,0,0,0,0,0,0,0,legitimate
1,0.6882,0,9,1,0,0,0,2,0,2,0,legitimate
1,0.8105,0,7,0,0,0,0,0,0,0,0,legitimate
1,0.999,0,7,2,0,1,1,0,1,3,1,subtle_intent_drift
1,0.5705,0,7,0,0,0,0,0,0,0,0,legitimate
1,0.5466,0,9,1,0,0,0,2,0,2,0,legitimate
1,0.5082,0,7,0,0,0,0,0,0,0,0,legitimate
1,0.999,0,7,2,0,1,1,0,1,3,1,subtle_intent_drift
1,0.7253,0,7,0,0,0,0,0,0,0,0,legitimate
1,0.6023,0,7,0,0,0,0,0,0,0,0,legitimate
0,1.5,1,7,1,1,0,0,1,1,3,1,merchant_substitution
1,0.999,0,7,2,0,1,1,0,1,3,1,subtle_intent_drift
0,1.5,1,7,1,1,0,0,1,1,3,1,merchant_substitution
1,0.5426,0,7,0,0,0,0,0,0,0,0,legitimate
0,1.5,1,7,1,1,0,0,1,1,3,1,merchant_substitution
1,0.999,0,7,2,0,1,1,0,1,3,1,subtle_intent_drift
1,0.999,0,7,2,0,1,1,0,1,3,1,subtle_intent_drift
1,0.999,0,7,2,0,1,1,0,1,3,1,subtle_intent_drift
1,0.6889,0,7,0,0,0,0,0,0,0,0,legitimate
1,0.999,0,7,2,0,1,1,0,1,3,1,subtle_intent_drift
1,0.999,0,7,2,0,1,1,0,1,3,1,subtle_intent_drift
1,0.8231,0,9,1,0,0,0,2,0,2,0,legitimate
1,0.5847,0,9,1,0,0,0,2,0,2,0,legitimate
1,0.7684,0,9,1,0,0,0,2,0,2,0,legitimate
1,0.9218,0,7,0,0,0,0,0,0,0,0,legitimate
1,0.999,0,7,2,0,1,1,0,1,3,1,subtle_intent_drift
1,0.5384,0,7,0,0,0,0,0,0,0,0,legitimate
1,0.6882,0,7,0,0,0,0,0,0,0,0,legitimate
1,0.6583,0,7,0,0,0,0,0,0,0,0,legitimate
1,0.6604,0,7,0,0,0,0,0,0,0,0,legitimate
0,1.5,1,7,1,1,0,0,1,1,3,1,merchant_substitution
1,0.8036,0,7,0,0,0,0,0,0,0,0,legitimate
1,0.5227,0,7,0,0,0,0,0,0,0,0,legitimate
0,1.5,1,7,1,1,0,0,1,1,3,1,merchant_substitution
1,0.8106,0,7,0,0,0,0,0,0,0,0,legitimate
0,1.5,1,7,1,1,0,0,1,1,3,1,merchant_substitution
1,0.8339,0,9,1,0,0,0,2,0,2,0,legitimate
1,0.5829,0,7,0,0,0,0,0,0,0,0,legitimate
1,0.999,0,7,2,0,1,1,0,1,3,1,subtle_intent_drift
1,0.8288,0,7,0,0,0,0,0,0,0,0,legitimate
1,0.7372,0,9,1,0,0,0,2,0,2,0,legitimate
0,1.5,1,7,1,1,0,0,1,1,3,1,merchant_substitution
1,0.945,0,7,0,0,0,0,0,0,0,0,legitimate
1,0.7705,0,9,1,0,0,0,2,0,2,0,legitimate
0,1.5,1,7,1,1,0,0,1,1,3,1,merchant_substitution
1,0.8896,0,7,0,0,0,0,0,0,0,0,legitimate
0,1.5,1,7,1,1,0,0,1,1,3,1,merchant_substitution
1,0.999,0,7,2,0,1,1,0,1,3,1,subtle_intent_drift
1,0.999,0,7,2,0,1,1,0,1,3,1,subtle_intent_drift
0,1.5,1,7,1,1,0,0,1,1,3,1,merchant_substitution
1,0.999,0,7,2,0,1,1,0,1,3,1,subtle_intent_drift
1,0.5006,0,9,1,0,0,0,2,0,2,0,legitimate
0,1.5,1,7,1,1,0,0,1,1,3,1,merchant_substitution
0,1.5,1,7,1,1,0,0,1,1,3,1,merchant_substitution
0,1.5,1,7,1,1,0,0,1,1,3,1,merchant_substitution
0,1.5,1,7,1,1,0,0,1,1,3,1,merchant_substitution
1,0.999,0,7,2,0,1,1,0,1,3,1,subtle_intent_drift
1,0.999,0,7,2,0,1,1,0,1,3,1,subtle_intent_drift
1,0.6437,0,7,0,0,0,0,0,0,0,0,legitimate
1,0.6019,0,7,0,0,0,0,0,0,0,0,legitimate
1,0.999,0,7,2,0,1,1,0,1,3,1,subtle_intent_drift
1,0.6384,0,9,1,0,0,0,2,0,2,0,legitimate
0,1.5,1,7,1,1,0,0,1,1,3,1,merchant_substitution
1,0.5266,0,7,0,0,0,0,0,0,0,0,legitimate
0,1.5,1,7,1,1,0,0,1,1,3,1,merchant_substitution
0,1.5,1,7,1,1,0,0,1,1,3,1,merchant_substitution
1,0.6657,0,7,0,0,0,0,0,0,0,0,legitimate
1,0.7171,0,7,0,0,0,0,0,0,0,0,legitimate
0,1.5,1,7,1,1,0,0,1,1,3,1,merchant_substitution
1,0.5641,0,7,0,0,0,0,0,0,0,0,legitimate
1,0.999,0,7,2,0,1,1,0,1,3,1,subtle_intent_drift
1,0.7609,0,9,1,0,0,0,2,0,2,0,legitimate
0,1.5,1,7,1,1,0,0,1,1,3,1,merchant_substitution
1,0.999,0,7,2,0,1,1,0,1,3,1,subtle_intent_drift
1,0.999,0,7,2,0,1,1,0,1,3,1,subtle_intent_drift
0,1.5,1,7,1,1,0,0,1,1,3,1,merchant_substitution
0,1.5,1,7,1,1,0,0,1,1,3,1,merchant_substitution
0,1.5,1,7,1,1,0,0,1,1,3,1,merchant_substitution
1,0.6671,0,7,0,0,0,0,0,0,0,0,legitimate
0,1.5,1,7,1,1,0,0,1,1,3,1,merchant_substitution
1,0.999,0,7,2,0,1,1,0,1,3,1,subtle_intent_drift
1,0.5542,0,7,0,0,0,0,0,0,0,0,legitimate
1,0.5499,0,7,0,0,0,0,0,0,0,0,legitimate
1,0.5251,0,7,0,0,0,0,0,0,0,0,legitimate
1,0.6427,0,7,0,0,0,0,0,0,0,0,legitimate
1,0.999,0,7,2,0,1,1,0,1,3,1,subtle_intent_drift
0,1.5,1,7,1,1,0,0,1,1,3,1,merchant_substitution
1,0.999,0,7,2,0,1,1,0,1,3,1,subtle_intent_drift
0,1.5,1,7,1,1,0,0,1,1,3,1,merchant_substitution
1,0.999,0,7,2,0,1,1,0,1,3,1,subtle_intent_drift
1,0.8943,0,7,0,0,0,0,0,0,0,0,legitimate
1,0.7694,0,7,0,0,0,0,0,0,0,0,legitimate
1,0.5764,0,7,0,0,0,0,0,0,0,0,legitimate
1,0.999,0,7,2,0,1,1,0,1,3,1,subtle_intent_drift
1,0.9044,0,7,0,0,0,0,0,0,0,0,legitimate
1,0.999,0,7,2,0,1,1,0,1,3,1,subtle_intent_drift
0,1.5,1,7,1,1,0,0,1,1,3,1,merchant_substitution
1,0.999,0,7,2,0,1,1,0,1,3,1,subtle_intent_drift
1,0.999,0,7,2,0,1,1,0,1,3,1,subtle_intent_drift
1,0.6574,0,7,0,0,0,0,0,0,0,0,legitimate
1,0.8137,0,9,1,0,0,0,2,0,2,0,legitimate
1,0.999,0,7,2,0,1,1,0,1,3,1,subtle_intent_drift
1,0.7647,0,9,1,0,0,0,2,0,2,0,legitimate
1,0.8161,0,7,0,0,0,0,0,0,0,0,legitimate
1,0.6568,0,7,0,0,0,0,0,0,0,0,legitimate
1,0.999,0,7,2,0,1,1,0,1,3,1,subtle_intent_drift
1,0.999,0,7,2,0,1,1,0,1,3,1,subtle_intent_drift
1,0.6327,0,9,1,0,0,0,2,0,2,0,legitimate
1,0.999,0,7,2,0,1,1,0,1,3,1,subtle_intent_drift
1,0.5489,0,7,0,0,0,0,0,0,0,0,legitimate
1,0.7813,0,9,1,0,0,0,2,0,2,0,legitimate
1,0.7933,0,7,0,0,0,0,0,0,0,0,legitimate
1,0.999,0,7,2,0,1,1,0,1,3,1,subtle_intent_drift
1,0.6326,0,7,0,0,0,0,0,0,0,0,legitimate
1,0.999,0,7,2,0,1,1,0,1,3,1,subtle_intent_drift
1,0.9677,0,9,1,0,0,0,2,0,2,0,legitimate
1,0.9763,0,7,0,0,0,0,0,0,0,0,legitimate
1,0.5456,0,7,0,0,0,0,0,0,0,0,legitimate
1,0.9112,0,7,0,0,0,0,0,0,0,0,legitimate
1,0.5711,0,9,1,0,0,0,2,0,2,0,legitimate
1,0.999,0,7,2,0,1,1,0,1,3,1,subtle_intent_drift
1,0.999,0,7,2,0,1,1,0,1,3,1,subtle_intent_drift
0,1.5,1,7,1,1,0,0,1,1,3,1,merchant_substitution
1,0.999,0,7,2,0,1,1,0,1,3,1,subtle_intent_drift
1,0.7669,0,7,0,0,0,0,0,0,0,0,legitimate
1,0.7418,0,7,0,0,0,0,0,0,0,0,legitimate
1,0.999,0,7,2,0,1,1,0,1,3,1,subtle_intent_drift
1,0.999,0,7,2,0,1,1,0,1,3,1,subtle_intent_drift
0,1.5,1,7,1,1,0,0,1,1,3,1,merchant_substitution
1,0.5933,0,7,0,0,0,0,0,0,0,0,legitimate
1,0.999,0,7,2,0,1,1,0,1,3,1,subtle_intent_drift
1,0.8812,0,7,0,0,0,0,0,0,0,0,legitimate
1,0.999,0,7,2,0,1,1,0,1,3,1,subtle_intent_drift
1,0.999,0,7,2,0,1,1,0,1,3,1,subtle_intent_drift
1,0.999,0,7,2,0,1,1,0,1,3,1,subtle_intent_drift
1,0.8183,0,7,0,0,0,0,0,0,0,0,legitimate
1,0.999,0,7,2,0,1,1,0,1,3,1,subtle_intent_drift
1,0.7421,0,9,1,0,0,0,2,0,2,0,legitimate
1,0.6235,0,7,0,0,0,0,0,0,0,0,legitimate
1,0.511,0,7,0,0,0,0,0,0,0,0,legitimate
1,0.999,0,7,2,0,1,1,0,1,3,1,subtle_intent_drift
1,0.7946,0,9,1,0,0,0,2,0,2,0,legitimate
1,0.999,0,7,2,0,1,1,0,1,3,1,subtle_intent_drift
1,0.9087,0,7,0,0,0,0,0,0,0,0,legitimate
1,0.999,0,7,2,0,1,1,0,1,3,1,subtle_intent_drift
1,0.8572,0,7,0,0,0,0,0,0,0,0,legitimate
1,0.6091,0,7,0,0,0,0,0,0,0,0,legitimate
0,1.5,1,7,1,1,0,0,1,1,3,1,merchant_substitution
1,0.6407,0,7,0,0,0,0,0,0,0,0,legitimate
0,1.5,1,7,1,1,0,0,1,1,3,1,merchant_substitution
1,0.7248,0,7,0,0,0,0,0,0,0,0,legitimate
1,0.9782,0,7,0,0,0,0,0,0,0,0,legitimate
1,0.6469,0,7,0,0,0,0,0,0,0,0,legitimate
1,0.999,0,7,2,0,1,1,0,1,3,1,subtle_intent_drift
0,1.5,1,7,1,1,0,0,1,1,3,1,merchant_substitution
1,0.6398,0,7,0,0,0,0,0,0,0,0,legitimate
0,1.5,1,7,1,1,0,0,1,1,3,1,merchant_substitution
1,0.8466,0,7,0,0,0,0,0,0,0,0,legitimate
1,0.999,0,7,2,0,1,1,0,1,3,1,subtle_intent_drift
0,1.5,1,7,1,1,0,0,1,1,3,1,merchant_substitution
1,0.999,0,7,2,0,1,1,0,1,3,1,subtle_intent_drift
1,0.6005,0,7,0,0,0,0,0,0,0,0,legitimate
1,0.999,0,7,2,0,1,1,0,1,3,1,subtle_intent_drift
0,1.5,1,7,1,1,0,0,1,1,3,1,merchant_substitution
1,0.6087,0,7,0,0,0,0,0,0,0,0,legitimate
0,1.5,1,7,1,1,0,0,1,1,3,1,merchant_substitution
1,0.6749,0,7,0,0,0,0,0,0,0,0,legitimate
0,1.5,1,7,1,1,0,0,1,1,3,1,merchant_substitution
1,0.598,0,9,1,0,0,0,2,0,2,0,legitimate
1,0.9724,0,9,1,0,0,0,2,0,2,0,legitimate
0,1.5,1,7,1,1,0,0,1,1,3,1,merchant_substitution
1,0.6504,0,9,1,0,0,0,2,0,2,0,legitimate
1,0.999,0,7,2,0,1,1,0,1,3,1,subtle_intent_drift
0,1.5,1,7,1,1,0,0,1,1,3,1,merchant_substitution
1,0.999,0,7,2,0,1,1,0,1,3,1,subtle_intent_drift
1,0.9644,0,9,1,0,0,0,2,0,2,0,legitimate
0,1.5,1,7,1,1,0,0,1,1,3,1,merchant_substitution
1,0.5022,0,7,0,0,0,0,0,0,0,0,legitimate
1,0.999,0,7,2,0,1,1,0,1,3,1,subtle_intent_drift
1,0.9204,0,7,0,0,0,0,0,0,0,0,legitimate
1,0.999,0,7,2,0,1,1,0,1,3,1,subtle_intent_drift
0,1.5,1,7,1,1,0,0,1,1,3,1,merchant_substitution
1,0.7791,0,7,0,0,0,0,0,0,0,0,legitimate
0,1.5,1,7,1,1,0,0,1,1,3,1,merchant_substitution
1,0.999,0,7,2,0,1,1,0,1,3,1,subtle_intent_drift
1,0.9254,0,7,0,0,0,0,0,0,0,0,legitimate
1,0.7168,0,7,0,0,0,0,0,0,0,0,legitimate
1,0.6408,0,9,1,0,0,0,2,0,2,0,legitimate
1,0.796,0,7,0,0,0,0,0,0,0,0,legitimate
0,1.5,1,7,1,1,0,0,1,1,3,1,merchant_substitution
1,0.6505,0,9,1,0,0,0,2,0,2,0,legitimate
1,0.5205,0,7,0,0,0,0,0,0,0,0,legitimate
1,0.7935,0,7,0,0,0,0,0,0,0,0,legitimate
1,0.6946,0,9,1,0,0,0,2,0,2,0,legitimate
0,1.5,1,7,1,1,0,0,1,1,3,1,merchant_substitution
0,1.5,1,7,1,1,0,0,1,1,3,1,merchant_substitution
1,0.8908,0,7,0,0,0,0,0,0,0,0,legitimate
1,0.5622,0,9,1,0,0,0,2,0,2,0,legitimate
1,0.9683,0,7,0,0,0,0,0,0,0,0,legitimate
1,0.9386,0,7,0,0,0,0,0,0,0,0,legitimate
1,0.7316,0,7,0,0,0,0,0,0,0,0,legitimate
1,0.7489,0,7,0,0,0,0,0,0,0,0,legitimate
1,0.999,0,7,2,0,1,1,0,1,3,1,subtle_intent_drift
1,0.999,0,7,2,0,1,1,0,1,3,1,subtle_intent_drift
1,0.999,0,7,2,0,1,1,0,1,3,1,subtle_intent_drift
1,0.8546,0,7,0,0,0,0,0,0,0,0,legitimate
1,0.5664,0,7,0,0,0,0,0,0,0,0,legitimate
1,0.999,0,7,2,0,1,1,0,1,3,1,subtle_intent_drift
1,0.6162,0,7,0,0,0,0,0,0,0,0,legitimate
1,0.7352,0,7,0,0,0,0,0,0,0,0,legitimate
1,0.9419,0,7,0,0,0,0,0,0,0,0,legitimate
1,0.999,0,7,2,0,1,1,0,1,3,1,subtle_intent_drift
1,0.999,0,7,2,0,1,1,0,1,3,1,subtle_intent_drift
0,1.5,1,7,1,1,0,0,1,1,3,1,merchant_substitution
1,0.8135,0,9,1,0,0,0,2,0,2,0,legitimate
1,0.7836,0,7,0,0,0,0,0,0,0,0,legitimate
1,0.9638,0,7,0,0,0,0,0,0,0,0,legitimate
1,0.5898,0,7,0,0,0,0,0,0,0,0,legitimate
0,1.5,1,7,1,1,0,0,1,1,3,1,merchant_substitution
1,0.999,0,7,2,0,1,1,0,1,3,1,subtle_intent_drift
1,0.999,0,7,2,0,1,1,0,1,3,1,subtle_intent_drift
1,0.6699,0,9,1,0,0,0,2,0,2,0,legitimate
0,1.5,1,7,1,1,0,0,1,1,3,1,merchant_substitution
1,0.8849,0,9,1,0,0,0,2,0,2,0,legitimate
1,0.999,0,7,2,0,1,1,0,1,3,1,subtle_intent_drift
1,0.7034,0,7,0,0,0,0,0,0,0,0,legitimate
1,0.8099,0,7,0,0,0,0,0,0,0,0,legitimate
0,1.5,1,7,1,1,0,0,1,1,3,1,merchant_substitution
1,0.9793,0,7,0,0,0,0,0,0,0,0,legitimate
1,0.999,0,7,2,0,1,1,0,1,3,1,subtle_intent_drift
1,0.901,0,7,0,0,0,0,0,0,0,0,legitimate
0,1.5,1,7,1,1,0,0,1,1,3,1,merchant_substitution
1,0.999,0,7,2,0,1,1,0,1,3,1,subtle_intent_drift
0,1.5,1,7,1,1,0,0,1,1,3,1,merchant_substitution
1,0.6966,0,9,1,0,0,0,2,0,2,0,legitimate
1,0.8521,0,9,1,0,0,0,2,0,2,0,legitimate
1,0.8479,0,7,0,0,0,0,0,0,0,0,legitimate
1,0.5108,0,9,1,0,0,0,2,0,2,0,legitimate
1,0.999,0,7,2,0,1,1,0,1,3,1,subtle_intent_drift
1,0.999,0,7,2,0,1,1,0,1,3,1,subtle_intent_drift
1,0.753,0,7,0,0,0,0,0,0,0,0,legitimate
1,0.7998,0,9,1,0,0,0,2,0,2,0,legitimate
0,1.5,1,7,1,1,0,0,1,1,3,1,merchant_substitution
1,0.999,0,7,2,0,1,1,0,1,3,1,subtle_intent_drift
1,0.7527,0,7,0,0,0,0,0,0,0,0,legitimate
1,0.8642,0,7,0,0,0,0,0,0,0,0,legitimate
1,0.999,0,7,2,0,1,1,0,1,3,1,subtle_intent_drift
0,1.5,1,7,1,1,0,0,1,1,3,1,merchant_substitution
1,0.7923,0,7,0,0,0,0,0,0,0,0,legitimate
1,0.7074,0,9,1,0,0,0,2,0,2,0,legitimate
1,0.999,0,7,2,0,1,1,0,1,3,1,subtle_intent_drift
1,0.5243,0,7,0,0,0,0,0,0,0,0,legitimate
0,1.5,1,7,1,1,0,0,1,1,3,1,merchant_substitution
1,0.9286,0,9,1,0,0,0,2,0,2,0,legitimate
1,0.7035,0,7,0,0,0,0,0,0,0,0,legitimate
0,1.5,1,7,1,1,0,0,1,1,3,1,merchant_substitution
1,0.999,0,7,2,0,1,1,0,1,3,1,subtle_intent_drift
1,0.6278,0,9,1,0,0,0,2,0,2,0,legitimate
1,0.999,0,7,2,0,1,1,0,1,3,1,subtle_intent_drift
0,1.5,1,7,1,1,0,0,1,1,3,1,merchant_substitution
1,0.7518,0,9,1,0,0,0,2,0,2,0,legitimate
1,0.763,0,9,1,0,0,0,2,0,2,0,legitimate
1,0.7278,0,7,0,0,0,0,0,0,0,0,legitimate
1,0.999,0,7,2,0,1,1,0,1,3,1,subtle_intent_drift
1,0.999,0,7,2,0,1,1,0,1,3,1,subtle_intent_drift
0,1.5,1,7,1,1,0,0,1,1,3,1,merchant_substitution
0,1.5,1,7,1,1,0,0,1,1,3,1,merchant_substitution
1,0.8726,0,7,0,0,0,0,0,0,0,0,legitimate
0,1.5,1,7,1,1,0,0,1,1,3,1,merchant_substitution
0,1.5,1,7,1,1,0,0,1,1,3,1,merchant_substitution
1,0.9201,0,7,0,0,0,0,0,0,0,0,legitimate
1,0.7989,0,7,0,0,0,0,0,0,0,0,legitimate
1,0.8912,0,7,0,0,0,0,0,0,0,0,legitimate
1,0.5997,0,9,1,0,0,0,2,0,2,0,legitimate
1,0.6692,0,7,0,0,0,0,0,0,0,0,legitimate
0,1.5,1,7,1,1,0,0,1,1,3,1,merchant_substitution
1,0.999,0,7,2,0,1,1,0,1,3,1,subtle_intent_drift
1,0.6242,0,9,1,0,0,0,2,0,2,0,legitimate
0,1.5,1,7,1,1,0,0,1,1,3,1,merchant_substitution
1,0.999,0,7,2,0,1,1,0,1,3,1,subtle_intent_drift
1,0.6425,0,9,1,0,0,0,2,0,2,0,legitimate
1,0.7369,0,7,0,0,0,0,0,0,0,0,legitimate
1,0.5656,0,7,0,0,0,0,0,0,0,0,legitimate
0,1.5,1,7,1,1,0,0,1,1,3,1,merchant_substitution
1,0.9008,0,7,0,0,0,0,0,0,0,0,legitimate
0,1.5,1,7,1,1,0,0,1,1,3,1,merchant_substitution
1,0.999,0,7,2,0,1,1,0,1,3,1,subtle_intent_drift
0,1.5,1,7,1,1,0,0,1,1,3,1,merchant_substitution
1,0.999,0,7,2,0,1,1,0,1,3,1,subtle_intent_drift
1,0.5514,0,7,0,0,0,0,0,0,0,0,legitimate
1,0.999,0,7,2,0,1,1,0,1,3,1,subtle_intent_drift
1,0.999,0,7,2,0,1,1,0,1,3,1,subtle_intent_drift
1,0.999,0,7,2,0,1,1,0,1,3,1,subtle_intent_drift
1,0.999,0,7,2,0,1,1,0,1,3,1,subtle_intent_drift
1,0.999,0,7,2,0,1,1,0,1,3,1,subtle_intent_drift
1,0.5252,0,9,1,0,0,0,2,0,2,0,legitimate
0,1.5,1,7,1,1,0,0,1,1,3,1,merchant_substitution
1,0.9445,0,7,0,0,0,0,0,0,0,0,legitimate
1,0.6757,0,9,1,0,0,0,2,0,2,0,legitimate
0,1.5,1,7,1,1,0,0,1,1,3,1,merchant_substitution
0,1.5,1,7,1,1,0,0,1,1,3,1,merchant_substitution
1,0.8236,0,9,1,0,0,0,2,0,2,0,legitimate
1,0.999,0,7,2,0,1,1,0,1,3,1,subtle_intent_drift
1,0.665,0,7,0,0,0,0,0,0,0,0,legitimate
1,0.7338,0,7,0,0,0,0,0,0,0,0,legitimate
1,0.9301,0,7,0,0,0,0,0,0,0,0,legitimate
1,0.9668,0,9,1,0,0,0,2,0,2,0,legitimate
1,0.9485,0,9,1,0,0,0,2,0,2,0,legitimate
1,0.5493,0,9,1,0,0,0,2,0,2,0,legitimate
0,1.5,1,7,1,1,0,0,1,1,3,1,merchant_substitution
1,0.999,0,7,2,0,1,1,0,1,3,1,subtle_intent_drift
1,0.6473,0,7,0,0,0,0,0,0,0,0,legitimate
1,0.7321,0,7,0,0,0,0,0,0,0,0,legitimate
1,0.999,0,7,2,0,1,1,0,1,3,1,subtle_intent_drift
1,0.999,0,7,2,0,1,1,0,1,3,1,subtle_intent_drift
0,1.5,1,7,1,1,0,0,1,1,3,1,merchant_substitution
0,1.5,1,7,1,1,0,0,1,1,3,1,merchant_substitution
1,0.9083,0,7,0,0,0,0,0,0,0,0,legitimate
1,0.999,0,7,2,0,1,1,0,1,3,1,subtle_intent_drift
1,0.999,0,7,2,0,1,1,0,1,3,1,subtle_intent_drift
1,0.999,0,7,2,0,1,1,0,1,3,1,subtle_intent_drift
0,1.5,1,7,1,1,0,0,1,1,3,1,merchant_substitution
1,0.8706,0,7,0,0,0,0,0,0,0,0,legitimate
1,0.7002,0,7,0,0,0,0,0,0,0,0,legitimate
1,0.8342,0,7,0,0,0,0,0,0,0,0,legitimate
1,0.9454,0,9,1,0,0,0,2,0,2,0,legitimate
1,0.5027,0,7,0,0,0,0,0,0,0,0,legitimate
0,1.5,1,7,1,1,0,0,1,1,3,1,merchant_substitution
1,0.999,0,7,2,0,1,1,0,1,3,1,subtle_intent_drift
1,0.8445,0,7,0,0,0,0,0,0,0,0,legitimate
1,0.9236,0,9,1,0,0,0,2,0,2,0,legitimate
1,0.8966,0,7,0,0,0,0,0,0,0,0,legitimate
0,1.5,1,7,1,1,0,0,1,1,3,1,merchant_substitution
1,0.8337,0,7,0,0,0,0,0,0,0,0,legitimate
1,0.7291,0,7,0,0,0,0,0,0,0,0,legitimate
1,0.9794,0,9,1,0,0,0,2,0,2,0,legitimate
1,0.7274,0,7,0,0,0,0,0,0,0,0,legitimate
1,0.5553,0,7,0,0,0,0,0,0,0,0,legitimate
1,0.5486,0,7,0,0,0,0,0,0,0,0,legitimate
1,0.5162,0,7,0,0,0,0,0,0,0,0,legitimate
1,0.569,0,7,0,0,0,0,0,0,0,0,legitimate
0,1.5,1,7,1,1,0,0,1,1,3,1,merchant_substitution
1,0.9327,0,7,0,0,0,0,0,0,0,0,legitimate
1,0.903,0,7,0,0,0,0,0,0,0,0,legitimate
1,0.9045,0,7,0,0,0,0,0,0,0,0,legitimate
0,1.5,1,7,1,1,0,0,1,1,3,1,merchant_substitution
1,0.999,0,7,2,0,1,1,0,1,3,1,subtle_intent_drift
1,0.8264,0,7,0,0,0,0,0,0,0,0,legitimate
1,0.999,0,7,2,0,1,1,0,1,3,1,subtle_intent_drift
0,1.5,1,7,1,1,0,0,1,1,3,1,merchant_substitution
1,0.999,0,7,2,0,1,1,0,1,3,1,subtle_intent_drift
0,1.5,1,7,1,1,0,0,1,1,3,1,merchant_substitution
1,0.999,0,7,2,0,1,1,0,1,3,1,subtle_intent_drift
1,0.7794,0,9,1,0,0,0,2,0,2,0,legitimate
1,0.9338,0,7,0,0,0,0,0,0,0,0,legitimate
1,0.9265,0,9,1,0,0,0,2,0,2,0,legitimate
0,1.5,1,7,1,1,0,0,1,1,3,1,merchant_substitution
1,0.999,0,7,2,0,1,1,0,1,3,1,subtle_intent_drift
0,1.5,1,7,1,1,0,0,1,1,3,1,merchant_substitution
1,0.6875,0,9,1,0,0,0,2,0,2,0,legitimate
1,0.7038,0,7,0,0,0,0,0,0,0,0,legitimate
1,0.999,0,7,2,0,1,1,0,1,3,1,subtle_intent_drift
1,0.9638,0,7,0,0,0,0,0,0,0,0,legitimate
1,0.7251,0,7,0,0,0,0,0,0,0,0,legitimate
1,0.999,0,7,2,0,1,1,0,1,3,1,subtle_intent_drift
1,0.999,0,7,2,0,1,1,0,1,3,1,subtle_intent_drift
0,1.5,1,7,1,1,0,0,1,1,3,1,merchant_substitution
1,0.9215,0,9,1,0,0,0,2,0,2,0,legitimate
1,0.999,0,7,2,0,1,1,0,1,3,1,subtle_intent_drift
1,0.999,0,7,2,0,1,1,0,1,3,1,subtle_intent_drift
0,1.5,1,7,1,1,0,0,1,1,3,1,merchant_substitution
0,1.5,1,7,1,1,0,0,1,1,3,1,merchant_substitution
1,0.6847,0,7,0,0,0,0,0,0,0,0,legitimate
1,0.999,0,7,2,0,1,1,0,1,3,1,subtle_intent_drift
0,1.5,1,7,1,1,0,0,1,1,3,1,merchant_substitution
1,0.8755,0,9,1,0,0,0,2,0,2,0,legitimate
1,0.5797,0,9,1,0,0,0,2,0,2,0,legitimate
1,0.625,0,7,0,0,0,0,0,0,0,0,legitimate
0,1.5,1,7,1,1,0,0,1,1,3,1,merchant_substitution
0,1.5,1,7,1,1,0,0,1,1,3,1,merchant_substitution
0,1.5,1,7,1,1,0,0,1,1,3,1,merchant_substitution
1,0.9097,0,7,0,0,0,0,0,0,0,0,legitimate
1,0.9066,0,9,1,0,0,0,2,0,2,0,legitimate
1,0.6276,0,7,0,0,0,0,0,0,0,0,legitimate
0,1.5,1,7,1,1,0,0,1,1,3,1,merchant_substitution
0,1.5,1,7,1,1,0,0,1,1,3,1,merchant_substitution
1,0.6521,0,9,1,0,0,0,2,0,2,0,legitimate
1,0.5294,0,7,0,0,0,0,0,0,0,0,legitimate
1,0.999,0,7,2,0,1,1,0,1,3,1,subtle_intent_drift
1,0.9084,0,9,1,0,0,0,2,0,2,0,legitimate
1,0.7303,0,7,0,0,0,0,0,0,0,0,legitimate
1,0.999,0,7,2,0,1,1,0,1,3,1,subtle_intent_drift
1,0.7872,0,9,1,0,0,0,2,0,2,0,legitimate
1,0.8605,0,7,0,0,0,0,0,0,0,0,legitimate
1,0.999,0,7,2,0,1,1,0,1,3,1,subtle_intent_drift
1,0.7732,0,7,0,0,0,0,0,0,0,0,legitimate
1,0.5733,0,9,1,0,0,0,2,0,2,0,legitimate
1,0.8472,0,7,0,0,0,0,0,0,0,0,legitimate
1,0.8187,0,9,1,0,0,0,2,0,2,0,legitimate
1,0.999,0,7,2,0,1,1,0,1,3,1,subtle_intent_drift
1,0.8447,0,7,0,0,0,0,0,0,0,0,legitimate
0,1.5,1,7,1,1,0,0,1,1,3,1,merchant_substitution
0,1.5,1,7,1,1,0,0,1,1,3,1,merchant_substitution
1,0.975,0,7,0,0,0,0,0,0,0,0,legitimate
1,0.7597,0,9,1,0,0,0,2,0,2,0,legitimate
1,0.5457,0,7,0,0,0,0,0,0,0,0,legitimate
1,0.6563,0,9,1,0,0,0,2,0,2,0,legitimate
1,0.999,0,7,2,0,1,1,0,1,3,1,subtle_intent_drift
1,0.999,0,7,2,0,1,1,0,1,3,1,subtle_intent_drift
1,0.999,0,7,2,0,1,1,0,1,3,1,subtle_intent_drift
1,0.9444,0,7,0,0,0,0,0,0,0,0,legitimate
1,0.7853,0,9,1,0,0,0,2,0,2,0,legitimate
1,0.7309,0,7,0,0,0,0,0,0,0,0,legitimate
1,0.5722,0,9,1,0,0,0,2,0,2,0,legitimate
1,0.5338,0,7,0,0,0,0,0,0,0,0,legitimate
0,1.5,1,7,1,1,0,0,1,1,3,1,merchant_substitution
1,0.999,0,7,2,0,1,1,0,1,3,1,subtle_intent_drift
1,0.5861,0,7,0,0,0,0,0,0,0,0,legitimate
1,0.6499,0,9,1,0,0,0,2,0,2,0,legitimate
1,0.7397,0,7,0,0,0,0,0,0,0,0,legitimate
1,0.9185,0,7,0,0,0,0,0,0,0,0,legitimate
1,0.999,0,7,2,0,1,1,0,1,3,1,subtle_intent_drift
1,0.999,0,7,2,0,1,1,0,1,3,1,subtle_intent_drift
1,0.8783,0,7,0,0,0,0,0,0,0,0,legitimate
1,0.999,0,7,2,0,1,1,0,1,3,1,subtle_intent_drift
0,1.5,1,7,1,1,0,0,1,1,3,1,merchant_substitution
1,0.8346,0,9,1,0,0,0,2,0,2,0,legitimate
0,1.5,1,7,1,1,0,0,1,1,3,1,merchant_substitution
1,0.5194,0,9,1,0,0,0,2,0,2,0,legitimate
0,1.5,1,7,1,1,0,0,1,1,3,1,merchant_substitution
1,0.999,0,7,2,0,1,1,0,1,3,1,subtle_intent_drift
1,0.789,0,7,0,0,0,0,0,0,0,0,legitimate
0,1.5,1,7,1,1,0,0,1,1,3,1,merchant_substitution
1,0.999,0,7,2,0,1,1,0,1,3,1,subtle_intent_drift
1,0.5865,0,7,0,0,0,0,0,0,0,0,legitimate
1,0.537,0,9,1,0,0,0,2,0,2,0,legitimate
1,0.9104,0,7,0,0,0,0,0,0,0,0,legitimate
1,0.999,0,7,2,0,1,1,0,1,3,1,subtle_intent_drift
0,1.5,1,7,1,1,0,0,1,1,3,1,merchant_substitution
1,0.999,0,7,2,0,1,1,0,1,3,1,subtle_intent_drift
1,0.9583,0,7,0,0,0,0,0,0,0,0,legitimate
1,0.8775,0,9,1,0,0,0,2,0,2,0,legitimate
0,1.5,1,7,1,1,0,0,1,1,3,1,merchant_substitution
0,1.5,1,7,1,1,0,0,1,1,3,1,merchant_substitution
1,0.6069,0,7,0,0,0,0,0,0,0,0,legitimate
1,0.5113,0,9,1,0,0,0,2,0,2,0,legitimate
1,0.999,0,7,2,0,1,1,0,1,3,1,subtle_intent_drift
1,0.7161,0,7,0,0,0,0,0,0,0,0,legitimate
1,0.999,0,7,2,0,1,1,0,1,3,1,subtle_intent_drift
1,0.5333,0,7,0,0,0,0,0,0,0,0,legitimate
1,0.6008,0,7,0,0,0,0,0,0,0,0,legitimate
0,1.5,1,7,1,1,0,0,1,1,3,1,merchant_substitution
0,1.5,1,7,1,1,0,0,1,1,3,1,merchant_substitution
1,0.6763,0,9,1,0,0,0,2,0,2,0,legitimate
1,0.68,0,7,0,0,0,0,0,0,0,0,legitimate
1,0.6679,0,7,0,0,0,0,0,0,0,0,legitimate
1,0.999,0,7,2,0,1,1,0,1,3,1,subtle_intent_drift
0,1.5,1,7,1,1,0,0,1,1,3,1,merchant_substitution
1,0.6065,0,9,1,0,0,0,2,0,2,0,legitimate
1,0.999,0,7,2,0,1,1,0,1,3,1,subtle_intent_drift
0,1.5,1,7,1,1,0,0,1,1,3,1,merchant_substitution
0,1.5,1,7,1,1,0,0,1,1,3,1,merchant_substitution
0,1.5,1,7,1,1,0,0,1,1,3,1,merchant_substitution
0,1.5,1,7,1,1,0,0,1,1,3,1,merchant_substitution
1,0.6115,0,7,0,0,0,0,0,0,0,0,legitimate
1,0.8009,0,7,0,0,0,0,0,0,0,0,legitimate
1,0.6043,0,7,0,0,0,0,0,0,0,0,legitimate
1,0.8042,0,9,1,0,0,0,2,0,2,0,legitimate
1,0.6237,0,7,0,0,0,0,0,0,0,0,legitimate
1,0.999,0,7,2,0,1,1,0,1,3,1,subtle_intent_drift
0,1.5,1,7,1,1,0,0,1,1,3,1,merchant_substitution
0,1.5,1,7,1,1,0,0,1,1,3,1,merchant_substitution
1,0.999,0,7,2,0,1,1,0,1,3,1,subtle_intent_drift
1,0.999,0,7,2,0,1,1,0,1,3,1,subtle_intent_drift
0,1.5,1,7,1,1,0,0,1,1,3,1,merchant_substitution
1,0.999,0,7,2,0,1,1,0,1,3,1,subtle_intent_drift
1,0.6231,0,7,0,0,0,0,0,0,0,0,legitimate
1,0.999,0,7,2,0,1,1,0,1,3,1,subtle_intent_drift
0,1.5,1,7,1,1,0,0,1,1,3,1,merchant_substitution
1,0.9264,0,9,1,0,0,0,2,0,2,0,legitimate
0,1.5,1,7,1,1,0,0,1,1,3,1,merchant_substitution
1,0.516,0,7,0,0,0,0,0,0,0,0,legitimate
0,1.5,1,7,1,1,0,0,1,1,3,1,merchant_substitution
1,0.999,0,7,2,0,1,1,0,1,3,1,subtle_intent_drift
1,0.8554,0,7,0,0,0,0,0,0,0,0,legitimate
1,0.999,0,7,2,0,1,1,0,1,3,1,subtle_intent_drift
1,0.8145,0,9,1,0,0,0,2,0,2,0,legitimate
1,0.5277,0,9,1,0,0,0,2,0,2,0,legitimate
1,0.9257,0,7,0,0,0,0,0,0,0,0,legitimate
0,1.5,1,7,1,1,0,0,1,1,3,1,merchant_substitution
1,0.6245,0,7,0,0,0,0,0,0,0,0,legitimate
1,0.9372,0,9,1,0,0,0,2,0,2,0,legitimate
1,0.5026,0,9,1,0,0,0,2,0,2,0,legitimate
1,0.6583,0,9,1,0,0,0,2,0,2,0,legitimate
1,0.967,0,7,0,0,0,0,0,0,0,0,legitimate
1,0.5548,0,7,0,0,0,0,0,0,0,0,legitimate
1,0.5002,0,9,1,0,0,0,2,0,2,0,legitimate
0,1.5,1,7,1,1,0,0,1,1,3,1,merchant_substitution
1,0.999,0,7,2,0,1,1,0,1,3,1,subtle_intent_drift
0,1.5,1,7,1,1,0,0,1,1,3,1,merchant_substitution
1,0.817,0,7,0,0,0,0,0,0,0,0,legitimate
0,1.5,1,7,1,1,0,0,1,1,3,1,merchant_substitution
1,0.999,0,7,2,0,1,1,0,1,3,1,subtle_intent_drift
1,0.5489,0,7,0,0,0,0,0,0,0,0,legitimate
1,0.5413,0,7,0,0,0,0,0,0,0,0,legitimate
1,0.5466,0,7,0,0,0,0,0,0,0,0,legitimate
1,0.999,0,7,2,0,1,1,0,1,3,1,subtle_intent_drift
0,1.5,1,7,1,1,0,0,1,1,3,1,merchant_substitution
0,1.5,1,7,1,1,0,0,1,1,3,1,merchant_substitution
0,1.5,1,7,1,1,0,0,1,1,3,1,merchant_substitution
0,1.5,1,7,1,1,0,0,1,1,3,1,merchant_substitution
0,1.5,1,7,1,1,0,0,1,1,3,1,merchant_substitution
1,0.999,0,7,2,0,1,1,0,1,3,1,subtle_intent_drift
1,0.5165,0,7,0,0,0,0,0,0,0,0,legitimate
1,0.5616,0,7,0,0,0,0,0,0,0,0,legitimate
1,0.999,0,7,2,0,1,1,0,1,3,1,subtle_intent_drift
1,0.962,0,7,0,0,0,0,0,0,0,0,legitimate
0,1.5,1,7,1,1,0,0,1,1,3,1,merchant_substitution
1,0.5665,0,9,1,0,0,0,2,0,2,0,legitimate
0,1.5,1,7,1,1,0,0,1,1,3,1,merchant_substitution
1,0.5901,0,9,1,0,0,0,2,0,2,0,legitimate
1,0.999,0,7,2,0,1,1,0,1,3,1,subtle_intent_drift
1,0.999,0,7,2,0,1,1,0,1,3,1,subtle_intent_drift
1,0.999,0,7,2,0,1,1,0,1,3,1,subtle_intent_drift
1,0.651,0,7,0,0,0,0,0,0,0,0,legitimate
0,1.5,1,7,1,1,0,0,1,1,3,1,merchant_substitution
1,0.8144,0,7,0,0,0,0,0,0,0,0,legitimate
1,0.9516,0,7,0,0,0,0,0,0,0,0,legitimate
1,0.999,0,7,2,0,1,1,0,1,3,1,subtle_intent_drift
1,0.6072,0,7,0,0,0,0,0,0,0,0,legitimate
1,0.7283,0,9,1,0,0,0,2,0,2,0,legitimate
1,0.7843,0,7,0,0,0,0,0,0,0,0,legitimate
1,0.999,0,7,2,0,1,1,0,1,3,1,subtle_intent_drift
0,1.5,1,7,1,1,0,0,1,1,3,1,merchant_substitution
1,0.8773,0,7,0,0,0,0,0,0,0,0,legitimate
1,0.999,0,7,2,0,1,1,0,1,3,1,subtle_intent_drift
1,0.9731,0,9,1,0,0,0,2,0,2,0,legitimate
1,0.6807,0,7,0,0,0,0,0,0,0,0,legitimate
0,1.5,1,7,1,1,0,0,1,1,3,1,merchant_substitution
1,0.8413,0,7,0,0,0,0,0,0,0,0,legitimate
0,1.5,1,7,1,1,0,0,1,1,3,1,merchant_substitution
1,0.8879,0,9,1,0,0,0,2,0,2,0,legitimate
0,1.5,1,7,1,1,0,0,1,1,3,1,merchant_substitution
1,0.6988,0,7,0,0,0,0,0,0,0,0,legitimate
0,1.5,1,7,1,1,0,0,1,1,3,1,merchant_substitution
1,0.7425,0,7,0,0,0,0,0,0,0,0,legitimate
0,1.5,1,7,1,1,0,0,1,1,3,1,merchant_substitution
1,0.7212,0,7,0,0,0,0,0,0,0,0,legitimate
1,0.999,0,7,2,0,1,1,0,1,3,1,subtle_intent_drift
1,0.8434,0,7,0,0,0,0,0,0,0,0,legitimate
1,0.5183,0,7,0,0,0,0,0,0,0,0,legitimate
1,0.7253,0,9,1,0,0,0,2,0,2,0,legitimate
1,0.999,0,7,2,0,1,1,0,1,3,1,subtle_intent_drift
0,1.5,1,7,1,1,0,0,1,1,3,1,merchant_substitution
1,0.999,0,7,2,0,1,1,0,1,3,1,subtle_intent_drift
1,0.7082,0,7,0,0,0,0,0,0,0,0,legitimate
1,0.999,0,7,2,0,1,1,0,1,3,1,subtle_intent_drift
0,1.5,1,7,1,1,0,0,1,1,3,1,merchant_substitution
0,1.5,1,7,1,1,0,0,1,1,3,1,merchant_substitution
0,1.5,1,7,1,1,0,0,1,1,3,1,merchant_substitution
1,0.8755,0,7,0,0,0,0,0,0,0,0,legitimate
1,0.9584,0,9,1,0,0,0,2,0,2,0,legitimate
1,0.9214,0,9,1,0,0,0,2,0,2,0,legitimate
1,0.999,0,7,2,0,1,1,0,1,3,1,subtle_intent_drift
1,0.868,0,9,1,0,0,0,2,0,2,0,legitimate
1,0.8917,0,7,0,0,0,0,0,0,0,0,legitimate
0,1.5,1,7,1,1,0,0,1,1,3,1,merchant_substitution
1,0.5923,0,9,1,0,0,0,2,0,2,0,legitimate
1,0.7209,0,7,0,0,0,0,0,0,0,0,legitimate
1,0.999,0,7,2,0,1,1,0,1,3,1,subtle_intent_drift
0,1.5,1,7,1,1,0,0,1,1,3,1,merchant_substitution
1,0.999,0,7,2,0,1,1,0,1,3,1,subtle_intent_drift
1,0.764,0,7,0,0,0,0,0,0,0,0,legitimate
0,1.5,1,7,1,1,0,0,1,1,3,1,merchant_substitution
1,0.999,0,7,2,0,1,1,0,1,3,1,subtle_intent_drift
0,1.5,1,7,1,1,0,0,1,1,3,1,merchant_substitution
1,0.6245,0,7,0,0,0,0,0,0,0,0,legitimate
1,0.667,0,7,0,0,0,0,0,0,0,0,legitimate
0,1.5,1,7,1,1,0,0,1,1,3,1,merchant_substitution
1,0.9757,0,7,0,0,0,0,0,0,0,0,legitimate
0,1.5,1,7,1,1,0,0,1,1,3,1,merchant_substitution
1,0.999,0,7,2,0,1,1,0,1,3,1,subtle_intent_drift
1,0.999,0,7,2,0,1,1,0,1,3,1,subtle_intent_drift
1,0.5832,0,9,1,0,0,0,2,0,2,0,legitimate
0,1.5,1,7,1,1,0,0,1,1,3,1,merchant_substitution
1,0.8892,0,9,1,0,0,0,2,0,2,0,legitimate
1,0.999,0,7,2,0,1,1,0,1,3,1,subtle_intent_drift
1,0.8802,0,7,0,0,0,0,0,0,0,0,legitimate
1,0.8793,0,7,0,0,0,0,0,0,0,0,legitimate
0,1.5,1,7,1,1,0,0,1,1,3,1,merchant_substitution
1,0.5066,0,9,1,0,0,0,2,0,2,0,legitimate
1,0.5528,0,9,1,0,0,0,2,0,2,0,legitimate
1,0.6673,0,9,1,0,0,0,2,0,2,0,legitimate
0,1.5,1,7,1,1,0,0,1,1,3,1,merchant_substitution
0,1.5,1,7,1,1,0,0,1,1,3,1,merchant_substitution
0,1.5,1,7,1,1,0,0,1,1,3,1,merchant_substitution
0,1.5,1,7,1,1,0,0,1,1,3,1,merchant_substitution
0,1.5,1,7,1,1,0,0,1,1,3,1,merchant_substitution
1,0.999,0,7,2,0,1,1,0,1,3,1,subtle_intent_drift
1,0.9337,0,7,0,0,0,0,0,0,0,0,legitimate
0,1.5,1,7,1,1,0,0,1,1,3,1,merchant_substitution
1,0.5403,0,7,0,0,0,0,0,0,0,0,legitimate
1,0.5899,0,9,1,0,0,0,2,0,2,0,legitimate
1,0.5357,0,7,0,0,0,0,0,0,0,0,legitimate
1,0.6281,0,9,1,0,0,0,2,0,2,0,legitimate
1,0.5318,0,7,0,0,0,0,0,0,0,0,legitimate
0,1.5,1,7,1,1,0,0,1,1,3,1,merchant_substitution
0,1.5,1,7,1,1,0,0,1,1,3,1,merchant_substitution
1,0.739,0,7,0,0,0,0,0,0,0,0,legitimate
0,1.5,1,7,1,1,0,0,1,1,3,1,merchant_substitution
1,0.8795,0,7,0,0,0,0,0,0,0,0,legitimate
1,0.8424,0,7,0,0,0,0,0,0,0,0,legitimate
1,0.5097,0,7,0,0,0,0,0,0,0,0,legitimate
1,0.999,0,7,2,0,1,1,0,1,3,1,subtle_intent_drift
1,0.9309,0,7,0,0,0,0,0,0,0,0,legitimate
0,1.5,1,7,1,1,0,0,1,1,3,1,merchant_substitution
1,0.6001,0,7,0,0,0,0,0,0,0,0,legitimate
1,0.999,0,7,2,0,1,1,0,1,3,1,subtle_intent_drift
1,0.999,0,7,2,0,1,1,0,1,3,1,subtle_intent_drift
1,0.9079,0,7,0,0,0,0,0,0,0,0,legitimate
1,0.999,0,7,2,0,1,1,0,1,3,1,subtle_intent_drift
1,0.9475,0,7,0,0,0,0,0,0,0,0,legitimate
1,0.5182,0,7,0,0,0,0,0,0,0,0,legitimate
1,0.686,0,7,0,0,0,0,0,0,0,0,legitimate
1,0.6883,0,7,0,0,0,0,0,0,0,0,legitimate
1,0.999,0,7,2,0,1,1,0,1,3,1,subtle_intent_drift
0,1.5,1,7,1,1,0,0,1,1,3,1,merchant_substitution
1,0.6459,0,7,0,0,0,0,0,0,0,0,legitimate
1,0.9598,0,7,0,0,0,0,0,0,0,0,legitimate
0,1.5,1,7,1,1,0,0,1,1,3,1,merchant_substitution
1,0.999,0,7,2,0,1,1,0,1,3,1,subtle_intent_drift
1,0.5638,0,7,0,0,0,0,0,0,0,0,legitimate
1,0.8352,0,9,1,0,0,0,2,0,2,0,legitimate
1,0.8534,0,9,1,0,0,0,2,0,2,0,legitimate
1,0.999,0,7,2,0,1,1,0,1,3,1,subtle_intent_drift
1,0.5905,0,9,1,0,0,0,2,0,2,0,legitimate
1,0.8583,0,7,0,0,0,0,0,0,0,0,legitimate
1,0.999,0,7,2,0,1,1,0,1,3,1,subtle_intent_drift
0,1.5,1,7,1,1,0,0,1,1,3,1,merchant_substitution
0,1.5,1,7,1,1,0,0,1,1,3,1,merchant_substitution
0,1.5,1,7,1,1,0,0,1,1,3,1,merchant_substitution
1,0.999,0,7,2,0,1,1,0,1,3,1,subtle_intent_drift
1,0.8687,0,7,0,0,0,0,0,0,0,0,legitimate
1,0.5124,0,7,0,0,0,0,0,0,0,0,legitimate
1,0.9775,0,9,1,0,0,0,2,0,2,0,legitimate
0,1.5,1,7,1,1,0,0,1,1,3,1,merchant_substitution
1,0.5018,0,9,1,0,0,0,2,0,2,0,legitimate
0,1.5,1,7,1,1,0,0,1,1,3,1,merchant_substitution
0,1.5,1,7,1,1,0,0,1,1,3,1,merchant_substitution
0,1.5,1,7,1,1,0,0,1,1,3,1,merchant_substitution
1,0.973,0,9,1,0,0,0,2,0,2,0,legitimate
1,0.8061,0,9,1,0,0,0,2,0,2,0,legitimate
1,0.6705,0,7,0,0,0,0,0,0,0,0,legitimate
1,0.999,0,7,2,0,1,1,0,1,3,1,subtle_intent_drift
1,0.999,0,7,2,0,1,1,0,1,3,1,subtle_intent_drift
1,0.9657,0,7,0,0,0,0,0,0,0,0,legitimate
1,0.999,0,7,2,0,1,1,0,1,3,1,subtle_intent_drift
1,0.7696,0,7,0,0,0,0,0,0,0,0,legitimate
1,0.999,0,7,2,0,1,1,0,1,3,1,subtle_intent_drift
1,0.6329,0,7,0,0,0,0,0,0,0,0,legitimate
1,0.999,0,7,2,0,1,1,0,1,3,1,subtle_intent_drift
1,0.603,0,7,0,0,0,0,0,0,0,0,legitimate
0,1.5,1,7,1,1,0,0,1,1,3,1,merchant_substitution
0,1.5,1,7,1,1,0,0,1,1,3,1,merchant_substitution
1,0.999,0,7,2,0,1,1,0,1,3,1,subtle_intent_drift
1,0.9394,0,9,1,0,0,0,2,0,2,0,legitimate
1,0.8683,0,7,0,0,0,0,0,0,0,0,legitimate
1,0.999,0,7,2,0,1,1,0,1,3,1,subtle_intent_drift
0,1.5,1,7,1,1,0,0,1,1,3,1,merchant_substitution
1,0.8467,0,7,0,0,0,0,0,0,0,0,legitimate
0,1.5,1,7,1,1,0,0,1,1,3,1,merchant_substitution
0,1.5,1,7,1,1,0,0,1,1,3,1,merchant_substitution
0,1.5,1,7,1,1,0,0,1,1,3,1,merchant_substitution
1,0.7673,0,7,0,0,0,0,0,0,0,0,legitimate
0,1.5,1,7,1,1,0,0,1,1,3,1,merchant_substitution
1,0.7526,0,9,1,0,0,0,2,0,2,0,legitimate
1,0.5899,0,7,0,0,0,0,0,0,0,0,legitimate
1,0.999,0,7,2,0,1,1,0,1,3,1,subtle_intent_drift
1,0.999,0,7,2,0,1,1,0,1,3,1,subtle_intent_drift
1,0.5524,0,9,1,0,0,0,2,0,2,0,legitimate
1,0.9285,0,7,0,0,0,0,0,0,0,0,legitimate
1,0.8003,0,7,0,0,0,0,0,0,0,0,legitimate
1,0.722,0,7,0,0,0,0,0,0,0,0,legitimate
0,1.5,1,7,1,1,0,0,1,1,3,1,merchant_substitution
0,1.5,1,7,1,1,0,0,1,1,3,1,merchant_substitution
1,0.5468,0,7,0,0,0,0,0,0,0,0,legitimate
1,0.5933,0,7,0,0,0,0,0,0,0,0,legitimate
0,1.5,1,7,1,1,0,0,1,1,3,1,merchant_substitution
1,0.6345,0,7,0,0,0,0,0,0,0,0,legitimate
1,0.999,0,7,2,0,1,1,0,1,3,1,subtle_intent_drift
0,1.5,1,7,1,1,0,0,1,1,3,1,merchant_substitution
1,0.999,0,7,2,0,1,1,0,1,3,1,subtle_intent_drift
1,0.5798,0,9,1,0,0,0,2,0,2,0,legitimate
1,0.6187,0,7,0,0,0,0,0,0,0,0,legitimate
1,0.999,0,7,2,0,1,1,0,1,3,1,subtle_intent_drift
0,1.5,1,7,1,1,0,0,1,1,3,1,merchant_substitution
0,1.5,1,7,1,1,0,0,1,1,3,1,merchant_substitution
0,1.5,1,7,1,1,0,0,1,1,3,1,merchant_substitution
1,0.5492,0,7,0,0,0,0,0,0,0,0,legitimate
1,0.6603,0,7,0,0,0,0,0,0,0,0,legitimate
1,0.9215,0,7,0,0,0,0,0,0,0,0,legitimate
1,0.9563,0,7,0,0,0,0,0,0,0,0,legitimate
0,1.5,1,7,1,1,0,0,1,1,3,1,merchant_substitution
1,0.6228,0,7,0,0,0,0,0,0,0,0,legitimate
1,0.999,0,7,2,0,1,1,0,1,3,1,subtle_intent_drift
1,0.8611,0,7,0,0,0,0,0,0,0,0,legitimate
1,0.9665,0,9,1,0,0,0,2,0,2,0,legitimate
1,0.7106,0,7,0,0,0,0,0,0,0,0,legitimate
1,0.8181,0,9,1,0,0,0,2,0,2,0,legitimate
1,0.999,0,7,2,0,1,1,0,1,3,1,subtle_intent_drift
1,0.999,0,7,2,0,1,1,0,1,3,1,subtle_intent_drift
1,0.7456,0,9,1,0,0,0,2,0,2,0,legitimate
1,0.9788,0,9,1,0,0,0,2,0,2,0,legitimate
1,0.7084,0,7,0,0,0,0,0,0,0,0,legitimate
1,0.9502,0,9,1,0,0,0,2,0,2,0,legitimate
0,1.5,1,7,1,1,0,0,1,1,3,1,merchant_substitution
1,0.999,0,7,2,0,1,1,0,1,3,1,subtle_intent_drift
1,0.7045,0,7,0,0,0,0,0,0,0,0,legitimate
1,0.8971,0,7,0,0,0,0,0,0,0,0,legitimate
1,0.6126,0,7,0,0,0,0,0,0,0,0,legitimate
1,0.999,0,7,2,0,1,1,0,1,3,1,subtle_intent_drift
1,0.999,0,7,2,0,1,1,0,1,3,1,subtle_intent_drift
0,1.5,1,7,1,1,0,0,1,1,3,1,merchant_substitution
1,0.854,0,7,0,0,0,0,0,0,0,0,legitimate
1,0.999,0,7,2,0,1,1,0,1,3,1,subtle_intent_drift
1,0.999,0,7,2,0,1,1,0,1,3,1,subtle_intent_drift
1,0.7998,0,7,0,0,0,0,0,0,0,0,legitimate
1,0.999,0,7,2,0,1,1,0,1,3,1,subtle_intent_drift
1,0.6104,0,7,0,0,0,0,0,0,0,0,legitimate
1,0.999,0,7,2,0,1,1,0,1,3,1,subtle_intent_drift
1,0.999,0,7,2,0,1,1,0,1,3,1,subtle_intent_drift
1,0.8857,0,7,0,0,0,0,0,0,0,0,legitimate
0,1.5,1,7,1,1,0,0,1,1,3,1,merchant_substitution
1,0.8015,0,7,0,0,0,0,0,0,0,0,legitimate
1,0.9563,0,9,1,0,0,0,2,0,2,0,legitimate
0,1.5,1,7,1,1,0,0,1,1,3,1,merchant_substitution
1,0.999,0,7,2,0,1,1,0,1,3,1,subtle_intent_drift
0,1.5,1,7,1,1,0,0,1,1,3,1,merchant_substitution
1,0.5632,0,7,0,0,0,0,0,0,0,0,legitimate
0,1.5,1,7,1,1,0,0,1,1,3,1,merchant_substitution
1,0.9621,0,7,0,0,0,0,0,0,0,0,legitimate
0,1.5,1,7,1,1,0,0,1,1,3,1,merchant_substitution
1,0.5447,0,7,0,0,0,0,0,0,0,0,legitimate
1,0.648,0,7,0,0,0,0,0,0,0,0,legitimate
0,1.5,1,7,1,1,0,0,1,1,3,1,merchant_substitution
1,0.6538,0,9,1,0,0,0,2,0,2,0,legitimate
0,1.5,1,7,1,1,0,0,1,1,3,1,merchant_substitution
1,0.6972,0,7,0,0,0,0,0,0,0,0,legitimate
1,0.8585,0,7,0,0,0,0,0,0,0,0,legitimate
0,1.5,1,7,1,1,0,0,1,1,3,1,merchant_substitution
1,0.898,0,7,0,0,0,0,0,0,0,0,legitimate
1,0.5094,0,7,0,0,0,0,0,0,0,0,legitimate
1,0.6044,0,7,0,0,0,0,0,0,0,0,legitimate
1,0.8942,0,7,0,0,0,0,0,0,0,0,legitimate
1,0.8552,0,9,1,0,0,0,2,0,2,0,legitimate
1,0.999,0,7,2,0,1,1,0,1,3,1,subtle_intent_drift
0,1.5,1,7,1,1,0,0,1,1,3,1,merchant_substitution
1,0.999,0,7,2,0,1,1,0,1,3,1,subtle_intent_drift
1,0.7027,0,7,0,0,0,0,0,0,0,0,legitimate
0,1.5,1,7,1,1,0,0,1,1,3,1,merchant_substitution
1,0.7368,0,7,0,0,0,0,0,0,0,0,legitimate
1,0.999,0,7,2,0,1,1,0,1,3,1,subtle_intent_drift
1,0.5599,0,7,0,0,0,0,0,0,0,0,legitimate
0,1.5,1,7,1,1,0,0,1,1,3,1,merchant_substitution
0,1.5,1,7,1,1,0,0,1,1,3,1,merchant_substitution
1,0.8707,0,7,0,0,0,0,0,0,0,0,legitimate
1,0.999,0,7,2,0,1,1,0,1,3,1,subtle_intent_drift
0,1.5,1,7,1,1,0,0,1,1,3,1,merchant_substitution
1,0.7677,0,7,0,0,0,0,0,0,0,0,legitimate
1,0.6435,0,7,0,0,0,0,0,0,0,0,legitimate
1,0.999,0,7,2,0,1,1,0,1,3,1,subtle_intent_drift
1,0.999,0,7,2,0,1,1,0,1,3,1,subtle_intent_drift
1,0.8283,0,9,1,0,0,0,2,0,2,0,legitimate
1,0.5828,0,9,1,0,0,0,2,0,2,0,legitimate
1,0.999,0,7,2,0,1,1,0,1,3,1,subtle_intent_drift
1,0.6579,0,9,1,0,0,0,2,0,2,0,legitimate
1,0.999,0,7,2,0,1,1,0,1,3,1,subtle_intent_drift
0,1.5,1,7,1,1,0,0,1,1,3,1,merchant_substitution
1,0.6043,0,7,0,0,0,0,0,0,0,0,legitimate
1,0.9757,0,7,0,0,0,0,0,0,0,0,legitimate
1,0.8741,0,9,1,0,0,0,2,0,2,0,legitimate
0,1.5,1,7,1,1,0,0,1,1,3,1,merchant_substitution
1,0.8717,0,7,0,0,0,0,0,0,0,0,legitimate
1,0.5205,0,7,0,0,0,0,0,0,0,0,legitimate
1,0.8168,0,7,0,0,0,0,0,0,0,0,legitimate
1,0.7076,0,7,0,0,0,0,0,0,0,0,legitimate
1,0.8469,0,9,1,0,0,0,2,0,2,0,legitimate
1,0.8179,0,7,0,0,0,0,0,0,0,0,legitimate
1,0.999,0,7,2,0,1,1,0,1,3,1,subtle_intent_drift
1,0.9161,0,7,0,0,0,0,0,0,0,0,legitimate
1,0.6629,0,7,0,0,0,0,0,0,0,0,legitimate
1,0.5738,0,7,0,0,0,0,0,0,0,0,legitimate
0,1.5,1,7,1,1,0,0,1,1,3,1,merchant_substitution
1,0.7291,0,9,1,0,0,0,2,0,2,0,legitimate
1,0.999,0,7,2,0,1,1,0,1,3,1,subtle_intent_drift
0,1.5,1,7,1,1,0,0,1,1,3,1,merchant_substitution
0,1.5,1,7,1,1,0,0,1,1,3,1,merchant_substitution
1,0.999,0,7,2,0,1,1,0,1,3,1,subtle_intent_drift
1,0.7633,0,7,0,0,0,0,0,0,0,0,legitimate
0,1.5,1,7,1,1,0,0,1,1,3,1,merchant_substitution
1,0.999,0,7,2,0,1,1,0,1,3,1,subtle_intent_drift
1,0.999,0,7,2,0,1,1,0,1,3,1,subtle_intent_drift
0,1.5,1,7,1,1,0,0,1,1,3,1,merchant_substitution
1,0.999,0,7,2,0,1,1,0,1,3,1,subtle_intent_drift
1,0.5695,0,9,1,0,0,0,2,0,2,0,legitimate
1,0.5566,0,7,0,0,0,0,0,0,0,0,legitimate
0,1.5,1,7,1,1,0,0,1,1,3,1,merchant_substitution
1,0.999,0,7,2,0,1,1,0,1,3,1,subtle_intent_drift
1,0.999,0,7,2,0,1,1,0,1,3,1,subtle_intent_drift
0,1.5,1,7,1,1,0,0,1,1,3,1,merchant_substitution
1,0.999,0,7,2,0,1,1,0,1,3,1,subtle_intent_drift
1,0.999,0,7,2,0,1,1,0,1,3,1,subtle_intent_drift
1,0.8291,0,7,0,0,0,0,0,0,0,0,legitimate
1,0.999,0,7,2,0,1,1,0,1,3,1,subtle_intent_drift
1,0.8518,0,7,0,0,0,0,0,0,0,0,legitimate
1,0.999,0,7,2,0,1,1,0,1,3,1,subtle_intent_drift
1,0.999,0,7,2,0,1,1,0,1,3,1,subtle_intent_drift
1,0.999,0,7,2,0,1,1,0,1,3,1,subtle_intent_drift
0,1.5,1,7,1,1,0,0,1,1,3,1,merchant_substitution
1,0.6017,0,7,0,0,0,0,0,0,0,0,legitimate
0,1.5,1,7,1,1,0,0,1,1,3,1,merchant_substitution
1,0.7361,0,9,1,0,0,0,2,0,2,0,legitimate
1,0.999,0,7,2,0,1,1,0,1,3,1,subtle_intent_drift
1,0.933,0,9,1,0,0,0,2,0,2,0,legitimate
1,0.9607,0,7,0,0,0,0,0,0,0,0,legitimate
1,0.746,0,7,0,0,0,0,0,0,0,0,legitimate
1,0.999,0,7,2,0,1,1,0,1,3,1,subtle_intent_drift
1,0.999,0,7,2,0,1,1,0,1,3,1,subtle_intent_drift
1,0.5832,0,7,0,0,0,0,0,0,0,0,legitimate
1,0.5257,0,7,0,0,0,0,0,0,0,0,legitimate
1,0.999,0,7,2,0,1,1,0,1,3,1,subtle_intent_drift
1,0.6468,0,7,0,0,0,0,0,0,0,0,legitimate
1,0.8475,0,7,0,0,0,0,0,0,0,0,legitimate
1,0.9203,0,7,0,0,0,0,0,0,0,0,legitimate
1,0.8158,0,9,1,0,0,0,2,0,2,0,legitimate
1,0.999,0,7,2,0,1,1,0,1,3,1,subtle_intent_drift
1,0.962,0,7,0,0,0,0,0,0,0,0,legitimate
0,1.5,1,7,1,1,0,0,1,1,3,1,merchant_substitution
1,0.999,0,7,2,0,1,1,0,1,3,1,subtle_intent_drift
1,0.999,0,7,2,0,1,1,0,1,3,1,subtle_intent_drift
1,0.8217,0,9,1,0,0,0,2,0,2,0,legitimate
1,0.8594,0,9,1,0,0,0,2,0,2,0,legitimate
0,1.5,1,7,1,1,0,0,1,1,3,1,merchant_substitution
1,0.999,0,7,2,0,1,1,0,1,3,1,subtle_intent_drift
1,0.5089,0,7,0,0,0,0,0,0,0,0,legitimate
1,0.999,0,7,2,0,1,1,0,1,3,1,subtle_intent_drift
0,1.5,1,7,1,1,0,0,1,1,3,1,merchant_substitution
1,0.7264,0,9,1,0,0,0,2,0,2,0,legitimate
1,0.7828,0,9,1,0,0,0,2,0,2,0,legitimate
0,1.5,1,7,1,1,0,0,1,1,3,1,merchant_substitution
1,0.6795,0,7,0,0,0,0,0,0,0,0,legitimate
1,0.9053,0,7,0,0,0,0,0,0,0,0,legitimate
1,0.5049,0,9,1,0,0,0,2,0,2,0,legitimate
1,0.999,0,7,2,0,1,1,0,1,3,1,subtle_intent_drift
0,1.5,1,7,1,1,0,0,1,1,3,1,merchant_substitution
1,0.7399,0,7,0,0,0,0,0,0,0,0,legitimate
1,0.5889,0,7,0,0,0,0,0,0,0,0,legitimate
1,0.9672,0,7,0,0,0,0,0,0,0,0,legitimate
0,1.5,1,7,1,1,0,0,1,1,3,1,merchant_substitution
0,1.5,1,7,1,1,0,0,1,1,3,1,merchant_substitution
1,0.7827,0,9,1,0,0,0,2,0,2,0,legitimate
1,0.7807,0,9,1,0,0,0,2,0,2,0,legitimate
1,0.999,0,7,2,0,1,1,0,1,3,1,subtle_intent_drift
1,0.999,0,7,2,0,1,1,0,1,3,1,subtle_intent_drift
1,0.999,0,7,2,0,1,1,0,1,3,1,subtle_intent_drift
1,0.999,0,7,2,0,1,1,0,1,3,1,subtle_intent_drift
1,0.5941,0,7,0,0,0,0,0,0,0,0,legitimate
0,1.5,1,7,1,1,0,0,1,1,3,1,merchant_substitution
1,0.7127,0,7,0,0,0,0,0,0,0,0,legitimate
0,1.5,1,7,1,1,0,0,1,1,3,1,merchant_substitution
1,0.999,0,7,2,0,1,1,0,1,3,1,subtle_intent_drift
1,0.999,0,7,2,0,1,1,0,1,3,1,subtle_intent_drift
1,0.999,0,7,2,0,1,1,0,1,3,1,subtle_intent_drift
1,0.999,0,7,2,0,1,1,0,1,3,1,subtle_intent_drift
1,0.8836,0,7,0,0,0,0,0,0,0,0,legitimate
1,0.5831,0,7,0,0,0,0,0,0,0,0,legitimate
0,1.5,1,7,1,1,0,0,1,1,3,1,merchant_substitution
1,0.7015,0,7,0,0,0,0,0,0,0,0,legitimate
0,1.5,1,7,1,1,0,0,1,1,3,1,merchant_substitution
0,1.5,1,7,1,1,0,0,1,1,3,1,merchant_substitution
1,0.8747,0,7,0,0,0,0,0,0,0,0,legitimate
1,0.999,0,7,2,0,1,1,0,1,3,1,subtle_intent_drift
1,0.999,0,7,2,0,1,1,0,1,3,1,subtle_intent_drift
0,1.5,1,7,1,1,0,0,1,1,3,1,merchant_substitution
1,0.999,0,7,2,0,1,1,0,1,3,1,subtle_intent_drift
1,0.7691,0,9,1,0,0,0,2,0,2,0,legitimate
1,0.999,0,7,2,0,1,1,0,1,3,1,subtle_intent_drift
1,0.5484,0,9,1,0,0,0,2,0,2,0,legitimate
1,0.9752,0,7,0,0,0,0,0,0,0,0,legitimate
1,0.7246,0,9,1,0,0,0,2,0,2,0,legitimate
0,1.5,1,7,1,1,0,0,1,1,3,1,merchant_substitution
1,0.6955,0,7,0,0,0,0,0,0,0,0,legitimate
1,0.999,0,7,2,0,1,1,0,1,3,1,subtle_intent_drift
1,0.8339,0,7,0,0,0,0,0,0,0,0,legitimate
1,0.7149,0,7,0,0,0,0,0,0,0,0,legitimate
1,0.6299,0,9,1,0,0,0,2,0,2,0,legitimate
1,0.8107,0,9,1,0,0,0,2,0,2,0,legitimate
1,0.8308,0,7,0,0,0,0,0,0,0,0,legitimate
1,0.5664,0,7,0,0,0,0,0,0,0,0,legitimate
1,0.999,0,7,2,0,1,1,0,1,3,1,subtle_intent_drift
0,1.5,1,7,1,1,0,0,1,1,3,1,merchant_substitution
1,0.999,0,7,2,0,1,1,0,1,3,1,subtle_intent_drift
1,0.999,0,7,2,0,1,1,0,1,3,1,subtle_intent_drift
1,0.999,0,7,2,0,1,1,0,1,3,1,subtle_intent_drift
1,0.8777,0,9,1,0,0,0,2,0,2,0,legitimate
0,1.5,1,7,1,1,0,0,1,1,3,1,merchant_substitution
1,0.7828,0,7,0,0,0,0,0,0,0,0,legitimate
0,1.5,1,7,1,1,0,0,1,1,3,1,merchant_substitution
1,0.7195,0,9,1,0,0,0,2,0,2,0,legitimate
1,0.9146,0,9,1,0,0,0,2,0,2,0,legitimate
1,0.6098,0,7,0,0,0,0,0,0,0,0,legitimate
1,0.8158,0,7,0,0,0,0,0,0,0,0,legitimate
1,0.999,0,7,2,0,1,1,0,1,3,1,subtle_intent_drift
0,1.5,1,7,1,1,0,0,1,1,3,1,merchant_substitution
0,1.5,1,7,1,1,0,0,1,1,3,1,merchant_substitution
0,1.5,1,7,1,1,0,0,1,1,3,1,merchant_substitution
1,0.8296,0,9,1,0,0,0,2,0,2,0,legitimate
1,0.6432,0,9,1,0,0,0,2,0,2,0,legitimate
1,0.999,0,7,2,0,1,1,0,1,3,1,subtle_intent_drift
0,1.5,1,7,1,1,0,0,1,1,3,1,merchant_substitution
1,0.999,0,7,2,0,1,1,0,1,3,1,subtle_intent_drift
0,1.5,1,7,1,1,0,0,1,1,3,1,merchant_substitution
1,0.999,0,7,2,0,1,1,0,1,3,1,subtle_intent_drift
1,0.9014,0,7,0,0,0,0,0,0,0,0,legitimate
1,0.999,0,7,2,0,1,1,0,1,3,1,subtle_intent_drift
0,1.5,1,7,1,1,0,0,1,1,3,1,merchant_substitution
1,0.9668,0,7,0,0,0,0,0,0,0,0,legitimate
1,0.8884,0,7,0,0,0,0,0,0,0,0,legitimate
1,0.999,0,7,2,0,1,1,0,1,3,1,subtle_intent_drift
1,0.9042,0,7,0,0,0,0,0,0,0,0,legitimate
0,1.5,1,7,1,1,0,0,1,1,3,1,merchant_substitution
1,0.999,0,7,2,0,1,1,0,1,3,1,subtle_intent_drift
1,0.999,0,7,2,0,1,1,0,1,3,1,subtle_intent_drift
1,0.999,0,7,2,0,1,1,0,1,3,1,subtle_intent_drift
1,0.7727,0,9,1,0,0,0,2,0,2,0,legitimate
1,0.999,0,7,2,0,1,1,0,1,3,1,subtle_intent_drift
1,0.8408,0,7,0,0,0,0,0,0,0,0,legitimate
1,0.7908,0,7,0,0,0,0,0,0,0,0,legitimate
1,0.8455,0,7,0,0,0,0,0,0,0,0,legitimate
0,1.5,1,7,1,1,0,0,1,1,3,1,merchant_substitution
1,0.863,0,7,0,0,0,0,0,0,0,0,legitimate
1,0.6008,0,7,0,0,0,0,0,0,0,0,legitimate
1,0.6968,0,7,0,0,0,0,0,0,0,0,legitimate
1,0.6179,0,9,1,0,0,0,2,0,2,0,legitimate
1,0.999,0,7,2,0,1,1,0,1,3,1,subtle_intent_drift
0,1.5,1,7,1,1,0,0,1,1,3,1,merchant_substitution
1,0.999,0,7,2,0,1,1,0,1,3,1,subtle_intent_drift
1,0.999,0,7,2,0,1,1,0,1,3,1,subtle_intent_drift
1,0.999,0,7,2,0,1,1,0,1,3,1,subtle_intent_drift
0,1.5,1,7,1,1,0,0,1,1,3,1,merchant_substitution
1,0.999,0,7,2,0,1,1,0,1,3,1,subtle_intent_drift
0,1.5,1,7,1,1,0,0,1,1,3,1,merchant_substitution
0,1.5,1,7,1,1,0,0,1,1,3,1,merchant_substitution
1,0.572,0,7,0,0,0,0,0,0,0,0,legitimate
1,0.7575,0,9,1,0,0,0,2,0,2,0,legitimate
1,0.7474,0,7,0,0,0,0,0,0,0,0,legitimate
1,0.6763,0,9,1,0,0,0,2,0,2,0,legitimate
0,1.5,1,7,1,1,0,0,1,1,3,1,merchant_substitution
1,0.6888,0,7,0,0,0,0,0,0,0,0,legitimate
1,0.541,0,7,0,0,0,0,0,0,0,0,legitimate
1,0.5592,0,7,0,0,0,0,0,0,0,0,legitimate
1,0.999,0,7,2,0,1,1,0,1,3,1,subtle_intent_drift
1,0.999,0,7,2,0,1,1,0,1,3,1,subtle_intent_drift
0,1.5,1,7,1,1,0,0,1,1,3,1,merchant_substitution
1,0.999,0,7,2,0,1,1,0,1,3,1,subtle_intent_drift
0,1.5,1,7,1,1,0,0,1,1,3,1,merchant_substitution
0,1.5,1,7,1,1,0,0,1,1,3,1,merchant_substitution
1,0.6903,0,7,0,0,0,0,0,0,0,0,legitimate
1,0.5789,0,7,0,0,0,0,0,0,0,0,legitimate
1,0.999,0,7,2,0,1,1,0,1,3,1,subtle_intent_drift
1,0.663,0,7,0,0,0,0,0,0,0,0,legitimate
1,0.7823,0,7,0,0,0,0,0,0,0,0,legitimate
1,0.8656,0,7,0,0,0,0,0,0,0,0,legitimate
1,0.9563,0,9,1,0,0,0,2,0,2,0,legitimate
0,1.5,1,7,1,1,0,0,1,1,3,1,merchant_substitution
1,0.999,0,7,2,0,1,1,0,1,3,1,subtle_intent_drift
1,0.5088,0,7,0,0,0,0,0,0,0,0,legitimate
0,1.5,1,7,1,1,0,0,1,1,3,1,merchant_substitution
0,1.5,1,7,1,1,0,0,1,1,3,1,merchant_substitution
1,0.5873,0,7,0,0,0,0,0,0,0,0,legitimate
1,0.999,0,7,2,0,1,1,0,1,3,1,subtle_intent_drift
1,0.583,0,7,0,0,0,0,0,0,0,0,legitimate
1,0.999,0,7,2,0,1,1,0,1,3,1,subtle_intent_drift
1,0.7336,0,7,0,0,0,0,0,0,0,0,legitimate
1,0.7459,0,9,1,0,0,0,2,0,2,0,legitimate
1,0.518,0,7,0,0,0,0,0,0,0,0,legitimate
0,1.5,1,7,1,1,0,0,1,1,3,1,merchant_substitution
0,1.5,1,7,1,1,0,0,1,1,3,1,merchant_substitution
1,0.834,0,7,0,0,0,0,0,0,0,0,legitimate
1,0.999,0,7,2,0,1,1,0,1,3,1,subtle_intent_drift
0,1.5,1,7,1,1,0,0,1,1,3,1,merchant_substitution
1,0.6753,0,7,0,0,0,0,0,0,0,0,legitimate
1,0.9782,0,9,1,0,0,0,2,0,2,0,legitimate
1,0.7677,0,7,0,0,0,0,0,0,0,0,legitimate
1,0.6718,0,9,1,0,0,0,2,0,2,0,legitimate
0,1.5,1,7,1,1,0,0,1,1,3,1,merchant_substitution
0,1.5,1,7,1,1,0,0,1,1,3,1,merchant_substitution
1,0.8434,0,9,1,0,0,0,2,0,2,0,legitimate
1,0.999,0,7,2,0,1,1,0,1,3,1,subtle_intent_drift
1,0.9316,0,7,0,0,0,0,0,0,0,0,legitimate
1,0.999,0,7,2,0,1,1,0,1,3,1,subtle_intent_drift
0,1.5,1,7,1,1,0,0,1,1,3,1,merchant_substitution
1,0.9051,0,7,0,0,0,0,0,0,0,0,legitimate
0,1.5,1,7,1,1,0,0,1,1,3,1,merchant_substitution
1,0.6865,0,9,1,0,0,0,2,0,2,0,legitimate
0,1.5,1,7,1,1,0,0,1,1,3,1,merchant_substitution
1,0.5751,0,7,0,0,0,0,0,0,0,0,legitimate
1,0.999,0,7,2,0,1,1,0,1,3,1,subtle_intent_drift
1,0.7526,0,7,0,0,0,0,0,0,0,0,legitimate
1,0.7765,0,9,1,0,0,0,2,0,2,0,legitimate
1,0.5234,0,9,1,0,0,0,2,0,2,0,legitimate
0,1.5,1,7,1,1,0,0,1,1,3,1,merchant_substitution
1,0.6285,0,7,0,0,0,0,0,0,0,0,legitimate
1,0.6803,0,7,0,0,0,0,0,0,0,0,legitimate
0,1.5,1,7,1,1,0,0,1,1,3,1,merchant_substitution
1,0.999,0,7,2,0,1,1,0,1,3,1,subtle_intent_drift
1,0.7207,0,7,0,0,0,0,0,0,0,0,legitimate
0,1.5,1,7,1,1,0,0,1,1,3,1,merchant_substitution
1,0.5998,0,9,1,0,0,0,2,0,2,0,legitimate
1,0.9228,0,9,1,0,0,0,2,0,2,0,legitimate
1,0.999,0,7,2,0,1,1,0,1,3,1,subtle_intent_drift
1,0.999,0,7,2,0,1,1,0,1,3,1,subtle_intent_drift
1,0.7652,0,9,1,0,0,0,2,0,2,0,legitimate
1,0.7285,0,9,1,0,0,0,2,0,2,0,legitimate
1,0.7882,0,9,1,0,0,0,2,0,2,0,legitimate
0,1.5,1,7,1,1,0,0,1,1,3,1,merchant_substitution
1,0.999,0,7,2,0,1,1,0,1,3,1,subtle_intent_drift
1,0.8494,0,7,0,0,0,0,0,0,0,0,legitimate
1,0.999,0,7,2,0,1,1,0,1,3,1,subtle_intent_drift
1,0.5991,0,9,1,0,0,0,2,0,2,0,legitimate
1,0.8678,0,9,1,0,0,0,2,0,2,0,legitimate
0,1.5,1,7,1,1,0,0,1,1,3,1,merchant_substitution
0,1.5,1,7,1,1,0,0,1,1,3,1,merchant_substitution
1,0.5574,0,9,1,0,0,0,2,0,2,0,legitimate
1,0.6989,0,7,0,0,0,0,0,0,0,0,legitimate
1,0.6319,0,7,0,0,0,0,0,0,0,0,legitimate
1,0.637,0,7,0,0,0,0,0,0,0,0,legitimate
0,1.5,1,7,1,1,0,0,1,1,3,1,merchant_substitution
1,0.999,0,7,2,0,1,1,0,1,3,1,subtle_intent_drift
1,0.999,0,7,2,0,1,1,0,1,3,1,subtle_intent_drift
1,0.8486,0,7,0,0,0,0,0,0,0,0,legitimate
1,0.999,0,7,2,0,1,1,0,1,3,1,subtle_intent_drift
1,0.8641,0,9,1,0,0,0,2,0,2,0,legitimate
1,0.999,0,7,2,0,1,1,0,1,3,1,subtle_intent_drift
0,1.5,1,7,1,1,0,0,1,1,3,1,merchant_substitution
1,0.8123,0,7,0,0,0,0,0,0,0,0,legitimate
1,0.999,0,7,2,0,1,1,0,1,3,1,subtle_intent_drift
0,1.5,1,7,1,1,0,0,1,1,3,1,merchant_substitution
0,1.5,1,7,1,1,0,0,1,1,3,1,merchant_substitution
1,0.6436,0,7,0,0,0,0,0,0,0,0,legitimate
1,0.5336,0,7,0,0,0,0,0,0,0,0,legitimate
1,0.6695,0,9,1,0,0,0,2,0,2,0,legitimate
1,0.999,0,7,2,0,1,1,0,1,3,1,subtle_intent_drift
1,0.6291,0,7,0,0,0,0,0,0,0,0,legitimate
1,0.999,0,7,2,0,1,1,0,1,3,1,subtle_intent_drift
1,0.7417,0,7,0,0,0,0,0,0,0,0,legitimate
1,0.999,0,7,2,0,1,1,0,1,3,1,subtle_intent_drift
1,0.695,0,7,0,0,0,0,0,0,0,0,legitimate
1,0.999,0,7,2,0,1,1,0,1,3,1,subtle_intent_drift
0,1.5,1,7,1,1,0,0,1,1,3,1,merchant_substitution
0,1.5,1,7,1,1,0,0,1,1,3,1,merchant_substitution
1,0.999,0,7,2,0,1,1,0,1,3,1,subtle_intent_drift
1,0.6891,0,7,0,0,0,0,0,0,0,0,legitimate
1,0.6044,0,7,0,0,0,0,0,0,0,0,legitimate
1,0.999,0,7,2,0,1,1,0,1,3,1,subtle_intent_drift
1,0.6604,0,9,1,0,0,0,2,0,2,0,legitimate
0,1.5,1,7,1,1,0,0,1,1,3,1,merchant_substitution
1,0.999,0,7,2,0,1,1,0,1,3,1,subtle_intent_drift
1,0.999,0,7,2,0,1,1,0,1,3,1,subtle_intent_drift
1,0.9345,0,7,0,0,0,0,0,0,0,0,legitimate
1,0.6306,0,7,0,0,0,0,0,0,0,0,legitimate
1,0.5897,0,9,1,0,0,0,2,0,2,0,legitimate
1,0.8318,0,9,1,0,0,0,2,0,2,0,legitimate
1,0.6342,0,7,0,0,0,0,0,0,0,0,legitimate
1,0.9418,0,7,0,0,0,0,0,0,0,0,legitimate
1,0.835,0,7,0,0,0,0,0,0,0,0,legitimate
0,1.5,1,7,1,1,0,0,1,1,3,1,merchant_substitution
0,1.5,1,7,1,1,0,0,1,1,3,1,merchant_substitution
0,1.5,1,7,1,1,0,0,1,1,3,1,merchant_substitution
1,0.5397,0,7,0,0,0,0,0,0,0,0,legitimate
1,0.999,0,7,2,0,1,1,0,1,3,1,subtle_intent_drift
1,0.8495,0,7,0,0,0,0,0,0,0,0,legitimate
1,0.6374,0,7,0,0,0,0,0,0,0,0,legitimate
0,1.5,1,7,1,1,0,0,1,1,3,1,merchant_substitution
1,0.5072,0,7,0,0,0,0,0,0,0,0,legitimate
1,0.962,0,7,0,0,0,0,0,0,0,0,legitimate
1,0.7222,0,7,0,0,0,0,0,0,0,0,legitimate
1,0.7701,0,7,0,0,0,0,0,0,0,0,legitimate
1,0.9654,0,7,0,0,0,0,0,0,0,0,legitimate
0,1.5,1,7,1,1,0,0,1,1,3,1,merchant_substitution
1,0.6367,0,9,1,0,0,0,2,0,2,0,legitimate
1,0.51,0,9,1,0,0,0,2,0,2,0,legitimate
0,1.5,1,7,1,1,0,0,1,1,3,1,merchant_substitution
1,0.6599,0,7,0,0,0,0,0,0,0,0,legitimate
1,0.7681,0,7,0,0,0,0,0,0,0,0,legitimate
1,0.8624,0,7,0,0,0,0,0,0,0,0,legitimate
0,1.5,1,7,1,1,0,0,1,1,3,1,merchant_substitution
1,0.999,0,7,2,0,1,1,0,1,3,1,subtle_intent_drift
1,0.999,0,7,2,0,1,1,0,1,3,1,subtle_intent_drift
0,1.5,1,7,1,1,0,0,1,1,3,1,merchant_substitution
1,0.764,0,9,1,0,0,0,2,0,2,0,legitimate
0,1.5,1,7,1,1,0,0,1,1,3,1,merchant_substitution
1,0.8425,0,9,1,0,0,0,2,0,2,0,legitimate
1,0.7701,0,9,1,0,0,0,2,0,2,0,legitimate
1,0.6493,0,9,1,0,0,0,2,0,2,0,legitimate
1,0.999,0,7,2,0,1,1,0,1,3,1,subtle_intent_drift
1,0.999,0,7,2,0,1,1,0,1,3,1,subtle_intent_drift
0,1.5,1,7,1,1,0,0,1,1,3,1,merchant_substitution
1,0.7009,0,7,0,0,0,0,0,0,0,0,legitimate
1,0.6447,0,9,1,0,0,0,2,0,2,0,legitimate
0,1.5,1,7,1,1,0,0,1,1,3,1,merchant_substitution
1,0.999,0,7,2,0,1,1,0,1,3,1,subtle_intent_drift
1,0.5672,0,7,0,0,0,0,0,0,0,0,legitimate
0,1.5,1,7,1,1,0,0,1,1,3,1,merchant_substitution
1,0.855,0,9,1,0,0,0,2,0,2,0,legitimate
1,0.62,0,7,0,0,0,0,0,0,0,0,legitimate
0,1.5,1,7,1,1,0,0,1,1,3,1,merchant_substitution
1,0.8406,0,9,1,0,0,0,2,0,2,0,legitimate
1,0.999,0,7,2,0,1,1,0,1,3,1,subtle_intent_drift
0,1.5,1,7,1,1,0,0,1,1,3,1,merchant_substitution
1,0.9437,0,9,1,0,0,0,2,0,2,0,legitimate
1,0.8992,0,9,1,0,0,0,2,0,2,0,legitimate
1,0.999,0,7,2,0,1,1,0,1,3,1,subtle_intent_drift
1,0.999,0,7,2,0,1,1,0,1,3,1,subtle_intent_drift
0,1.5,1,7,1,1,0,0,1,1,3,1,merchant_substitution
1,0.999,0,7,2,0,1,1,0,1,3,1,subtle_intent_drift
1,0.999,0,7,2,0,1,1,0,1,3,1,subtle_intent_drift
0,1.5,1,7,1,1,0,0,1,1,3,1,merchant_substitution
1,0.9398,0,9,1,0,0,0,2,0,2,0,legitimate
1,0.999,0,7,2,0,1,1,0,1,3,1,subtle_intent_drift
0,1.5,1,7,1,1,0,0,1,1,3,1,merchant_substitution
1,0.9436,0,7,0,0,0,0,0,0,0,0,legitimate
0,1.5,1,7,1,1,0,0,1,1,3,1,merchant_substitution
0,1.5,1,7,1,1,0,0,1,1,3,1,merchant_substitution
1,0.999,0,7,2,0,1,1,0,1,3,1,subtle_intent_drift
1,0.9499,0,7,0,0,0,0,0,0,0,0,legitimate
1,0.7325,0,7,0,0,0,0,0,0,0,0,legitimate
1,0.555,0,7,0,0,0,0,0,0,0,0,legitimate
1,0.5356,0,7,0,0,0,0,0,0,0,0,legitimate
1,0.8826,0,7,0,0,0,0,0,0,0,0,legitimate
1,0.6725,0,7,0,0,0,0,0,0,0,0,legitimate
0,1.5,1,7,1,1,0,0,1,1,3,1,merchant_substitution
0,1.5,1,7,1,1,0,0,1,1,3,1,merchant_substitution
1,0.999,0,7,2,0,1,1,0,1,3,1,subtle_intent_drift
1,0.999,0,7,2,0,1,1,0,1,3,1,subtle_intent_drift
1,0.999,0,7,2,0,1,1,0,1,3,1,subtle_intent_drift
1,0.999,0,7,2,0,1,1,0,1,3,1,subtle_intent_drift
1,0.5536,0,7,0,0,0,0,0,0,0,0,legitimate
0,1.5,1,7,1,1,0,0,1,1,3,1,merchant_substitution
1,0.7652,0,7,0,0,0,0,0,0,0,0,legitimate
1,0.7905,0,7,0,0,0,0,0,0,0,0,legitimate
1,0.999,0,7,2,0,1,1,0,1,3,1,subtle_intent_drift
0,1.5,1,7,1,1,0,0,1,1,3,1,merchant_substitution
1,0.999,0,7,2,0,1,1,0,1,3,1,subtle_intent_drift
0,1.5,1,7,1,1,0,0,1,1,3,1,merchant_substitution
1,0.6201,0,7,0,0,0,0,0,0,0,0,legitimate
1,0.999,0,7,2,0,1,1,0,1,3,1,subtle_intent_drift
1,0.999,0,7,2,0,1,1,0,1,3,1,subtle_intent_drift
1,0.6895,0,7,0,0,0,0,0,0,0,0,legitimate
0,1.5,1,7,1,1,0,0,1,1,3,1,merchant_substitution
1,0.7309,0,9,1,0,0,0,2,0,2,0,legitimate
0,1.5,1,7,1,1,0,0,1,1,3,1,merchant_substitution
0,1.5,1,7,1,1,0,0,1,1,3,1,merchant_substitution
1,0.5298,0,9,1,0,0,0,2,0,2,0,legitimate
1,0.8473,0,7,0,0,0,0,0,0,0,0,legitimate
1,0.5149,0,9,1,0,0,0,2,0,2,0,legitimate
1,0.999,0,7,2,0,1,1,0,1,3,1,subtle_intent_drift
1,0.9432,0,9,1,0,0,0,2,0,2,0,legitimate
1,0.999,0,7,2,0,1,1,0,1,3,1,subtle_intent_drift
1,0.7553,0,7,0,0,0,0,0,0,0,0,legitimate
1,0.6455,0,7,0,0,0,0,0,0,0,0,legitimate
0,1.5,1,7,1,1,0,0,1,1,3,1,merchant_substitution
0,1.5,1,7,1,1,0,0,1,1,3,1,merchant_substitution
1,0.999,0,7,2,0,1,1,0,1,3,1,subtle_intent_drift
1,0.6886,0,7,0,0,0,0,0,0,0,0,legitimate
1,0.7715,0,7,0,0,0,0,0,0,0,0,legitimate
1,0.9627,0,7,0,0,0,0,0,0,0,0,legitimate
1,0.7111,0,7,0,0,0,0,0,0,0,0,legitimate
0,1.5,1,7,1,1,0,0,1,1,3,1,merchant_substitution
0,1.5,1,7,1,1,0,0,1,1,3,1,merchant_substitution
1,0.6493,0,7,0,0,0,0,0,0,0,0,legitimate
0,1.5,1,7,1,1,0,0,1,1,3,1,merchant_substitution
1,0.999,0,7,2,0,1,1,0,1,3,1,subtle_intent_drift
1,0.7684,0,9,1,0,0,0,2,0,2,0,legitimate
1,0.9284,0,7,0,0,0,0,0,0,0,0,legitimate
1,0.999,0,7,2,0,1,1,0,1,3,1,subtle_intent_drift
1,0.8679,0,7,0,0,0,0,0,0,0,0,legitimate
0,1.5,1,7,1,1,0,0,1,1,3,1,merchant_substitution
1,0.839,0,9,1,0,0,0,2,0,2,0,legitimate
0,1.5,1,7,1,1,0,0,1,1,3,1,merchant_substitution
1,0.999,0,7,2,0,1,1,0,1,3,1,subtle_intent_drift
1,0.999,0,7,2,0,1,1,0,1,3,1,subtle_intent_drift
0,1.5,1,7,1,1,0,0,1,1,3,1,merchant_substitution
1,0.9465,0,9,1,0,0,0,2,0,2,0,legitimate
0,1.5,1,7,1,1,0,0,1,1,3,1,merchant_substitution
0,1.5,1,7,1,1,0,0,1,1,3,1,merchant_substitution
1,0.999,0,7,2,0,1,1,0,1,3,1,subtle_intent_drift
0,1.5,1,7,1,1,0,0,1,1,3,1,merchant_substitution
1,0.999,0,7,2,0,1,1,0,1,3,1,subtle_intent_drift
1,0.853,0,7,0,0,0,0,0,0,0,0,legitimate
1,0.8097,0,9,1,0,0,0,2,0,2,0,legitimate
1,0.6694,0,7,0,0,0,0,0,0,0,0,legitimate
1,0.9556,0,7,0,0,0,0,0,0,0,0,legitimate
1,0.999,0,7,2,0,1,1,0,1,3,1,subtle_intent_drift
1,0.9519,0,9,1,0,0,0,2,0,2,0,legitimate
1,0.7598,0,7,0,0,0,0,0,0,0,0,legitimate
1,0.7994,0,7,0,0,0,0,0,0,0,0,legitimate
1,0.5642,0,9,1,0,0,0,2,0,2,0,legitimate
1,0.8583,0,7,0,0,0,0,0,0,0,0,legitimate
1,0.8036,0,7,0,0,0,0,0,0,0,0,legitimate
1,0.999,0,7,2,0,1,1,0,1,3,1,subtle_intent_drift
1,0.5718,0,9,1,0,0,0,2,0,2,0,legitimate
1,0.821,0,7,0,0,0,0,0,0,0,0,legitimate
1,0.999,0,7,2,0,1,1,0,1,3,1,subtle_intent_drift
1,0.7939,0,7,0,0,0,0,0,0,0,0,legitimate
1,0.8966,0,9,1,0,0,0,2,0,2,0,legitimate
1,0.5228,0,7,0,0,0,0,0,0,0,0,legitimate
1,0.8046,0,7,0,0,0,0,0,0,0,0,legitimate
1,0.8897,0,9,1,0,0,0,2,0,2,0,legitimate
1,0.999,0,7,2,0,1,1,0,1,3,1,subtle_intent_drift
1,0.7806,0,7,0,0,0,0,0,0,0,0,legitimate
1,0.6058,0,7,0,0,0,0,0,0,0,0,legitimate
1,0.999,0,7,2,0,1,1,0,1,3,1,subtle_intent_drift
1,0.8595,0,7,0,0,0,0,0,0,0,0,legitimate
0,1.5,1,7,1,1,0,0,1,1,3,1,merchant_substitution
1,0.6589,0,9,1,0,0,0,2,0,2,0,legitimate
1,0.9632,0,9,1,0,0,0,2,0,2,0,legitimate
1,0.999,0,7,2,0,1,1,0,1,3,1,subtle_intent_drift
0,1.5,1,7,1,1,0,0,1,1,3,1,merchant_substitution
1,0.999,0,7,2,0,1,1,0,1,3,1,subtle_intent_drift
1,0.999,0,7,2,0,1,1,0,1,3,1,subtle_intent_drift
0,1.5,1,7,1,1,0,0,1,1,3,1,merchant_substitution
1,0.8938,0,9,1,0,0,0,2,0,2,0,legitimate
1,0.9305,0,9,1,0,0,0,2,0,2,0,legitimate
0,1.5,1,7,1,1,0,0,1,1,3,1,merchant_substitution
1,0.999,0,7,2,0,1,1,0,1,3,1,subtle_intent_drift
1,0.6228,0,7,0,0,0,0,0,0,0,0,legitimate
0,1.5,1,7,1,1,0,0,1,1,3,1,merchant_substitution
0,1.5,1,7,1,1,0,0,1,1,3,1,merchant_substitution
0,1.5,1,7,1,1,0,0,1,1,3,1,merchant_substitution
1,0.7523,0,9,1,0,0,0,2,0,2,0,legitimate
0,1.5,1,7,1,1,0,0,1,1,3,1,merchant_substitution
1,0.6891,0,7,0,0,0,0,0,0,0,0,legitimate
1,0.999,0,7,2,0,1,1,0,1,3,1,subtle_intent_drift
1,0.999,0,7,2,0,1,1,0,1,3,1,subtle_intent_drift
1,0.999,0,7,2,0,1,1,0,1,3,1,subtle_intent_drift
1,0.7742,0,7,0,0,0,0,0,0,0,0,legitimate
0,1.5,1,7,1,1,0,0,1,1,3,1,merchant_substitution
0,1.5,1,7,1,1,0,0,1,1,3,1,merchant_substitution
1,0.5602,0,7,0,0,0,0,0,0,0,0,legitimate
1,0.999,0,7,2,0,1,1,0,1,3,1,subtle_intent_drift
1,0.999,0,7,2,0,1,1,0,1,3,1,subtle_intent_drift
0,1.5,1,7,1,1,0,0,1,1,3,1,merchant_substitution
0,1.5,1,7,1,1,0,0,1,1,3,1,merchant_substitution
1,0.9222,0,7,0,0,0,0,0,0,0,0,legitimate
0,1.5,1,7,1,1,0,0,1,1,3,1,merchant_substitution
1,0.999,0,7,2,0,1,1,0,1,3,1,subtle_intent_drift
1,0.8497,0,7,0,0,0,0,0,0,0,0,legitimate
1,0.6956,0,7,0,0,0,0,0,0,0,0,legitimate
1,0.8676,0,7,0,0,0,0,0,0,0,0,legitimate
1,0.999,0,7,2,0,1,1,0,1,3,1,subtle_intent_drift
0,1.5,1,7,1,1,0,0,1,1,3,1,merchant_substitution
0,1.5,1,7,1,1,0,0,1,1,3,1,merchant_substitution
1,0.999,0,7,2,0,1,1,0,1,3,1,subtle_intent_drift
0,1.5,1,7,1,1,0,0,1,1,3,1,merchant_substitution
1,0.7149,0,7,0,0,0,0,0,0,0,0,legitimate
0,1.5,1,7,1,1,0,0,1,1,3,1,merchant_substitution
1,0.9415,0,7,0,0,0,0,0,0,0,0,legitimate
1,0.999,0,7,2,0,1,1,0,1,3,1,subtle_intent_drift
1,0.6097,0,9,1,0,0,0,2,0,2,0,legitimate
1,0.999,0,7,2,0,1,1,0,1,3,1,subtle_intent_drift
0,1.5,1,7,1,1,0,0,1,1,3,1,merchant_substitution
1,0.7309,0,7,0,0,0,0,0,0,0,0,legitimate
1,0.999,0,7,2,0,1,1,0,1,3,1,subtle_intent_drift
0,1.5,1,7,1,1,0,0,1,1,3,1,merchant_substitution
1,0.999,0,7,2,0,1,1,0,1,3,1,subtle_intent_drift
1,0.6299,0,7,0,0,0,0,0,0,0,0,legitimate
0,1.5,1,7,1,1,0,0,1,1,3,1,merchant_substitution
1,0.5302,0,9,1,0,0,0,2,0,2,0,legitimate
1,0.5786,0,7,0,0,0,0,0,0,0,0,legitimate
0,1.5,1,7,1,1,0,0,1,1,3,1,merchant_substitution
1,0.999,0,7,2,0,1,1,0,1,3,1,subtle_intent_drift
1,0.5247,0,7,0,0,0,0,0,0,0,0,legitimate
1,0.999,0,7,2,0,1,1,0,1,3,1,subtle_intent_drift
1,0.9779,0,9,1,0,0,0,2,0,2,0,legitimate
1,0.6618,0,9,1,0,0,0,2,0,2,0,legitimate
0,1.5,1,7,1,1,0,0,1,1,3,1,merchant_substitution
1,0.6104,0,7,0,0,0,0,0,0,0,0,legitimate
1,0.7449,0,7,0,0,0,0,0,0,0,0,legitimate
1,0.7367,0,7,0,0,0,0,0,0,0,0,legitimate
1,0.9778,0,7,0,0,0,0,0,0,0,0,legitimate
1,0.8626,0,9,1,0,0,0,2,0,2,0,legitimate
1,0.999,0,7,2,0,1,1,0,1,3,1,subtle_intent_drift
1,0.7528,0,7,0,0,0,0,0,0,0,0,legitimate
1,0.8448,0,9,1,0,0,0,2,0,2,0,legitimate
1,0.9061,0,9,1,0,0,0,2,0,2,0,legitimate
0,1.5,1,7,1,1,0,0,1,1,3,1,merchant_substitution
1,0.7215,0,7,0,0,0,0,0,0,0,0,legitimate
1,0.6041,0,7,0,0,0,0,0,0,0,0,legitimate
1,0.6975,0,7,0,0,0,0,0,0,0,0,legitimate
0,1.5,1,7,1,1,0,0,1,1,3,1,merchant_substitution
0,1.5,1,7,1,1,0,0,1,1,3,1,merchant_substitution
0,1.5,1,7,1,1,0,0,1,1,3,1,merchant_substitution
0,1.5,1,7,1,1,0,0,1,1,3,1,merchant_substitution
0,1.5,1,7,1,1,0,0,1,1,3,1,merchant_substitution
1,0.999,0,7,2,0,1,1,0,1,3,1,subtle_intent_drift
1,0.5322,0,9,1,0,0,0,2,0,2,0,legitimate
1,0.5421,0,7,0,0,0,0,0,0,0,0,legitimate
0,1.5,1,7,1,1,0,0,1,1,3,1,merchant_substitution
0,1.5,1,7,1,1,0,0,1,1,3,1,merchant_substitution
0,1.5,1,7,1,1,0,0,1,1,3,1,merchant_substitution
0,1.5,1,7,1,1,0,0,1,1,3,1,merchant_substitution
1,0.999,0,7,2,0,1,1,0,1,3,1,subtle_intent_drift
1,0.999,0,7,2,0,1,1,0,1,3,1,subtle_intent_drift
1,0.999,0,7,2,0,1,1,0,1,3,1,subtle_intent_drift
1,0.999,0,7,2,0,1,1,0,1,3,1,subtle_intent_drift
1,0.6248,0,7,0,0,0,0,0,0,0,0,legitimate
0,1.5,1,7,1,1,0,0,1,1,3,1,merchant_substitution
1,0.9306,0,7,0,0,0,0,0,0,0,0,legitimate
1,0.5433,0,7,0,0,0,0,0,0,0,0,legitimate
0,1.5,1,7,1,1,0,0,1,1,3,1,merchant_substitution
0,1.5,1,7,1,1,0,0,1,1,3,1,merchant_substitution
0,1.5,1,7,1,1,0,0,1,1,3,1,merchant_substitution
0,1.5,1,7,1,1,0,0,1,1,3,1,merchant_substitution
0,1.5,1,7,1,1,0,0,1,1,3,1,merchant_substitution
1,0.999,0,7,2,0,1,1,0,1,3,1,subtle_intent_drift
0,1.5,1,7,1,1,0,0,1,1,3,1,merchant_substitution
1,0.7322,0,7,0,0,0,0,0,0,0,0,legitimate
1,0.999,0,7,2,0,1,1,0,1,3,1,subtle_intent_drift
1,0.6942,0,7,0,0,0,0,0,0,0,0,legitimate
1,0.999,0,7,2,0,1,1,0,1,3,1,subtle_intent_drift
1,0.5035,0,9,1,0,0,0,2,0,2,0,legitimate
1,0.6234,0,7,0,0,0,0,0,0,0,0,legitimate
0,1.5,1,7,1,1,0,0,1,1,3,1,merchant_substitution
1,0.9155,0,7,0,0,0,0,0,0,0,0,legitimate
0,1.5,1,7,1,1,0,0,1,1,3,1,merchant_substitution
1,0.999,0,7,2,0,1,1,0,1,3,1,subtle_intent_drift
1,0.9469,0,7,0,0,0,0,0,0,0,0,legitimate
1,0.999,0,7,2,0,1,1,0,1,3,1,subtle_intent_drift
1,0.5891,0,7,0,0,0,0,0,0,0,0,legitimate
1,0.8511,0,9,1,0,0,0,2,0,2,0,legitimate
1,0.7025,0,7,0,0,0,0,0,0,0,0,legitimate
0,1.5,1,7,1,1,0,0,1,1,3,1,merchant_substitution
0,1.5,1,7,1,1,0,0,1,1,3,1,merchant_substitution
1,0.5287,0,7,0,0,0,0,0,0,0,0,legitimate
1,0.999,0,7,2,0,1,1,0,1,3,1,subtle_intent_drift
0,1.5,1,7,1,1,0,0,1,1,3,1,merchant_substitution
1,0.999,0,7,2,0,1,1,0,1,3,1,subtle_intent_drift
1,0.7506,0,7,0,0,0,0,0,0,0,0,legitimate
0,1.5,1,7,1,1,0,0,1,1,3,1,merchant_substitution
1,0.842,0,7,0,0,0,0,0,0,0,0,legitimate
0,1.5,1,7,1,1,0,0,1,1,3,1,merchant_substitution
1,0.999,0,7,2,0,1,1,0,1,3,1,subtle_intent_drift
1,0.5699,0,7,0,0,0,0,0,0,0,0,legitimate
1,0.999,0,7,2,0,1,1,0,1,3,1,subtle_intent_drift
1,0.6214,0,9,1,0,0,0,2,0,2,0,legitimate
1,0.5234,0,9,1,0,0,0,2,0,2,0,legitimate
1,0.9775,0,7,0,0,0,0,0,0,0,0,legitimate
1,0.999,0,7,2,0,1,1,0,1,3,1,subtle_intent_drift
0,1.5,1,7,1,1,0,0,1,1,3,1,merchant_substitution
1,0.999,0,7,2,0,1,1,0,1,3,1,subtle_intent_drift
1,0.8634,0,7,0,0,0,0,0,0,0,0,legitimate
1,0.999,0,7,2,0,1,1,0,1,3,1,subtle_intent_drift
1,0.5548,0,7,0,0,0,0,0,0,0,0,legitimate
1,0.8925,0,7,0,0,0,0,0,0,0,0,legitimate
1,0.7308,0,7,0,0,0,0,0,0,0,0,legitimate
1,0.8505,0,7,0,0,0,0,0,0,0,0,legitimate
1,0.999,0,7,2,0,1,1,0,1,3,1,subtle_intent_drift
1,0.8545,0,9,1,0,0,0,2,0,2,0,legitimate
1,0.9551,0,7,0,0,0,0,0,0,0,0,legitimate
1,0.999,0,7,2,0,1,1,0,1,3,1,subtle_intent_drift
1,0.999,0,7,2,0,1,1,0,1,3,1,subtle_intent_drift
1,0.9322,0,7,0,0,0,0,0,0,0,0,legitimate
0,1.5,1,7,1,1,0,0,1,1,3,1,merchant_substitution
1,0.894,0,9,1,0,0,0,2,0,2,0,legitimate
1,0.999,0,7,2,0,1,1,0,1,3,1,subtle_intent_drift
1,0.9463,0,9,1,0,0,0,2,0,2,0,legitimate
1,0.8353,0,7,0,0,0,0,0,0,0,0,legitimate
0,1.5,1,7,1,1,0,0,1,1,3,1,merchant_substitution
1,0.999,0,7,2,0,1,1,0,1,3,1,subtle_intent_drift
1,0.6181,0,7,0,0,0,0,0,0,0,0,legitimate
1,0.6171,0,9,1,0,0,0,2,0,2,0,legitimate
1,0.999,0,7,2,0,1,1,0,1,3,1,subtle_intent_drift
1,0.5891,0,7,0,0,0,0,0,0,0,0,legitimate
1,0.8974,0,9,1,0,0,0,2,0,2,0,legitimate
1,0.8328,0,9,1,0,0,0,2,0,2,0,legitimate
1,0.6535,0,7,0,0,0,0,0,0,0,0,legitimate
1,0.7063,0,7,0,0,0,0,0,0,0,0,legitimate
1,0.999,0,7,2,0,1,1,0,1,3,1,subtle_intent_drift
1,0.999,0,7,2,0,1,1,0,1,3,1,subtle_intent_drift
0,1.5,1,7,1,1,0,0,1,1,3,1,merchant_substitution
1,0.999,0,7,2,0,1,1,0,1,3,1,subtle_intent_drift
0,1.5,1,7,1,1,0,0,1,1,3,1,merchant_substitution
0,1.5,1,7,1,1,0,0,1,1,3,1,merchant_substitution
0,1.5,1,7,1,1,0,0,1,1,3,1,merchant_substitution
1,0.999,0,7,2,0,1,1,0,1,3,1,subtle_intent_drift
0,1.5,1,7,1,1,0,0,1,1,3,1,merchant_substitution
1,0.999,0,7,2,0,1,1,0,1,3,1,subtle_intent_drift
1,0.999,0,7,2,0,1,1,0,1,3,1,subtle_intent_drift
1,0.999,0,7,2,0,1,1,0,1,3,1,subtle_intent_drift
1,0.999,0,7,2,0,1,1,0,1,3,1,subtle_intent_drift
1,0.6442,0,7,0,0,0,0,0,0,0,0,legitimate
1,0.999,0,7,2,0,1,1,0,1,3,1,subtle_intent_drift
1,0.591,0,7,0,0,0,0,0,0,0,0,legitimate
1,0.999,0,7,2,0,1,1,0,1,3,1,subtle_intent_drift
1,0.999,0,7,2,0,1,1,0,1,3,1,subtle_intent_drift
0,1.5,1,7,1,1,0,0,1,1,3,1,merchant_substitution
1,0.999,0,7,2,0,1,1,0,1,3,1,subtle_intent_drift
1,0.999,0,7,2,0,1,1,0,1,3,1,subtle_intent_drift
1,0.6643,0,7,0,0,0,0,0,0,0,0,legitimate
1,0.949,0,7,0,0,0,0,0,0,0,0,legitimate
0,1.5,1,7,1,1,0,0,1,1,3,1,merchant_substitution
1,0.999,0,7,2,0,1,1,0,1,3,1,subtle_intent_drift
1,0.9606,0,7,0,0,0,0,0,0,0,0,legitimate
1,0.9028,0,7,0,0,0,0,0,0,0,0,legitimate
1,0.999,0,7,2,0,1,1,0,1,3,1,subtle_intent_drift
0,1.5,1,7,1,1,0,0,1,1,3,1,merchant_substitution
1,0.999,0,7,2,0,1,1,0,1,3,1,subtle_intent_drift
1,0.574,0,7,0,0,0,0,0,0,0,0,legitimate
1,0.999,0,7,2,0,1,1,0,1,3,1,subtle_intent_drift
1,0.999,0,7,2,0,1,1,0,1,3,1,subtle_intent_drift
1,0.9748,0,7,0,0,0,0,0,0,0,0,legitimate
1,0.8543,0,9,1,0,0,0,2,0,2,0,legitimate
1,0.999,0,7,2,0,1,1,0,1,3,1,subtle_intent_drift
1,0.8884,0,9,1,0,0,0,2,0,2,0,legitimate
0,1.5,1,7,1,1,0,0,1,1,3,1,merchant_substitution
0,1.5,1,7,1,1,0,0,1,1,3,1,merchant_substitution
1,0.6661,0,7,0,0,0,0,0,0,0,0,legitimate
1,0.8994,0,7,0,0,0,0,0,0,0,0,legitimate
1,0.8118,0,9,1,0,0,0,2,0,2,0,legitimate
1,0.7373,0,7,0,0,0,0,0,0,0,0,legitimate
1,0.7526,0,7,0,0,0,0,0,0,0,0,legitimate
1,0.999,0,7,2,0,1,1,0,1,3,1,subtle_intent_drift
1,0.999,0,7,2,0,1,1,0,1,3,1,subtle_intent_drift
0,1.5,1,7,1,1,0,0,1,1,3,1,merchant_substitution
1,0.5892,0,7,0,0,0,0,0,0,0,0,legitimate
1,0.999,0,7,2,0,1,1,0,1,3,1,subtle_intent_drift
1,0.999,0,7,2,0,1,1,0,1,3,1,subtle_intent_drift
1,0.5786,0,7,0,0,0,0,0,0,0,0,legitimate
1,0.6111,0,9,1,0,0,0,2,0,2,0,legitimate
1,0.7173,0,7,0,0,0,0,0,0,0,0,legitimate
1,0.6288,0,7,0,0,0,0,0,0,0,0,legitimate
1,0.999,0,7,2,0,1,1,0,1,3,1,subtle_intent_drift
1,0.999,0,7,2,0,1,1,0,1,3,1,subtle_intent_drift
1,0.7958,0,7,0,0,0,0,0,0,0,0,legitimate
1,0.999,0,7,2,0,1,1,0,1,3,1,subtle_intent_drift
1,0.8605,0,9,1,0,0,0,2,0,2,0,legitimate
1,0.999,0,7,2,0,1,1,0,1,3,1,subtle_intent_drift
1,0.6768,0,7,0,0,0,0,0,0,0,0,legitimate
0,1.5,1,7,1,1,0,0,1,1,3,1,merchant_substitution
1,0.999,0,7,2,0,1,1,0,1,3,1,subtle_intent_drift
0,1.5,1,7,1,1,0,0,1,1,3,1,merchant_substitution
0,1.5,1,7,1,1,0,0,1,1,3,1,merchant_substitution
1,0.999,0,7,2,0,1,1,0,1,3,1,subtle_intent_drift
1,0.681,0,9,1,0,0,0,2,0,2,0,legitimate
1,0.7297,0,7,0,0,0,0,0,0,0,0,legitimate
0,1.5,1,7,1,1,0,0,1,1,3,1,merchant_substitution
1,0.999,0,7,2,0,1,1,0,1,3,1,subtle_intent_drift
0,1.5,1,7,1,1,0,0,1,1,3,1,merchant_substitution
0,1.5,1,7,1,1,0,0,1,1,3,1,merchant_substitution
1,0.7995,0,9,1,0,0,0,2,0,2,0,legitimate
0,1.5,1,7,1,1,0,0,1,1,3,1,merchant_substitution
0,1.5,1,7,1,1,0,0,1,1,3,1,merchant_substitution
1,0.501,0,7,0,0,0,0,0,0,0,0,legitimate
0,1.5,1,7,1,1,0,0,1,1,3,1,merchant_substitution
1,0.7193,0,9,1,0,0,0,2,0,2,0,legitimate
1,0.5845,0,7,0,0,0,0,0,0,0,0,legitimate
1,0.5285,0,7,0,0,0,0,0,0,0,0,legitimate
1,0.5635,0,7,0,0,0,0,0,0,0,0,legitimate
1,0.999,0,7,2,0,1,1,0,1,3,1,subtle_intent_drift
1,0.7026,0,7,0,0,0,0,0,0,0,0,legitimate
1,0.999,0,7,2,0,1,1,0,1,3,1,subtle_intent_drift
1,0.7834,0,7,0,0,0,0,0,0,0,0,legitimate
1,0.598,0,7,0,0,0,0,0,0,0,0,legitimate
1,0.91,0,7,0,0,0,0,0,0,0,0,legitimate
1,0.8597,0,7,0,0,0,0,0,0,0,0,legitimate
1,0.7777,0,7,0,0,0,0,0,0,0,0,legitimate
1,0.999,0,7,2,0,1,1,0,1,3,1,subtle_intent_drift
0,1.5,1,7,1,1,0,0,1,1,3,1,merchant_substitution
1,0.5412,0,7,0,0,0,0,0,0,0,0,legitimate
1,0.6592,0,7,0,0,0,0,0,0,0,0,legitimate
1,0.999,0,7,2,0,1,1,0,1,3,1,subtle_intent_drift
1,0.7951,0,7,0,0,0,0,0,0,0,0,legitimate
1,0.7607,0,7,0,0,0,0,0,0,0,0,legitimate
1,0.999,0,7,2,0,1,1,0,1,3,1,subtle_intent_drift
0,1.5,1,7,1,1,0,0,1,1,3,1,merchant_substitution
1,0.999,0,7,2,0,1,1,0,1,3,1,subtle_intent_drift
1,0.5696,0,9,1,0,0,0,2,0,2,0,legitimate
1,0.8043,0,9,1,0,0,0,2,0,2,0,legitimate
1,0.692,0,7,0,0,0,0,0,0,0,0,legitimate
0,1.5,1,7,1,1,0,0,1,1,3,1,merchant_substitution
1,0.7871,0,7,0,0,0,0,0,0,0,0,legitimate
1,0.999,0,7,2,0,1,1,0,1,3,1,subtle_intent_drift
0,1.5,1,7,1,1,0,0,1,1,3,1,merchant_substitution
1,0.8969,0,7,0,0,0,0,0,0,0,0,legitimate
0,1.5,1,7,1,1,0,0,1,1,3,1,merchant_substitution
1,0.5849,0,7,0,0,0,0,0,0,0,0,legitimate
0,1.5,1,7,1,1,0,0,1,1,3,1,merchant_substitution
1,0.865,0,9,1,0,0,0,2,0,2,0,legitimate
1,0.8025,0,7,0,0,0,0,0,0,0,0,legitimate
1,0.7513,0,7,0,0,0,0,0,0,0,0,legitimate
1,0.8418,0,7,0,0,0,0,0,0,0,0,legitimate
0,1.5,1,7,1,1,0,0,1,1,3,1,merchant_substitution
1,0.7149,0,7,0,0,0,0,0,0,0,0,legitimate
0,1.5,1,7,1,1,0,0,1,1,3,1,merchant_substitution
0,1.5,1,7,1,1,0,0,1,1,3,1,merchant_substitution
1,0.6703,0,7,0,0,0,0,0,0,0,0,legitimate
1,0.999,0,7,2,0,1,1,0,1,3,1,subtle_intent_drift
1,0.7314,0,9,1,0,0,0,2,0,2,0,legitimate
1,0.6133,0,7,0,0,0,0,0,0,0,0,legitimate
1,0.999,0,7,2,0,1,1,0,1,3,1,subtle_intent_drift
1,0.5666,0,7,0,0,0,0,0,0,0,0,legitimate
1,0.999,0,7,2,0,1,1,0,1,3,1,subtle_intent_drift
1,0.9438,0,7,0,0,0,0,0,0,0,0,legitimate
1,0.5106,0,7,0,0,0,0,0,0,0,0,legitimate
1,0.999,0,7,2,0,1,1,0,1,3,1,subtle_intent_drift
1,0.999,0,7,2,0,1,1,0,1,3,1,subtle_intent_drift
1,0.999,0,7,2,0,1,1,0,1,3,1,subtle_intent_drift
1,0.5877,0,9,1,0,0,0,2,0,2,0,legitimate
1,0.9386,0,9,1,0,0,0,2,0,2,0,legitimate
1,0.6386,0,9,1,0,0,0,2,0,2,0,legitimate
0,1.5,1,7,1,1,0,0,1,1,3,1,merchant_substitution
1,0.999,0,7,2,0,1,1,0,1,3,1,subtle_intent_drift
1,0.948,0,9,1,0,0,0,2,0,2,0,legitimate
0,1.5,1,7,1,1,0,0,1,1,3,1,merchant_substitution
1,0.8414,0,9,1,0,0,0,2,0,2,0,legitimate
1,0.544,0,7,0,0,0,0,0,0,0,0,legitimate
0,1.5,1,7,1,1,0,0,1,1,3,1,merchant_substitution
1,0.999,0,7,2,0,1,1,0,1,3,1,subtle_intent_drift
0,1.5,1,7,1,1,0,0,1,1,3,1,merchant_substitution
1,0.714,0,9,1,0,0,0,2,0,2,0,legitimate
1,0.8391,0,9,1,0,0,0,2,0,2,0,legitimate
1,0.999,0,7,2,0,1,1,0,1,3,1,subtle_intent_drift
0,1.5,1,7,1,1,0,0,1,1,3,1,merchant_substitution
0,1.5,1,7,1,1,0,0,1,1,3,1,merchant_substitution
1,0.999,0,7,2,0,1,1,0,1,3,1,subtle_intent_drift
1,0.8127,0,7,0,0,0,0,0,0,0,0,legitimate
0,1.5,1,7,1,1,0,0,1,1,3,1,merchant_substitution
1,0.707,0,7,0,0,0,0,0,0,0,0,legitimate
1,0.7261,0,9,1,0,0,0,2,0,2,0,legitimate
1,0.5335,0,7,0,0,0,0,0,0,0,0,legitimate
1,0.5358,0,9,1,0,0,0,2,0,2,0,legitimate
1,0.5821,0,7,0,0,0,0,0,0,0,0,legitimate
1,0.7573,0,7,0,0,0,0,0,0,0,0,legitimate
1,0.5647,0,7,0,0,0,0,0,0,0,0,legitimate
1,0.6012,0,9,1,0,0,0,2,0,2,0,legitimate
1,0.9579,0,7,0,0,0,0,0,0,0,0,legitimate
1,0.74,0,9,1,0,0,0,2,0,2,0,legitimate
0,1.5,1,7,1,1,0,0,1,1,3,1,merchant_substitution
1,0.7741,0,7,0,0,0,0,0,0,0,0,legitimate
1,0.6203,0,7,0,0,0,0,0,0,0,0,legitimate
1,0.999,0,7,2,0,1,1,0,1,3,1,subtle_intent_drift
0,1.5,1,7,1,1,0,0,1,1,3,1,merchant_substitution
1,0.8053,0,7,0,0,0,0,0,0,0,0,legitimate
1,0.5185,0,9,1,0,0,0,2,0,2,0,legitimate
1,0.8655,0,7,0,0,0,0,0,0,0,0,legitimate
0,1.5,1,7,1,1,0,0,1,1,3,1,merchant_substitution
1,0.8352,0,7,0,0,0,0,0,0,0,0,legitimate
0,1.5,1,7,1,1,0,0,1,1,3,1,merchant_substitution
1,0.8164,0,7,0,0,0,0,0,0,0,0,legitimate
1,0.5183,0,7,0,0,0,0,0,0,0,0,legitimate
1,0.8315,0,7,0,0,0,0,0,0,0,0,legitimate
1,0.9327,0,9,1,0,0,0,2,0,2,0,legitimate
1,0.5235,0,7,0,0,0,0,0,0,0,0,legitimate
1,0.999,0,7,2,0,1,1,0,1,3,1,subtle_intent_drift
1,0.5428,0,7,0,0,0,0,0,0,0,0,legitimate
1,0.7458,0,7,0,0,0,0,0,0,0,0,legitimate
1,0.999,0,7,2,0,1,1,0,1,3,1,subtle_intent_drift
1,0.9717,0,7,0,0,0,0,0,0,0,0,legitimate
1,0.999,0,7,2,0,1,1,0,1,3,1,subtle_intent_drift
1,0.999,0,7,2,0,1,1,0,1,3,1,subtle_intent_drift
1,0.5274,0,7,0,0,0,0,0,0,0,0,legitimate
0,1.5,1,7,1,1,0,0,1,1,3,1,merchant_substitution
0,1.5,1,7,1,1,0,0,1,1,3,1,merchant_substitution
1,0.999,0,7,2,0,1,1,0,1,3,1,subtle_intent_drift
1,0.9463,0,7,0,0,0,0,0,0,0,0,legitimate
0,1.5,1,7,1,1,0,0,1,1,3,1,merchant_substitution
1,0.999,0,7,2,0,1,1,0,1,3,1,subtle_intent_drift
1,0.6463,0,9,1,0,0,0,2,0,2,0,legitimate
1,0.999,0,7,2,0,1,1,0,1,3,1,subtle_intent_drift
1,0.999,0,7,2,0,1,1,0,1,3,1,subtle_intent_drift
1,0.999,0,7,2,0,1,1,0,1,3,1,subtle_intent_drift
1,0.8429,0,9,1,0,0,0,2,0,2,0,legitimate
1,0.5442,0,7,0,0,0,0,0,0,0,0,legitimate
1,0.999,0,7,2,0,1,1,0,1,3,1,subtle_intent_drift
0,1.5,1,7,1,1,0,0,1,1,3,1,merchant_substitution
1,0.999,0,7,2,0,1,1,0,1,3,1,subtle_intent_drift
1,0.999,0,7,2,0,1,1,0,1,3,1,subtle_intent_drift
0,1.5,1,7,1,1,0,0,1,1,3,1,merchant_substitution
0,1.5,1,7,1,1,0,0,1,1,3,1,merchant_substitution
1,0.6959,0,7,0,0,0,0,0,0,0,0,legitimate
1,0.7634,0,7,0,0,0,0,0,0,0,0,legitimate
1,0.7656,0,7,0,0,0,0,0,0,0,0,legitimate
1,0.5952,0,9,1,0,0,0,2,0,2,0,legitimate
1,0.999,0,7,2,0,1,1,0,1,3,1,subtle_intent_drift
1,0.999,0,7,2,0,1,1,0,1,3,1,subtle_intent_drift
1,0.7258,0,7,0,0,0,0,0,0,0,0,legitimate
1,0.6376,0,7,0,0,0,0,0,0,0,0,legitimate
1,0.999,0,7,2,0,1,1,0,1,3,1,subtle_intent_drift
1,0.999,0,7,2,0,1,1,0,1,3,1,subtle_intent_drift
0,1.5,1,7,1,1,0,0,1,1,3,1,merchant_substitution
1,0.999,0,7,2,0,1,1,0,1,3,1,subtle_intent_drift
0,1.5,1,7,1,1,0,0,1,1,3,1,merchant_substitution
1,0.7787,0,7,0,0,0,0,0,0,0,0,legitimate
1,0.5688,0,7,0,0,0,0,0,0,0,0,legitimate
0,1.5,1,7,1,1,0,0,1,1,3,1,merchant_substitution
1,0.999,0,7,2,0,1,1,0,1,3,1,subtle_intent_drift
1,0.709,0,7,0,0,0,0,0,0,0,0,legitimate
0,1.5,1,7,1,1,0,0,1,1,3,1,merchant_substitution
1,0.999,0,7,2,0,1,1,0,1,3,1,subtle_intent_drift
1,0.999,0,7,2,0,1,1,0,1,3,1,subtle_intent_drift
0,1.5,1,7,1,1,0,0,1,1,3,1,merchant_substitution
1,0.8345,0,7,0,0,0,0,0,0,0,0,legitimate
1,0.999,0,7,2,0,1,1,0,1,3,1,subtle_intent_drift
1,0.9188,0,7,0,0,0,0,0,0,0,0,legitimate
1,0.999,0,7,2,0,1,1,0,1,3,1,subtle_intent_drift
1,0.7084,0,9,1,0,0,0,2,0,2,0,legitimate
0,1.5,1,7,1,1,0,0,1,1,3,1,merchant_substitution
1,0.7326,0,7,0,0,0,0,0,0,0,0,legitimate
0,1.5,1,7,1,1,0,0,1,1,3,1,merchant_substitution
1,0.5324,0,7,0,0,0,0,0,0,0,0,legitimate
1,0.6414,0,7,0,0,0,0,0,0,0,0,legitimate
1,0.999,0,7,2,0,1,1,0,1,3,1,subtle_intent_drift
1,0.743,0,9,1,0,0,0,2,0,2,0,legitimate
1,0.999,0,7,2,0,1,1,0,1,3,1,subtle_intent_drift
1,0.7421,0,9,1,0,0,0,2,0,2,0,legitimate
0,1.5,1,7,1,1,0,0,1,1,3,1,merchant_substitution
1,0.999,0,7,2,0,1,1,0,1,3,1,subtle_intent_drift
1,0.999,0,7,2,0,1,1,0,1,3,1,subtle_intent_drift
0,1.5,1,7,1,1,0,0,1,1,3,1,merchant_substitution
0,1.5,1,7,1,1,0,0,1,1,3,1,merchant_substitution
0,1.5,1,7,1,1,0,0,1,1,3,1,merchant_substitution
1,0.999,0,7,2,0,1,1,0,1,3,1,subtle_intent_drift
1,0.6051,0,7,0,0,0,0,0,0,0,0,legitimate
1,0.5209,0,9,1,0,0,0,2,0,2,0,legitimate
1,0.618,0,9,1,0,0,0,2,0,2,0,legitimate
1,0.6411,0,7,0,0,0,0,0,0,0,0,legitimate
1,0.999,0,7,2,0,1,1,0,1,3,1,subtle_intent_drift
1,0.999,0,7,2,0,1,1,0,1,3,1,subtle_intent_drift
1,0.9352,0,7,0,0,0,0,0,0,0,0,legitimate
1,0.6135,0,7,0,0,0,0,0,0,0,0,legitimate
0,1.5,1,7,1,1,0,0,1,1,3,1,merchant_substitution
0,1.5,1,7,1,1,0,0,1,1,3,1,merchant_substitution
1,0.6048,0,7,0,0,0,0,0,0,0,0,legitimate
1,0.8233,0,7,0,0,0,0,0,0,0,0,legitimate
1,0.95,0,7,0,0,0,0,0,0,0,0,legitimate
1,0.999,0,7,2,0,1,1,0,1,3,1,subtle_intent_drift
1,0.999,0,7,2,0,1,1,0,1,3,1,subtle_intent_drift
1,0.9103,0,7,0,0,0,0,0,0,0,0,legitimate
1,0.999,0,7,2,0,1,1,0,1,3,1,subtle_intent_drift
1,0.888,0,9,1,0,0,0,2,0,2,0,legitimate
0,1.5,1,7,1,1,0,0,1,1,3,1,merchant_substitution
1,0.5358,0,7,0,0,0,0,0,0,0,0,legitimate
1,0.9219,0,7,0,0,0,0,0,0,0,0,legitimate
0,1.5,1,7,1,1,0,0,1,1,3,1,merchant_substitution
1,0.999,0,7,2,0,1,1,0,1,3,1,subtle_intent_drift
0,1.5,1,7,1,1,0,0,1,1,3,1,merchant_substitution
0,1.5,1,7,1,1,0,0,1,1,3,1,merchant_substitution
1,0.6926,0,9,1,0,0,0,2,0,2,0,legitimate
1,0.999,0,7,2,0,1,1,0,1,3,1,subtle_intent_drift
0,1.5,1,7,1,1,0,0,1,1,3,1,merchant_substitution
1,0.6459,0,7,0,0,0,0,0,0,0,0,legitimate
0,1.5,1,7,1,1,0,0,1,1,3,1,merchant_substitution
1,0.999,0,7,2,0,1,1,0,1,3,1,subtle_intent_drift
1,0.8925,0,7,0,0,0,0,0,0,0,0,legitimate
0,1.5,1,7,1,1,0,0,1,1,3,1,merchant_substitution
1,0.8096,0,9,1,0,0,0,2,0,2,0,legitimate
0,1.5,1,7,1,1,0,0,1,1,3,1,merchant_substitution
1,0.7166,0,7,0,0,0,0,0,0,0,0,legitimate
0,1.5,1,7,1,1,0,0,1,1,3,1,merchant_substitution
0,1.5,1,7,1,1,0,0,1,1,3,1,merchant_substitution
0,1.5,1,7,1,1,0,0,1,1,3,1,merchant_substitution
1,0.7243,0,7,0,0,0,0,0,0,0,0,legitimate
1,0.7546,0,7,0,0,0,0,0,0,0,0,legitimate
0,1.5,1,7,1,1,0,0,1,1,3,1,merchant_substitution
0,1.5,1,7,1,1,0,0,1,1,3,1,merchant_substitution
0,1.5,1,7,1,1,0,0,1,1,3,1,merchant_substitution
1,0.999,0,7,2,0,1,1,0,1,3,1,subtle_intent_drift
1,0.8123,0,7,0,0,0,0,0,0,0,0,legitimate
1,0.6435,0,7,0,0,0,0,0,0,0,0,legitimate
0,1.5,1,7,1,1,0,0,1,1,3,1,merchant_substitution
1,0.7794,0,9,1,0,0,0,2,0,2,0,legitimate
1,0.6208,0,7,0,0,0,0,0,0,0,0,legitimate
1,0.999,0,7,2,0,1,1,0,1,3,1,subtle_intent_drift
1,0.999,0,7,2,0,1,1,0,1,3,1,subtle_intent_drift
1,0.8065,0,9,1,0,0,0,2,0,2,0,legitimate
0,1.5,1,7,1,1,0,0,1,1,3,1,merchant_substitution
1,0.7756,0,7,0,0,0,0,0,0,0,0,legitimate
0,1.5,1,7,1,1,0,0,1,1,3,1,merchant_substitution
1,0.999,0,7,2,0,1,1,0,1,3,1,subtle_intent_drift
1,0.7091,0,7,0,0,0,0,0,0,0,0,legitimate
1,0.6046,0,9,1,0,0,0,2,0,2,0,legitimate
1,0.999,0,7,2,0,1,1,0,1,3,1,subtle_intent_drift
1,0.999,0,7,2,0,1,1,0,1,3,1,subtle_intent_drift
1,0.999,0,7,2,0,1,1,0,1,3,1,subtle_intent_drift
1,0.999,0,7,2,0,1,1,0,1,3,1,subtle_intent_drift
1,0.999,0,7,2,0,1,1,0,1,3,1,subtle_intent_drift
1,0.7102,0,7,0,0,0,0,0,0,0,0,legitimate
1,0.999,0,7,2,0,1,1,0,1,3,1,subtle_intent_drift
1,0.9749,0,7,0,0,0,0,0,0,0,0,legitimate
1,0.8253,0,7,0,0,0,0,0,0,0,0,legitimate
1,0.999,0,7,2,0,1,1,0,1,3,1,subtle_intent_drift
1,0.7853,0,7,0,0,0,0,0,0,0,0,legitimate
1,0.6524,0,7,0,0,0,0,0,0,0,0,legitimate
1,0.6145,0,7,0,0,0,0,0,0,0,0,legitimate
0,1.5,1,7,1,1,0,0,1,1,3,1,merchant_substitution
0,1.5,1,7,1,1,0,0,1,1,3,1,merchant_substitution
1,0.999,0,7,2,0,1,1,0,1,3,1,subtle_intent_drift
1,0.6153,0,9,1,0,0,0,2,0,2,0,legitimate
0,1.5,1,7,1,1,0,0,1,1,3,1,merchant_substitution
0,1.5,1,7,1,1,0,0,1,1,3,1,merchant_substitution
1,0.8734,0,7,0,0,0,0,0,0,0,0,legitimate
1,0.999,0,7,2,0,1,1,0,1,3,1,subtle_intent_drift
1,0.6959,0,7,0,0,0,0,0,0,0,0,legitimate
1,0.5907,0,9,1,0,0,0,2,0,2,0,legitimate
1,0.7658,0,7,0,0,0,0,0,0,0,0,legitimate
0,1.5,1,7,1,1,0,0,1,1,3,1,merchant_substitution
1,0.9136,0,7,0,0,0,0,0,0,0,0,legitimate
1,0.9619,0,9,1,0,0,0,2,0,2,0,legitimate
0,1.5,1,7,1,1,0,0,1,1,3,1,merchant_substitution
1,0.999,0,7,2,0,1,1,0,1,3,1,subtle_intent_drift
1,0.5953,0,9,1,0,0,0,2,0,2,0,legitimate
1,0.999,0,7,2,0,1,1,0,1,3,1,subtle_intent_drift
1,0.9469,0,7,0,0,0,0,0,0,0,0,legitimate
1,0.5901,0,7,0,0,0,0,0,0,0,0,legitimate
1,0.6312,0,9,1,0,0,0,2,0,2,0,legitimate
1,0.6208,0,7,0,0,0,0,0,0,0,0,legitimate
0,1.5,1,7,1,1,0,0,1,1,3,1,merchant_substitution
1,0.8891,0,9,1,0,0,0,2,0,2,0,legitimate
1,0.999,0,7,2,0,1,1,0,1,3,1,subtle_intent_drift
1,0.9773,0,7,0,0,0,0,0,0,0,0,legitimate
0,1.5,1,7,1,1,0,0,1,1,3,1,merchant_substitution
0,1.5,1,7,1,1,0,0,1,1,3,1,merchant_substitution
1,0.999,0,7,2,0,1,1,0,1,3,1,subtle_intent_drift
0,1.5,1,7,1,1,0,0,1,1,3,1,merchant_substitution
1,0.6697,0,9,1,0,0,0,2,0,2,0,legitimate
0,1.5,1,7,1,1,0,0,1,1,3,1,merchant_substitution
1,0.7675,0,7,0,0,0,0,0,0,0,0,legitimate
0,1.5,1,7,1,1,0,0,1,1,3,1,merchant_substitution
1,0.999,0,7,2,0,1,1,0,1,3,1,subtle_intent_drift
1,0.999,0,7,2,0,1,1,0,1,3,1,subtle_intent_drift
1,0.8077,0,7,0,0,0,0,0,0,0,0,legitimate
1,0.9751,0,7,0,0,0,0,0,0,0,0,legitimate
1,0.999,0,7,2,0,1,1,0,1,3,1,subtle_intent_drift
0,1.5,1,7,1,1,0,0,1,1,3,1,merchant_substitution
1,0.7748,0,7,0,0,0,0,0,0,0,0,legitimate
1,0.9419,0,9,1,0,0,0,2,0,2,0,legitimate
1,0.5089,0,7,0,0,0,0,0,0,0,0,legitimate
1,0.8728,0,7,0,0,0,0,0,0,0,0,legitimate
1,0.999,0,7,2,0,1,1,0,1,3,1,subtle_intent_drift
0,1.5,1,7,1,1,0,0,1,1,3,1,merchant_substitution
1,0.6485,0,7,0,0,0,0,0,0,0,0,legitimate
1,0.999,0,7,2,0,1,1,0,1,3,1,subtle_intent_drift
1,0.7992,0,7,0,0,0,0,0,0,0,0,legitimate
0,1.5,1,7,1,1,0,0,1,1,3,1,merchant_substitution
1,0.6304,0,7,0,0,0,0,0,0,0,0,legitimate
0,1.5,1,7,1,1,0,0,1,1,3,1,merchant_substitution
0,1.5,1,7,1,1,0,0,1,1,3,1,merchant_substitution
0,1.5,1,7,1,1,0,0,1,1,3,1,merchant_substitution
1,0.7843,0,7,0,0,0,0,0,0,0,0,legitimate
1,0.5241,0,7,0,0,0,0,0,0,0,0,legitimate
1,0.9084,0,9,1,0,0,0,2,0,2,0,legitimate
0,1.5,1,7,1,1,0,0,1,1,3,1,merchant_substitution
1,0.999,0,7,2,0,1,1,0,1,3,1,subtle_intent_drift
1,0.675,0,9,1,0,0,0,2,0,2,0,legitimate
1,0.5352,0,9,1,0,0,0,2,0,2,0,legitimate
1,0.9112,0,7,0,0,0,0,0,0,0,0,legitimate
0,1.5,1,7,1,1,0,0,1,1,3,1,merchant_substitution
0,1.5,1,7,1,1,0,0,1,1,3,1,merchant_substitution
0,1.5,1,7,1,1,0,0,1,1,3,1,merchant_substitution
1,0.999,0,7,2,0,1,1,0,1,3,1,subtle_intent_drift
0,1.5,1,7,1,1,0,0,1,1,3,1,merchant_substitution
1,0.9517,0,9,1,0,0,0,2,0,2,0,legitimate
1,0.797,0,7,0,0,0,0,0,0,0,0,legitimate
1,0.999,0,7,2,0,1,1,0,1,3,1,subtle_intent_drift
1,0.8825,0,9,1,0,0,0,2,0,2,0,legitimate
1,0.999,0,7,2,0,1,1,0,1,3,1,subtle_intent_drift
1,0.8978,0,7,0,0,0,0,0,0,0,0,legitimate
1,0.6443,0,7,0,0,0,0,0,0,0,0,legitimate
1,0.7269,0,7,0,0,0,0,0,0,0,0,legitimate
1,0.9117,0,9,1,0,0,0,2,0,2,0,legitimate
1,0.5666,0,7,0,0,0,0,0,0,0,0,legitimate
1,0.9784,0,9,1,0,0,0,2,0,2,0,legitimate
0,1.5,1,7,1,1,0,0,1,1,3,1,merchant_substitution
1,0.9602,0,7,0,0,0,0,0,0,0,0,legitimate
1,0.8376,0,7,0,0,0,0,0,0,0,0,legitimate
1,0.9555,0,7,0,0,0,0,0,0,0,0,legitimate
1,0.6476,0,7,0,0,0,0,0,0,0,0,legitimate
1,0.999,0,7,2,0,1,1,0,1,3,1,subtle_intent_drift
1,0.8256,0,7,0,0,0,0,0,0,0,0,legitimate
1,0.9779,0,7,0,0,0,0,0,0,0,0,legitimate
0,1.5,1,7,1,1,0,0,1,1,3,1,merchant_substitution
1,0.8247,0,7,0,0,0,0,0,0,0,0,legitimate
1,0.9231,0,7,0,0,0,0,0,0,0,0,legitimate
1,0.999,0,7,2,0,1,1,0,1,3,1,subtle_intent_drift
1,0.999,0,7,2,0,1,1,0,1,3,1,subtle_intent_drift
1,0.8609,0,7,0,0,0,0,0,0,0,0,legitimate
0,1.5,1,7,1,1,0,0,1,1,3,1,merchant_substitution
1,0.999,0,7,2,0,1,1,0,1,3,1,subtle_intent_drift
1,0.9117,0,7,0,0,0,0,0,0,0,0,legitimate
1,0.6689,0,9,1,0,0,0,2,0,2,0,legitimate
1,0.9525,0,7,0,0,0,0,0,0,0,0,legitimate
0,1.5,1,7,1,1,0,0,1,1,3,1,merchant_substitution
1,0.999,0,7,2,0,1,1,0,1,3,1,subtle_intent_drift
1,0.999,0,7,2,0,1,1,0,1,3,1,subtle_intent_drift
1,0.999,0,7,2,0,1,1,0,1,3,1,subtle_intent_drift
1,0.7308,0,7,0,0,0,0,0,0,0,0,legitimate
1,0.5768,0,7,0,0,0,0,0,0,0,0,legitimate
1,0.5458,0,7,0,0,0,0,0,0,0,0,legitimate
